<root>
<addskill id="10001" name ="力量" grouping="1" pskill_id="" isweapons="2" ishead="2" isclothes="1" isleggings="1" isshoes="1" isshoulder="1" isgloves="1" isnecklace="1" isring="1"/>
<addskill id="10002" name ="敏捷" grouping="1" pskill_id="" isweapons="2" ishead="2" isclothes="1" isleggings="1" isshoes="1" isshoulder="1" isgloves="1" isnecklace="1" isring="1"/>
<addskill id="10003" name ="智力" grouping="1" pskill_id="" isweapons="2" ishead="2" isclothes="1" isleggings="1" isshoes="1" isshoulder="1" isgloves="1" isnecklace="1" isring="1"/>
<addskill id="10004" name ="耐力" grouping="1" pskill_id="" isweapons="2" ishead="2" isclothes="1" isleggings="1" isshoes="1" isshoulder="1" isgloves="1" isnecklace="1" isring="1"/>
<addskill id="10005" name ="攻击" grouping="1" pskill_id="" isweapons="2" ishead="2" isclothes="1" isleggings="1" isshoes="1" isshoulder="1" isgloves="1" isnecklace="1" isring="1"/>
<addskill id="10006" name ="护甲" grouping="1" pskill_id="" isweapons="2" ishead="2" isclothes="1" isleggings="1" isshoes="1" isshoulder="1" isgloves="1" isnecklace="1" isring="1"/>
<addskill id="10007" name ="生命值" grouping="1" pskill_id="" isweapons="2" ishead="2" isclothes="1" isleggings="1" isshoes="1" isshoulder="1" isgloves="1" isnecklace="1" isring="1"/>
<addskill id="10008" name ="命中" grouping="1" pskill_id="" isweapons="2" ishead="2" isclothes="1" isleggings="1" isshoes="1" isshoulder="1" isgloves="1" isnecklace="1" isring="1"/>
<addskill id="10009" name ="闪避" grouping="1" pskill_id="" isweapons="2" ishead="2" isclothes="1" isleggings="1" isshoes="1" isshoulder="1" isgloves="1" isnecklace="1" isring="1"/>
<addskill id="10010" name ="暴击" grouping="1" pskill_id="" isweapons="2" ishead="2" isclothes="1" isleggings="1" isshoes="1" isshoulder="1" isgloves="1" isnecklace="1" isring="1"/>
<addskill id="10011" name ="暴抗" grouping="1" pskill_id="" isweapons="1" ishead="1" isclothes="1" isleggings="1" isshoes="1" isshoulder="1" isgloves="1" isnecklace="1" isring="1"/>
<addskill id="10012" name ="暴伤" grouping="1" pskill_id="" isweapons="1" ishead="1" isclothes="1" isleggings="1" isshoes="1" isshoulder="1" isgloves="1" isnecklace="1" isring="1"/>
<addskill id="10013" name ="暴免" grouping="1" pskill_id="" isweapons="1" ishead="1" isclothes="1" isleggings="1" isshoes="1" isshoulder="1" isgloves="1" isnecklace="1" isring="1"/>
<addskill id="10014" name ="减伤" grouping="1" pskill_id="" isweapons="1" ishead="1" isclothes="1" isleggings="1" isshoes="1" isshoulder="1" isgloves="1" isnecklace="1" isring="1"/>
<addskill id="10015" name ="减cd" grouping="1" pskill_id="" isweapons="1" ishead="1" isclothes="1" isleggings="1" isshoes="1" isshoulder="1" isgloves="1" isnecklace="1" isring="1"/>
<addskill id="10016" name ="减cd固定值" grouping="1" pskill_id="" isweapons="1" ishead="1" isclothes="1" isleggings="1" isshoes="1" isshoulder="1" isgloves="1" isnecklace="1" isring="1"/>
<addskill id="10017" name ="技能增伤" grouping="1" pskill_id="" isweapons="1" ishead="1" isclothes="1" isleggings="1" isshoes="1" isshoulder="1" isgloves="1" isnecklace="1" isring="1"/>
<addskill id="10018" name ="移动速度" grouping="1" pskill_id="" isweapons="1" ishead="1" isclothes="1" isleggings="1" isshoes="1" isshoulder="1" isgloves="1" isnecklace="1" isring="1"/>
<addskill id="10019" name ="力量" grouping="2" pskill_id="" isweapons="2" ishead="2" isclothes="1" isleggings="1" isshoes="1" isshoulder="1" isgloves="1" isnecklace="1" isring="1"/>
<addskill id="10020" name ="敏捷" grouping="2" pskill_id="" isweapons="2" ishead="2" isclothes="1" isleggings="1" isshoes="1" isshoulder="1" isgloves="1" isnecklace="1" isring="1"/>
<addskill id="10021" name ="智力" grouping="2" pskill_id="" isweapons="2" ishead="2" isclothes="1" isleggings="1" isshoes="1" isshoulder="1" isgloves="1" isnecklace="1" isring="1"/>
<addskill id="10022" name ="耐力" grouping="2" pskill_id="" isweapons="2" ishead="2" isclothes="1" isleggings="1" isshoes="1" isshoulder="1" isgloves="1" isnecklace="1" isring="1"/>
<addskill id="10023" name ="攻击" grouping="2" pskill_id="" isweapons="2" ishead="2" isclothes="1" isleggings="1" isshoes="1" isshoulder="1" isgloves="1" isnecklace="1" isring="1"/>
<addskill id="10024" name ="护甲" grouping="2" pskill_id="" isweapons="2" ishead="2" isclothes="1" isleggings="1" isshoes="1" isshoulder="1" isgloves="1" isnecklace="1" isring="1"/>
<addskill id="10025" name ="生命值" grouping="2" pskill_id="" isweapons="2" ishead="2" isclothes="1" isleggings="1" isshoes="1" isshoulder="1" isgloves="1" isnecklace="1" isring="1"/>
<addskill id="10026" name ="命中" grouping="2" pskill_id="" isweapons="2" ishead="2" isclothes="1" isleggings="1" isshoes="1" isshoulder="1" isgloves="1" isnecklace="1" isring="1"/>
<addskill id="10027" name ="闪避" grouping="2" pskill_id="" isweapons="2" ishead="2" isclothes="1" isleggings="1" isshoes="1" isshoulder="1" isgloves="1" isnecklace="1" isring="1"/>
<addskill id="10028" name ="暴击" grouping="2" pskill_id="" isweapons="2" ishead="2" isclothes="1" isleggings="1" isshoes="1" isshoulder="1" isgloves="1" isnecklace="1" isring="1"/>
<addskill id="10029" name ="暴抗" grouping="2" pskill_id="" isweapons="1" ishead="1" isclothes="1" isleggings="1" isshoes="1" isshoulder="1" isgloves="1" isnecklace="1" isring="1"/>
<addskill id="10030" name ="暴伤" grouping="2" pskill_id="" isweapons="1" ishead="1" isclothes="1" isleggings="1" isshoes="1" isshoulder="1" isgloves="1" isnecklace="1" isring="1"/>
<addskill id="10031" name ="暴免" grouping="2" pskill_id="" isweapons="1" ishead="1" isclothes="1" isleggings="1" isshoes="1" isshoulder="1" isgloves="1" isnecklace="1" isring="1"/>
<addskill id="10032" name ="减伤" grouping="2" pskill_id="" isweapons="1" ishead="1" isclothes="1" isleggings="1" isshoes="1" isshoulder="1" isgloves="1" isnecklace="1" isring="1"/>
<addskill id="10033" name ="减cd" grouping="2" pskill_id="" isweapons="1" ishead="1" isclothes="1" isleggings="1" isshoes="1" isshoulder="1" isgloves="1" isnecklace="1" isring="1"/>
<addskill id="10034" name ="减cd固定值" grouping="2" pskill_id="" isweapons="1" ishead="1" isclothes="1" isleggings="1" isshoes="1" isshoulder="1" isgloves="1" isnecklace="1" isring="1"/>
<addskill id="10035" name ="技能增伤" grouping="2" pskill_id="" isweapons="1" ishead="1" isclothes="1" isleggings="1" isshoes="1" isshoulder="1" isgloves="1" isnecklace="1" isring="1"/>
<addskill id="10036" name ="移动速度" grouping="2" pskill_id="" isweapons="1" ishead="1" isclothes="1" isleggings="1" isshoes="1" isshoulder="1" isgloves="1" isnecklace="1" isring="1"/>
</root>