<root>
<Advanced id="1" roleName="轩辕" name="一段·灵武" need_exp="30" need_goods="300001,303001,301001,302001,300002,303002" adLevel="1" role="1"/>
<Advanced id="2" roleName="轩辕" name="一段·灵武+1" need_exp="450" need_goods="300002,303002,301002,302002,300003,303003" adLevel="2" role="1"/>
<Advanced id="3" roleName="轩辕" name="二段·飞扬" need_exp="600" need_goods="300003,303003,301003,302003,300004,303004" adLevel="3" role="1"/>
<Advanced id="4" roleName="轩辕" name="二段·飞扬+1" need_exp="1200" need_goods="300004,303004,301004,302004,300005,303005" adLevel="4" role="1"/>
<Advanced id="5" roleName="轩辕" name="二段·飞扬+2" need_exp="2400" need_goods="300005,303005,301005,302005,300006,303006" adLevel="5" role="1"/>
<Advanced id="6" roleName="轩辕" name="三段·武烈" need_exp="4800" need_goods="300006,303006,301006,302006,300007,303007" adLevel="6" role="1"/>
<Advanced id="7" roleName="轩辕" name="三段·武烈+1" need_exp="9600" need_goods="300007,303007,301007,302007,300008,303008" adLevel="7" role="1"/>
<Advanced id="8" roleName="轩辕" name="三段·武烈+2" need_exp="19200" need_goods="300008,303008,301008,302008,300009,303009" adLevel="8" role="1"/>
<Advanced id="9" roleName="轩辕" name="三段·武烈+3" need_exp="19201" need_goods="300009,303009,301009,302009,300010,303010" adLevel="9" role="1"/>
<Advanced id="10" roleName="轩辕" name="三段·武烈+4" need_exp="19202" need_goods="300010,303010,301010,302010,300011,303011" adLevel="10" role="1"/>
<Advanced id="11" roleName="轩辕" name="三段·武烈+5" need_exp="19203" need_goods="300011,303011,301011,302011,300012,303012" adLevel="11" role="1"/>
<Advanced id="12" roleName="落羽" name="一段·灵武" need_exp="30" need_goods="301001,303001,302001,300001,301002,303002" adLevel="1" role="2"/>
<Advanced id="13" roleName="落羽" name="一段·灵武+1" need_exp="450" need_goods="301002,303002,302002,300002,301003,303003" adLevel="2" role="2"/>
<Advanced id="14" roleName="落羽" name="二段·飞扬" need_exp="600" need_goods="301003,303003,302003,300003,301004,303004" adLevel="3" role="2"/>
<Advanced id="15" roleName="落羽" name="二段·飞扬+1" need_exp="1200" need_goods="301004,303004,302004,300004,301005,303005" adLevel="4" role="2"/>
<Advanced id="16" roleName="落羽" name="二段·飞扬+2" need_exp="2400" need_goods="301005,303005,302005,300005,301006,303006" adLevel="5" role="2"/>
<Advanced id="17" roleName="落羽" name="三段·武烈" need_exp="4800" need_goods="301006,303006,302006,300006,301007,303007" adLevel="6" role="2"/>
<Advanced id="18" roleName="落羽" name="三段·武烈+1" need_exp="9600" need_goods="301007,303007,302007,300007,301008,303008" adLevel="7" role="2"/>
<Advanced id="19" roleName="落羽" name="三段·武烈+2" need_exp="19200" need_goods="301008,303008,302008,300008,301009,303009" adLevel="8" role="2"/>
<Advanced id="20" roleName="落羽" name="三段·武烈+3" need_exp="19200" need_goods="301009,303009,302009,300009,301010,303010" adLevel="9" role="2"/>
<Advanced id="21" roleName="落羽" name="三段·武烈+4" need_exp="19200" need_goods="301010,303010,302010,300010,301011,303011" adLevel="10" role="2"/>
<Advanced id="22" roleName="落羽" name="三段·武烈+5" need_exp="19200" need_goods="301011,303011,302011,300011,301012,303012" adLevel="11" role="2"/>
<Advanced id="23" roleName="圣灵" name="一段·灵武" need_exp="30" need_goods="302001,303001,300001,301001,302002,303002" adLevel="1" role="3"/>
<Advanced id="24" roleName="圣灵" name="一段·灵武+1" need_exp="450" need_goods="302002,303002,300002,301002,302003,303003" adLevel="2" role="3"/>
<Advanced id="25" roleName="圣灵" name="二段·飞扬" need_exp="600" need_goods="302003,303003,300003,301003,302004,303004" adLevel="3" role="3"/>
<Advanced id="26" roleName="圣灵" name="二段·飞扬+1" need_exp="1200" need_goods="302004,303004,300004,301004,302005,303005" adLevel="4" role="3"/>
<Advanced id="27" roleName="圣灵" name="二段·飞扬+2" need_exp="2400" need_goods="302005,303005,300005,301005,302006,303006" adLevel="5" role="3"/>
<Advanced id="28" roleName="圣灵" name="三段·武烈" need_exp="4800" need_goods="302006,303006,300006,301006,302007,303007" adLevel="6" role="3"/>
<Advanced id="29" roleName="圣灵" name="三段·武烈+1" need_exp="9600" need_goods="302007,303007,300007,301007,302008,303008" adLevel="7" role="3"/>
<Advanced id="30" roleName="圣灵" name="三段·武烈+2" need_exp="19200" need_goods="302008,303008,300008,301008,302009,303009" adLevel="8" role="3"/>
<Advanced id="31" roleName="圣灵" name="三段·武烈+3" need_exp="19201" need_goods="302009,303009,300009,301009,302010,303010" adLevel="9" role="3"/>
<Advanced id="32" roleName="圣灵" name="三段·武烈+4" need_exp="19202" need_goods="302010,303010,300010,301010,302011,303011" adLevel="10" role="3"/>
<Advanced id="33" roleName="圣灵" name="三段·武烈+5" need_exp="19203" need_goods="302011,303011,300011,301011,302012,303012" adLevel="11" role="3"/>
</root>