<root>
<balance id="1" ATK="4004" DEF="100" HP="50404"/>
<balance id="2" ATK="3958" DEF="110" HP="50300"/>
<balance id="3" ATK="3912" DEF="120" HP="50196"/>
<balance id="4" ATK="3866" DEF="130" HP="50092"/>
<balance id="5" ATK="3820" DEF="140" HP="49988"/>
<balance id="6" ATK="3774" DEF="150" HP="49884"/>
<balance id="7" ATK="3728" DEF="160" HP="49780"/>
<balance id="8" ATK="3682" DEF="170" HP="49676"/>
<balance id="9" ATK="3636" DEF="180" HP="49572"/>
<balance id="10" ATK="3590" DEF="190" HP="49468"/>
<balance id="11" ATK="3544" DEF="200" HP="49364"/>
<balance id="12" ATK="3498" DEF="210" HP="49260"/>
<balance id="13" ATK="3452" DEF="220" HP="49156"/>
<balance id="14" ATK="3406" DEF="230" HP="49052"/>
<balance id="15" ATK="3360" DEF="240" HP="48948"/>
<balance id="16" ATK="3314" DEF="250" HP="48844"/>
<balance id="17" ATK="3268" DEF="260" HP="48740"/>
<balance id="18" ATK="3222" DEF="270" HP="48636"/>
<balance id="19" ATK="3176" DEF="280" HP="48532"/>
<balance id="20" ATK="3130" DEF="290" HP="48428"/>
<balance id="21" ATK="3084" DEF="300" HP="48324"/>
<balance id="22" ATK="3038" DEF="310" HP="48220"/>
<balance id="23" ATK="2992" DEF="320" HP="48000"/>
<balance id="24" ATK="2946" DEF="340" HP="47780"/>
<balance id="25" ATK="2900" DEF="320" HP="47560"/>
<balance id="26" ATK="2854" DEF="300" HP="47340"/>
<balance id="27" ATK="2808" DEF="280" HP="47120"/>
<balance id="28" ATK="2762" DEF="260" HP="46900"/>
<balance id="29" ATK="2716" DEF="240" HP="46680"/>
<balance id="30" ATK="2670" DEF="220" HP="45660"/>
<balance id="31" ATK="2604" DEF="215" HP="44640"/>
<balance id="32" ATK="2538" DEF="200" HP="43620"/>
<balance id="33" ATK="2472" DEF="200" HP="42600"/>
<balance id="34" ATK="2406" DEF="200" HP="41580"/>
<balance id="35" ATK="2340" DEF="200" HP="40560"/>
<balance id="36" ATK="2274" DEF="200" HP="39540"/>
<balance id="37" ATK="2208" DEF="200" HP="38520"/>
<balance id="38" ATK="2142" DEF="200" HP="37500"/>
<balance id="39" ATK="2076" DEF="200" HP="36480"/>
<balance id="40" ATK="2010" DEF="195" HP="35460"/>
<balance id="41" ATK="1944" DEF="190" HP="34440"/>
<balance id="42" ATK="1878" DEF="185" HP="33420"/>
<balance id="43" ATK="1812" DEF="180" HP="32400"/>
<balance id="44" ATK="1746" DEF="175" HP="31380"/>
<balance id="45" ATK="1680" DEF="170" HP="30360"/>
<balance id="46" ATK="1614" DEF="165" HP="29340"/>
<balance id="47" ATK="1548" DEF="160" HP="28320"/>
<balance id="48" ATK="1482" DEF="155" HP="27300"/>
<balance id="49" ATK="1416" DEF="150" HP="26280"/>
<balance id="50" ATK="1350" DEF="145" HP="25260"/>
<balance id="51" ATK="1284" DEF="140" HP="24240"/>
<balance id="52" ATK="1218" DEF="135" HP="23220"/>
<balance id="53" ATK="1152" DEF="130" HP="22200"/>
<balance id="54" ATK="1086" DEF="125" HP="21180"/>
<balance id="55" ATK="1020" DEF="120" HP="20160"/>
<balance id="56" ATK="954" DEF="115" HP="19140"/>
<balance id="57" ATK="888" DEF="110" HP="18120"/>
<balance id="58" ATK="822" DEF="105" HP="17100"/>
<balance id="59" ATK="756" DEF="100" HP="16080"/>
<balance id="60" ATK="690" DEF="95" HP="15060"/>
<balance id="61" ATK="624" DEF="90" HP="14040"/>
<balance id="62" ATK="558" DEF="85" HP="13020"/>
<balance id="63" ATK="492" DEF="80" HP="12000"/>
<balance id="64" ATK="426" DEF="75" HP="10980"/>
<balance id="65" ATK="360" DEF="70" HP="9960"/>
<balance id="66" ATK="294" DEF="65" HP="8940"/>
<balance id="67" ATK="228" DEF="60" HP="7920"/>
<balance id="68" ATK="162" DEF="55" HP="6900"/>
<balance id="69" ATK="96" DEF="50" HP="5880"/>
<balance id="70" ATK="30" DEF="45" HP="4860"/>
<balance id="71" ATK="28" DEF="40" HP="3840"/>
<balance id="72" ATK="26" DEF="35" HP="3420"/>
<balance id="73" ATK="24" DEF="30" HP="3000"/>
<balance id="74" ATK="22" DEF="25" HP="2580"/>
<balance id="75" ATK="20" DEF="20" HP="2160"/>
<balance id="76" ATK="18" DEF="15" HP="1740"/>
<balance id="77" ATK="16" DEF="10" HP="1320"/>
<balance id="78" ATK="14" DEF="5" HP="900"/>
<balance id="79" ATK="12" DEF="2" HP="480"/>
<balance id="80" ATK="0" DEF="0" HP="0"/>
</root>