<root>
<bossRank id="1" title="BOSS1" rankCore="2501-3000" rmb="200" gold="90000" honour="90"/>
<bossRank id="2" title="BOSS2" rankCore="2201-2500" rmb="150" gold="85000" honour="81"/>
<bossRank id="3" title="BOSS3" rankCore="2001-2200" rmb="120" gold="80000" honour="72"/>
<bossRank id="4" title="BOSS4" rankCore="1601-2000" rmb="100" gold="75000" honour="65"/>
<bossRank id="5" title="BOSS5" rankCore="1401-1600" rmb="80" gold="70000" honour="60"/>
<bossRank id="6" title="BOSS6" rankCore="1000-1400" rmb="60" gold="65000" honour="55"/>
<bossRank id="7" title="BOSS7" rankCore="801-1000" rmb="50" gold="60000" honour="45"/>
<bossRank id="8" title="BOSS8" rankCore="601-800" rmb="40" gold="55000" honour="35"/>
<bossRank id="9" title="BOSS9" rankCore="401-600" rmb="35" gold="50000" honour="30"/>
<bossRank id="10" title="BOSS10" rankCore="301-400" rmb="30" gold="30000" honour="25"/>
<bossRank id="11" title="BOSS11" rankCore="201-300" rmb="25" gold="20000" honour="22"/>
<bossRank id="12" title="BOSS12" rankCore="0-200" rmb="20" gold="10000" honour="20"/>
</root>