<root>
<buff id="101" name="中毒" type="0" icon="buff_03" good_an_devil="2" tyep="2" buff_target="2" continueTime="9000" happenFrequnce="1000" attribute="null" attributePer="null" value="0" percentValue="-4" forced_displacement="0" effect="1000001" instruction="null"/>
<buff id="102" name="攻击力up" type="0" icon="buff_02" good_an_devil="1" tyep="1" buff_target="1" continueTime="9000" happenFrequnce="0" attribute="ATK:50+(x*25)" attributePer="ATK:20+(x*1)" value="0" percentValue="0" forced_displacement="0" effect="1000008" instruction="null"/>
<buff id="103" name="盾墙" type="0" icon="buff_05" good_an_devil="1" tyep="1" buff_target="1" continueTime="9000" happenFrequnce="0" attribute="DEF:50+(x*25)" attributePer="null" value="0" percentValue="0" forced_displacement="0" effect="1000004" instruction="null"/>
<buff id="104" name="神行" type="0" icon="buff_17" good_an_devil="1" tyep="1" buff_target="1" continueTime="9000" happenFrequnce="0" attribute="MOVE_SPEED:20+(x*3)" attributePer="null" value="0" percentValue="0" forced_displacement="0" effect="1000005" instruction="null"/>
<buff id="105" name="眩晕" type="0" icon="buff_11" good_an_devil="2" tyep="3" buff_target="2" continueTime="2000" happenFrequnce="0" attribute="null" attributePer="null" value="0" percentValue="0" forced_displacement="0" effect="1000006" instruction="null"/>
<buff id="106" name="防御破损" type="0" icon="buff_20" good_an_devil="2" tyep="1" buff_target="2" continueTime="9000" happenFrequnce="0" attribute="null" attributePer="DEF:-20-(x*1)" value="0" percentValue="0" forced_displacement="0" effect="1000003" instruction="null"/>
<buff id="107" name="冰晶封锁" type="0" icon="buff_06" good_an_devil="2" tyep="4" buff_target="2" continueTime="3000" happenFrequnce="0" attribute="null" attributePer="MOVE_SPEED:-100" value="0" percentValue="0" forced_displacement="0" effect="1000007" instruction="null"/>
<buff id="108" name="无敌" type="0" icon="buff_01" good_an_devil="1" tyep="5" buff_target="1" continueTime="9000" happenFrequnce="0" attribute="null" attributePer="null" value="0" percentValue="0" forced_displacement="0" effect="2000002" instruction="null"/>
<buff id="109" name="流血" type="0" icon="buff_07" good_an_devil="2" tyep="2" buff_target="2" continueTime="9000" happenFrequnce="400" attribute="null" attributePer="null" value="0" percentValue="-1" forced_displacement="0" effect="1000002" instruction="null"/>
<buff id="110" name="击飞" type="0" icon="buff_07" good_an_devil="2" tyep="6" buff_target="2" continueTime="300" happenFrequnce="0" attribute="null" attributePer="null" value="0" percentValue="0" forced_displacement="-1" effect="0" instruction="null"/>
<buff id="111" name="击退" type="0" icon="buff_07" good_an_devil="2" tyep="6" buff_target="2" continueTime="500" happenFrequnce="0" attribute="null" attributePer="null" value="0" percentValue="0" forced_displacement="-0.5" effect="0" instruction="null"/>
<buff id="112" name="复活无敌" type="0" icon="buff_01" good_an_devil="1" tyep="5" buff_target="1" continueTime="2500" happenFrequnce="0" attribute="null" attributePer="null" value="0" percentValue="0" forced_displacement="0" effect="2000002" instruction="null"/>
<buff id="113" name="减速" type="0" icon="buff_01" good_an_devil="2" tyep="1" buff_target="2" continueTime="2500" happenFrequnce="0" attribute="null" attributePer="MOVE_SPEED:-50" value="0" percentValue="0" forced_displacement="0" effect="1000010" instruction="null"/>
<buff id="114" name="灼烧" type="0" icon="buff_11" good_an_devil="2" tyep="2" buff_target="2" continueTime="6000" happenFrequnce="300" attribute="null" attributePer="null" value="-50" percentValue="-1" forced_displacement="0" effect="1000011" instruction="null"/>
<buff id="115" name="小医疗" type="0" icon="buff_13" good_an_devil="1" tyep="8" buff_target="1" continueTime="2000" happenFrequnce="500" attribute="null" attributePer="null" value="0" percentValue="5" forced_displacement="0" effect="1000012" instruction="null"/>
<buff id="116" name="小灼烧" type="0" icon="buff_11" good_an_devil="2" tyep="2" buff_target="2" continueTime="1000" happenFrequnce="300" attribute="null" attributePer="null" value="-50" percentValue="-1" forced_displacement="0" effect="1000011" instruction="null"/>
<buff id="117" name="无敌" type="0" icon="buff_01" good_an_devil="1" tyep="5" buff_target="1" continueTime="3000" happenFrequnce="0" attribute="null" attributePer="null" value="0" percentValue="0" forced_displacement="0" effect="2000002" instruction="null"/>
<buff id="118" name="死灵医疗术" type="0" icon="buff_13" good_an_devil="1" tyep="8" buff_target="1" continueTime="1000" happenFrequnce="500" attribute="null" attributePer="null" value="0" percentValue="5" forced_displacement="0" effect="1000012" instruction="null"/>
<buff id="119" name="死灵狂暴术" type="0" icon="buff_17" good_an_devil="1" tyep="11" buff_target="1" continueTime="9000" happenFrequnce="0" attribute="MOVE_SPEED:100" attributePer="MOVE_SPEED:100" value="0" percentValue="0" forced_displacement="0" effect="1000005" instruction="null"/>
<buff id="120" name="狂暴" type="1" icon="BossBuff1" good_an_devil="1" tyep="1" buff_target="1" continueTime="80000" happenFrequnce="0" attribute="ATK:50+(x*25)" attributePer="null" value="0" percentValue="0" forced_displacement="0" effect="1000008" instruction="提升角色_攻击力"/>
<buff id="121" name="盾墙" type="1" icon="BossBuff2" good_an_devil="1" tyep="1" buff_target="1" continueTime="80000" happenFrequnce="0" attribute="DEF:50+(x*25)" attributePer="null" value="0" percentValue="0" forced_displacement="0" effect="1000004" instruction="提升角色_防御力"/>
<buff id="122" name="神行" type="1" icon="BossBuff3" good_an_devil="1" tyep="1" buff_target="1" continueTime="80000" happenFrequnce="0" attribute="MOVE_SPEED:20+(x*3)" attributePer="null" value="0" percentValue="0" forced_displacement="0" effect="1000005" instruction="提升角色_移动速度"/>
<buff id="123" name="潜能" type="1" icon="BossBuff4" good_an_devil="1" tyep="1" buff_target="1" continueTime="80000" happenFrequnce="0" attribute="HP:1000+(x*50)" attributePer="null" value="0" percentValue="0" forced_displacement="0" effect="1000008" instruction="提升角色_生命值上限"/>
<buff id="124" name="大眩晕" type="0" icon="buff_11" good_an_devil="2" tyep="3" buff_target="2" continueTime="3500" happenFrequnce="0" attribute="null" attributePer="null" value="0" percentValue="0" forced_displacement="0" effect="1000006" instruction="null"/>
<buff id="125" name="吸收" type="0" icon="buff_07" good_an_devil="2" tyep="6" buff_target="2" continueTime="400" happenFrequnce="0" attribute="null" attributePer="null" value="0" percentValue="0" forced_displacement="1.5" effect="0" instruction="null"/>
<buff id="126" name="破防" type="0" icon="buff_05" good_an_devil="2" tyep="1" buff_target="2" continueTime="9000" happenFrequnce="0" attribute="DEF:-5+(x*50)" attributePer="DEF:-30" value="0" percentValue="0" forced_displacement="0" effect="1000013" instruction="null"/>
<buff id="127" name="战吼防御" type="0" icon="buff_05" good_an_devil="1" tyep="1" buff_target="1" continueTime="9000" happenFrequnce="0" attribute="null" attributePer="DEF:50+(x*10)" value="0" percentValue="0" forced_displacement="0" effect="1000004" instruction="null"/>
<buff id="128" name="箭雨闪避" type="0" icon="buff_23" good_an_devil="1" tyep="1" buff_target="1" continueTime="3000" happenFrequnce="0" attribute="null" attributePer="MISS:25+(x*3)" value="0" percentValue="0" forced_displacement="0" effect="0" instruction="null"/>
<buff id="130" name="减速" type="0" icon="buff_01" good_an_devil="2" tyep="1" buff_target="2" continueTime="2500" happenFrequnce="0" attribute="null" attributePer="MOVE_SPEED:-20-(x*0.5)" value="0" percentValue="0" forced_displacement="0" effect="1000010" instruction="null"/>
<buff id="301" name="眩晕" type="0" icon="buff_11" good_an_devil="2" tyep="3" buff_target="2" continueTime="1500" happenFrequnce="0" attribute="null" attributePer="null" value="0" percentValue="0" forced_displacement="0" effect="1000006" instruction="null"/>
<buff id="302" name="孔明灯" type="0" icon="buff_11" good_an_devil="1" tyep="3" buff_target="2" continueTime="1000" happenFrequnce="0" attribute="null" attributePer="null" value="0" percentValue="0" forced_displacement="0" effect="1000006" instruction="null"/>
<buff id="1101" name="攻击力up" type="0" icon="buff_02" good_an_devil="1" tyep="1" buff_target="1" continueTime="900000" happenFrequnce="0" attribute="null" attributePer="ATK:3" value="0" percentValue="0" forced_displacement="0" effect="1000008" instruction="null"/>
<buff id="1102" name="攻击力up" type="0" icon="buff_02" good_an_devil="1" tyep="1" buff_target="1" continueTime="900000" happenFrequnce="0" attribute="null" attributePer="ATK:5" value="0" percentValue="0" forced_displacement="0" effect="1000008" instruction="null"/>
<buff id="1103" name="攻击力up" type="0" icon="buff_02" good_an_devil="1" tyep="1" buff_target="1" continueTime="900000" happenFrequnce="0" attribute="null" attributePer="ATK:7" value="0" percentValue="0" forced_displacement="0" effect="1000008" instruction="null"/>
<buff id="1104" name="攻击力up" type="0" icon="buff_02" good_an_devil="1" tyep="1" buff_target="1" continueTime="900000" happenFrequnce="0" attribute="null" attributePer="ATK:10" value="0" percentValue="0" forced_displacement="0" effect="1000008" instruction="null"/>
<buff id="1105" name="攻击力up" type="0" icon="buff_02" good_an_devil="1" tyep="1" buff_target="1" continueTime="900000" happenFrequnce="0" attribute="null" attributePer="ATK:15" value="0" percentValue="0" forced_displacement="0" effect="1000008" instruction="null"/>
<buff id="1201" name="觉醒状态" type="0" icon="buff_08" good_an_devil="1" tyep="1" buff_target="1" continueTime="15000" happenFrequnce="0" attribute="MOVE_SPEED:20" attributePer="null" value="0" percentValue="0" forced_displacement="0" effect="30050" instruction="null"/>
<buff id="1202" name="加速状态" type="0" icon="buff_06" good_an_devil="1" tyep="7" buff_target="1" continueTime="1000" happenFrequnce="0" attribute="null" attributePer="HERO_ATK_SPD:20+(x*5)" value="0" percentValue="0" forced_displacement="0" effect="1000008" instruction="null"/>
<buff id="1203" name="施法无敌" type="0" icon="buff_01" good_an_devil="1" tyep="5" buff_target="1" continueTime="1000" happenFrequnce="0" attribute="null" attributePer="null" value="0" percentValue="0" forced_displacement="0" effect="2000002" instruction="null"/>
<buff id="1001" name="神树" type="0" icon="buff_02" good_an_devil="1" tyep="1" buff_target="1" continueTime="900000" happenFrequnce="0" attribute="INT:50" attributePer="null" value="0" percentValue="0" forced_displacement="0" effect="0" instruction="增加主角智力"/>
<buff id="1002" name="义" type="0" icon="buff_02" good_an_devil="1" tyep="1" buff_target="1" continueTime="900000" happenFrequnce="0" attribute="STR:50" attributePer="null" value="0" percentValue="0" forced_displacement="0" effect="0" instruction="增加主角力量"/>
<buff id="1003" name="恐鳌之心" type="0" icon="buff_02" good_an_devil="1" tyep="1" buff_target="1" continueTime="900000" happenFrequnce="0" attribute="ATK:150" attributePer="null" value="0" percentValue="0" forced_displacement="0" effect="0" instruction="增加主角攻击力"/>
<buff id="1004" name="灵动迅捷" type="0" icon="buff_02" good_an_devil="1" tyep="1" buff_target="1" continueTime="900000" happenFrequnce="0" attribute="DEX:50" attributePer="null" value="0" percentValue="0" forced_displacement="0" effect="0" instruction="增加主角敏捷"/>
<buff id="1005" name="蓄势" type="0" icon="buff_02" good_an_devil="1" tyep="1" buff_target="1" continueTime="900000" happenFrequnce="0" attribute="CRI:250" attributePer="null" value="0" percentValue="0" forced_displacement="0" effect="0" instruction="增加主角暴击率"/>
<buff id="1006" name="天怒" type="0" icon="buff_02" good_an_devil="1" tyep="1" buff_target="1" continueTime="900000" happenFrequnce="0" attribute="CRI_MUL:500" attributePer="null" value="0" percentValue="0" forced_displacement="0" effect="0" instruction="增加主角暴击伤害"/>
<buff id="1007" name="玄龟护盾" type="1" icon="buff_05" good_an_devil="1" tyep="1" buff_target="1" continueTime="7000" happenFrequnce="0" attribute="DEF:50000" attributePer="DEF:125" value="0" percentValue="0" forced_displacement="0" effect="2000006" instruction="增加临时防御"/>
<buff id="1008" name="天下无双" type="0" icon="buff_08" good_an_devil="1" tyep="7" buff_target="1" continueTime="15000" happenFrequnce="0" attribute="HERO_ATK_SPD:5000" attributePer="MOVE_SPEED:20" value="0" percentValue="0" forced_displacement="0" effect="1000008" instruction="null"/>
<buff id="1009" name="孔明灯" type="0" icon="buff_13" good_an_devil="1" tyep="8" buff_target="1" continueTime="5000" happenFrequnce="500" attribute="null" attributePer="null" value="0" percentValue="3" forced_displacement="0" effect="520008" instruction="null"/>
<buff id="1010" name="闪电环绕" type="0" icon="buff_12" good_an_devil="1" tyep="10" buff_target="1" continueTime="10000" happenFrequnce="500" attribute="null" attributePer="null" value="3" percentValue="0" forced_displacement="0" effect="520017" instruction="null"/>
<buff id="1011" name="魔龙之心" type="0" icon="buff_02" good_an_devil="1" tyep="1" buff_target="1" continueTime="900000" happenFrequnce="0" attribute="HP:3000" attributePer="null" value="0" percentValue="0" forced_displacement="0" effect="0" instruction="增加主角暴击伤害"/>
<buff id="1012" name="愤怒" type="0" icon="buff_02" good_an_devil="1" tyep="1" buff_target="1" continueTime="900000" happenFrequnce="0" attribute="CRI:500" attributePer="null" value="0" percentValue="0" forced_displacement="0" effect="0" instruction="增加主角暴击伤害"/>
<buff id="1013" name="致命嚎叫" type="0" icon="buff_35" good_an_devil="1" tyep="8" buff_target="1" continueTime="10000" happenFrequnce="0" attribute="CRI:5000" attributePer="null" value="0" percentValue="0" forced_displacement="0" effect="0" instruction="增加暴击概率"/>
<buff id="1014" name="愤怒" type="0" icon="buff_02" good_an_devil="1" tyep="1" buff_target="1" continueTime="900000" happenFrequnce="0" attribute="CRI_MUL:1000" attributePer="null" value="0" percentValue="0" forced_displacement="0" effect="0" instruction="增加主角暴击伤害"/>
<buff id="5001" name="自动愈合" type="0" icon="buff_32" good_an_devil="1" tyep="2" buff_target="1" continueTime="9999000" happenFrequnce="1000" attribute="null" attributePer="null" value="0" percentValue="1" forced_displacement="0" effect="0" instruction="每秒回复生命值"/>
<buff id="5002" name="嗜血" type="0" icon="buff_25" good_an_devil="1" tyep="1" buff_target="1" continueTime="9999000" happenFrequnce="0" attribute="HIT_HP:10" attributePer="null" value="0" percentValue="0" forced_displacement="0" effect="0" instruction="普通攻击命中时回复生命"/>
<buff id="5003" name="潜能激发" type="0" icon="buff_38" good_an_devil="1" tyep="1" buff_target="1" continueTime="9999000" happenFrequnce="0" attribute="null" attributePer="ATK:20" value="0" percentValue="0" forced_displacement="0" effect="0" instruction="增加人物的攻击速度"/>
<buff id="5004" name="技巧性打击" type="0" icon="buff_35" good_an_devil="1" tyep="1" buff_target="1" continueTime="9999000" happenFrequnce="0" attribute="CRI:2000" attributePer="null" value="0" percentValue="0" forced_displacement="0" effect="0" instruction="增加暴击概率"/>
<buff id="5005" name="斥候" type="0" icon="buff_31" good_an_devil="1" tyep="1" buff_target="1" continueTime="9999000" happenFrequnce="0" attribute="null" attributePer="MOVE_SPEED:20" value="0" percentValue="0" forced_displacement="0" effect="0" instruction="强化自身的移动速度和转身速度"/>
<buff id="5006" name="能量吸取" type="0" icon="buff_30" good_an_devil="1" tyep="1" buff_target="1" continueTime="9999000" happenFrequnce="0" attribute="HIT_MP:1" attributePer="null" value="0" percentValue="0" forced_displacement="0" effect="0" instruction="普通攻击命中时回复能量"/>
<buff id="5007" name="能量续航" type="0" icon="buff_29" good_an_devil="1" tyep="9" buff_target="1" continueTime="9999000" happenFrequnce="1000" attribute="null" attributePer="null" value="2" percentValue="0" forced_displacement="0" effect="0" instruction="每秒回复能量值"/>
<buff id="5008" name="猎鹰" type="0" icon="buff_37" good_an_devil="1" tyep="1" buff_target="1" continueTime="9999000" happenFrequnce="0" attribute="HIT:20" attributePer="null" value="0" percentValue="0" forced_displacement="0" effect="0" instruction="强化自身的命中率"/>
<buff id="5009" name="韧性" type="0" icon="buff_33" good_an_devil="1" tyep="1" buff_target="1" continueTime="9999000" happenFrequnce="0" attribute="null" attributePer="DEF:20" value="0" percentValue="0" forced_displacement="0" effect="0" instruction="增加自身的防御力"/>
<buff id="5010" name="攻击力↑" type="0" icon="buff_34" good_an_devil="1" tyep="1" buff_target="1" continueTime="9999000" happenFrequnce="0" attribute="null" attributePer="ATK:20" value="0" percentValue="0" forced_displacement="0" effect="0" instruction="增加自身的攻击力"/>
<buff id="5011" name="贯穿之刃" type="0" icon="buff_28" good_an_devil="1" tyep="1" buff_target="1" continueTime="9999000" happenFrequnce="0" attribute="REDUCE_DEF:200" attributePer="null" value="0" percentValue="0" forced_displacement="0" effect="0" instruction="使攻击能够无视敌人部分护甲"/>
<buff id="5012" name="灵力收割" type="0" icon="buff_27" good_an_devil="1" tyep="1" buff_target="1" continueTime="9999000" happenFrequnce="0" attribute="KILL_MP:5" attributePer="null" value="0" percentValue="0" forced_displacement="0" effect="0" instruction="击杀敌人时回复一定能量"/>
<buff id="6001" name="自动愈合" type="0" icon="buff_32" good_an_devil="1" tyep="2" buff_target="1" continueTime="10000" happenFrequnce="1000" attribute="null" attributePer="null" value="0" percentValue="5" forced_displacement="0" effect="1000012" instruction="每秒回复生命值"/>
<buff id="10000" name="攻击力up" type="0" icon="buff_02" good_an_devil="1" tyep="1" buff_target="1" continueTime="10000" happenFrequnce="0" attribute="ATK:50+(x*25)" attributePer="null" value="0" percentValue="0" forced_displacement="0" effect="1000008" instruction="null"/>
<buff id="10001" name="盾墙" type="0" icon="buff_05" good_an_devil="1" tyep="1" buff_target="1" continueTime="10000" happenFrequnce="0" attribute="DEF:50+(x*25)" attributePer="null" value="0" percentValue="0" forced_displacement="0" effect="1000004" instruction="null"/>
<buff id="10002" name="神行" type="0" icon="buff_17" good_an_devil="1" tyep="1" buff_target="1" continueTime="10000" happenFrequnce="0" attribute="MOVE_SPEED:20+(x*3)" attributePer="null" value="0" percentValue="0" forced_displacement="0" effect="1000005" instruction="null"/>
<buff id="10003" name="小医疗" type="0" icon="buff_13" good_an_devil="1" tyep="8" buff_target="1" continueTime="3000" happenFrequnce="500" attribute="null" attributePer="null" value="0" percentValue="5" forced_displacement="0" effect="1000012" instruction="null"/>
<buff id="10004" name="无敌" type="0" icon="buff_01" good_an_devil="1" tyep="5" buff_target="1" continueTime="10000" happenFrequnce="0" attribute="null" attributePer="null" value="0" percentValue="0" forced_displacement="0" effect="2000002" instruction="null"/>
<buff id="10005" name="防御破损" type="0" icon="buff_20" good_an_devil="1" tyep="1" buff_target="2" continueTime="10000" happenFrequnce="0" attribute="null" attributePer="DEF:-20-(x*1)" value="0" percentValue="0" forced_displacement="0" effect="1000003" instruction="null"/>
<buff id="10006" name="中毒" type="0" icon="buff_03" good_an_devil="2" tyep="2" buff_target="1" continueTime="5000" happenFrequnce="1000" attribute="null" attributePer="null" value="0" percentValue="-4" forced_displacement="0" effect="1000001" instruction="null"/>
<buff id="10007" name="眩晕" type="0" icon="buff_11" good_an_devil="2" tyep="3" buff_target="1" continueTime="3500" happenFrequnce="0" attribute="null" attributePer="null" value="0" percentValue="0" forced_displacement="0" effect="1000006" instruction="null"/>
<buff id="10008" name="减速" type="0" icon="buff_01" good_an_devil="2" tyep="1" buff_target="1" continueTime="6500" happenFrequnce="0" attribute="null" attributePer="MOVE_SPEED:-50" value="0" percentValue="0" forced_displacement="0" effect="1000010" instruction="null"/>
<buff id="10009" name="小灼烧" type="0" icon="buff_11" good_an_devil="2" tyep="2" buff_target="1" continueTime="3000" happenFrequnce="300" attribute="null" attributePer="null" value="-50" percentValue="-1" forced_displacement="0" effect="1000011" instruction="null"/>
</root>