<root>
<commodity id="101" type="1" dropId="1004" currency="GOLD" discount="0.6"/>
<commodity id="102" type="1" dropId="1005" currency="GOLD" discount="0.6"/>
<commodity id="103" type="1" dropId="1009" currency="GOLD" discount="0.6"/>
<commodity id="104" type="1" dropId="1010" currency="GOLD" discount="0.6"/>
<commodity id="105" type="1" dropId="1011" currency="GOLD" discount="0.6"/>
<commodity id="106" type="1" dropId="1012" currency="GOLD" discount="0.6"/>
<commodity id="107" type="1" dropId="1013" currency="GOLD" discount="0.6"/>
<commodity id="108" type="1" dropId="1014" currency="GOLD" discount="0.6"/>
<commodity id="109" type="1" dropId="1015" currency="GOLD" discount="0.6"/>
<commodity id="116" type="2" dropId="2001" currency="RMB" discount="0.6"/>
<commodity id="117" type="2" dropId="2002" currency="RMB" discount="0.6"/>
<commodity id="118" type="2" dropId="2003" currency="RMB" discount="0.6"/>
<commodity id="119" type="2" dropId="2004" currency="RMB" discount="0.6"/>
<commodity id="120" type="2" dropId="2005" currency="RMB" discount="0.6"/>
<commodity id="121" type="2" dropId="2006" currency="RMB" discount="0.6"/>
<commodity id="122" type="2" dropId="2007" currency="RMB" discount="0.6"/>
<commodity id="123" type="2" dropId="2008" currency="RMB" discount="0.6"/>
<commodity id="124" type="2" dropId="2009" currency="RMB" discount="0.6"/>
<commodity id="125" type="2" dropId="2010" currency="RMB" discount="0.6"/>
<commodity id="126" type="2" dropId="2011" currency="RMB" discount="0.6"/>
<commodity id="127" type="2" dropId="2012" currency="RMB" discount="0.6"/>
<commodity id="128" type="2" dropId="2013" currency="RMB" discount="0.6"/>
<commodity id="129" type="2" dropId="2014" currency="RMB" discount="0.6"/>
<commodity id="130" type="2" dropId="2015" currency="RMB" discount="0.6"/>
<commodity id="131" type="2" dropId="2016" currency="RMB" discount="0.6"/>
<commodity id="132" type="2" dropId="2017" currency="RMB" discount="0.6"/>
<commodity id="133" type="2" dropId="2018" currency="RMB" discount="0.6"/>
<commodity id="134" type="2" dropId="2019" currency="RMB" discount="0.6"/>
<commodity id="135" type="2" dropId="2020" currency="RMB" discount="0.6"/>
<commodity id="136" type="2" dropId="2021" currency="RMB" discount="0.6"/>
<commodity id="137" type="2" dropId="2022" currency="RMB" discount="0.6"/>
<commodity id="138" type="2" dropId="2023" currency="RMB" discount="0.6"/>
<commodity id="139" type="2" dropId="2021" currency="RMB" discount="0.6"/>
<commodity id="140" type="2" dropId="2022" currency="RMB" discount="0.6"/>
<commodity id="141" type="2" dropId="2011" currency="RMB" discount="0.6"/>
<commodity id="142" type="2" dropId="2012" currency="RMB" discount="0.6"/>
<commodity id="143" type="2" dropId="2013" currency="RMB" discount="0.6"/>
<commodity id="144" type="2" dropId="2014" currency="RMB" discount="0.6"/>
<commodity id="145" type="2" dropId="2015" currency="RMB" discount="0.6"/>
<commodity id="146" type="2" dropId="2016" currency="RMB" discount="0.6"/>
<commodity id="147" type="2" dropId="2017" currency="RMB" discount="0.6"/>
<commodity id="148" type="2" dropId="2018" currency="RMB" discount="0.6"/>
<commodity id="149" type="2" dropId="2019" currency="RMB" discount="0.6"/>
<commodity id="150" type="2" dropId="2020" currency="RMB" discount="0.6"/>
<commodity id="151" type="2" dropId="2021" currency="RMB" discount="0.6"/>
<commodity id="152" type="2" dropId="2022" currency="RMB" discount="0.6"/>
<commodity id="153" type="2" dropId="2023" currency="RMB" discount="0.6"/>
<commodity id="154" type="2" dropId="2021" currency="RMB" discount="0.6"/>
<commodity id="155" type="2" dropId="2022" currency="RMB" discount="0.6"/>
<commodity id="156" type="2" dropId="2022" currency="RMB" discount="0.6"/>
<commodity id="175" type="5" dropId="3002" currency="HONOUR" discount="1"/>
<commodity id="176" type="5" dropId="3003" currency="HONOUR" discount="1"/>
<commodity id="177" type="5" dropId="3004" currency="HONOUR" discount="1"/>
<commodity id="178" type="5" dropId="3005" currency="HONOUR" discount="1"/>
<commodity id="179" type="5" dropId="3006" currency="HONOUR" discount="1"/>
<commodity id="180" type="5" dropId="3007" currency="HONOUR" discount="1"/>
<commodity id="181" type="5" dropId="3002" currency="HONOUR" discount="1"/>
<commodity id="182" type="5" dropId="3007" currency="HONOUR" discount="1"/>
<commodity id="300" type="7" dropId="5001" currency="GUILDSTONE" discount="1"/>
<commodity id="301" type="7" dropId="5002" currency="GUILDSTONE" discount="1"/>
</root>