<root>
<diamond_store id="1" name="招财进宝" type="2" price="25" gold="300" icon="Mall_yue" firstrecharge_give="0" recharge_give="0" desc="每日领取120钻石" product_id="com.weiphone.longjue.baoshi2"/>
<diamond_store id="2" name="少量钻石" type="1" price="6" gold="60" icon="Mall_6" firstrecharge_give="60" recharge_give="0" desc="获得60钻石" product_id="com.weiphone.longjue.baoshi3"/>
<diamond_store id="3" name="小量钻石" type="1" price="30" gold="300" icon="Mall_30" firstrecharge_give="300" recharge_give="15" desc="获得315钻石" product_id="com.weiphone.longjue.baoshi4"/>
<diamond_store id="4" name="中量钻石" type="1" price="68" gold="680" icon="Mall_68" firstrecharge_give="680" recharge_give="68" desc="获得748钻石" product_id="com.weiphone.longjue.baoshi5"/>
<diamond_store id="5" name="袋装钻石" type="1" price="168" gold="1680" icon="Mall_128" firstrecharge_give="1680" recharge_give="252" desc="获得1932钻石" product_id="com.weiphone.longjue.baoshi6"/>
<diamond_store id="6" name="大装袋钻石" type="1" price="328" gold="3280" icon="Mall_328" firstrecharge_give="3280" recharge_give="656" desc="获得3936钻石" product_id="com.weiphone.longjue.baoshi7"/>
<diamond_store id="7" name="大装箱钻石" type="1" price="648" gold="6480" icon="Mall_648" firstrecharge_give="6480" recharge_give="1620" desc="获得8100钻石" product_id="com.weiphone.longjue.baoshi8"/>
<diamond_store id="8" name="成长基金" type="3" price="128" gold="1280" icon="Mall_648" firstrecharge_give="0" recharge_give="0" desc="每10级领取千元钻石" product_id="com.weiphone.longjue.baoshi1"/>
<diamond_store id="9" name="如意至尊" type="2" price="88" gold="900" icon="Mall_yue" firstrecharge_give="0" recharge_give="0" desc="每日领取120钻石" product_id="com.weiphone.longjue.baoshi2"/>
</root>