<root>
<dressUp id="1" name="zhanshibody2" decs="默认衣服"/>
<dressUp id="2" name="body2" decs="轩辕二套衣服"/>
<dressUp id="3" name="shenti" decs="圣灵默认衣服"/>
<dressUp id="4" name="nv" decs="落羽第二套衣服"/>
<dressUp id="5" name="Z_weapon2" decs="轩辕二套武器"/>
<dressUp id="6" name="Z_weapon1" decs="轩辕默认斧头"/>
<dressUp id="7" name="wq" decs="圣灵默认棒"/>
<dressUp id="8" name="G_weapon1" decs="默认弓箭"/>
<dressUp id="9" name="G_yifu2" decs="落羽默认衣服"/>
<dressUp id="10" name="G_weapon2" decs="落羽二套弓箭"/>
<dressUp id="11" name="G_yifu3" decs="落羽三套衣服"/>
<dressUp id="12" name="F_weapon2" decs="圣灵武器二套"/>
<dressUp id="13" name="F_body2" decs="圣灵衣服二套"/>
<dressUp id="14" name="F_weapon3" decs="圣灵武器三套"/>
<dressUp id="15" name="F_body3" decs="圣灵衣服三套"/>
<dressUp id="16" name="Z_body3" decs="轩辕三套衣服"/>
<dressUp id="17" name="Z_weapon3" decs="轩辕三套斧子"/>
<dressUp id="18" name="G_weapon2" decs="落羽一套弓箭"/>
<dressUp id="19" name="G_weapon3" decs="落羽三套弓箭"/>
<dressUp id="20" name="G_weapon5" decs="落羽四套弓箭"/>
<dressUp id="21" name="G_weapon4" decs="落羽五套弓箭"/>
<dressUp id="22" name="Z_weapon4" decs="轩辕四套斧头"/>
<dressUp id="23" name="Z_weapon5" decs="轩辕五套斧头"/>
<dressUp id="24" name="F_weapon4" decs="圣灵四套武器"/>
<dressUp id="25" name="F_weapon5" decs="圣灵五套武器"/>
<dressUp id="26" name="chibang1" decs="小白翅膀"/>
<dressUp id="27" name="chibang2" decs="大白翅膀"/>
<dressUp id="28" name="chibang3" decs="小黑翅膀"/>
<dressUp id="29" name="chibang4" decs="大黑翅膀"/>
<dressUp id="30" name="chibang5" decs="小旗帜"/>
<dressUp id="31" name="chibang6" decs="大双旗帜"/>
<dressUp id="101" name="Z_weapon1J" decs="轩辕默认斧头"/>
<dressUp id="102" name="Z_weapon2J" decs="轩辕二套武器"/>
<dressUp id="103" name="Z_weapon3J" decs="轩辕三套斧子"/>
<dressUp id="104" name="Z_weapon4J" decs="轩辕四套斧头"/>
<dressUp id="105" name="Z_weapon5J" decs="轩辕五套斧头"/>
<dressUp id="111" name="G_weapon1J" decs="落羽一套弓箭"/>
<dressUp id="112" name="G_weapon2J" decs="落羽二套弓箭"/>
<dressUp id="113" name="G_weapon3J" decs="落羽三套弓箭"/>
<dressUp id="114" name="G_weapon5J" decs="落羽四套弓箭"/>
<dressUp id="115" name="G_weapon4J" decs="落羽五套弓箭"/>
<dressUp id="121" name="F_weapon1J" decs="圣灵默认棒"/>
<dressUp id="122" name="F_weapon2J" decs="圣灵武器二套"/>
<dressUp id="123" name="F_weapon3J" decs="圣灵武器三套"/>
<dressUp id="124" name="F_weapon4J" decs="圣灵四套武器"/>
<dressUp id="125" name="F_weapon5J" decs="圣灵五套武器"/>
</root>