<root>
<effect id="9801" desc="纵砍" type="1" pos="12" speed="-1" beginDis="0" offset="0" disRange="0" harmRange="7" resName="Slash02" isLoop="-1" isThrought="-1" hit_Effect="900000" nextEffect="" Sound="null"/>
<effect id="9802" desc="纵砍2" type="1" pos="12" speed="-1" beginDis="0" offset="0" disRange="0" harmRange="7" resName="Slash03" isLoop="-1" isThrought="-1" hit_Effect="900000" nextEffect="" Sound="null"/>
<effect id="9803" desc="大力劈砍" type="1" pos="12" speed="-1" beginDis="0" offset="0" disRange="0" harmRange="7" resName="Slash05" isLoop="-1" isThrought="-1" hit_Effect="900000" nextEffect="" Sound="null"/>
<effect id="9804" desc="劈砍" type="1" pos="12" speed="-1" beginDis="0" offset="0" disRange="0" harmRange="7" resName="Slash06" isLoop="-1" isThrought="-1" hit_Effect="900000" nextEffect="" Sound="null"/>
<effect id="9805" desc="巨力劈砍" type="1" pos="12" speed="-1" beginDis="0" offset="0" disRange="0" harmRange="7" resName="Slash07" isLoop="-1" isThrought="-1" hit_Effect="900000" nextEffect="" Sound="null"/>
<effect id="9806" desc="大力抓伤" type="1" pos="12" speed="-1" beginDis="0" offset="0" disRange="0" harmRange="7" resName="Slash08" isLoop="-1" isThrought="-1" hit_Effect="900000" nextEffect="" Sound="null"/>
<effect id="9807" desc="撩月斩" type="1" pos="12" speed="-1" beginDis="0" offset="0" disRange="0" harmRange="7" resName="Slash10" isLoop="-1" isThrought="-1" hit_Effect="900000" nextEffect="" Sound="null"/>
<effect id="9808" desc="撩月斩" type="1" pos="12" speed="-1" beginDis="0" offset="0" disRange="0" harmRange="7" resName="Slash11" isLoop="-1" isThrought="-1" hit_Effect="900000" nextEffect="" Sound="null"/>
<effect id="9809" desc="蓝光斩" type="1" pos="1" speed="-1" beginDis="0" offset="0" disRange="0" harmRange="7" resName="Slash12" isLoop="-1" isThrought="-1" hit_Effect="900000" nextEffect="" Sound="null"/>
<effect id="9810" desc="轩辕隐藏伤害" type="1" pos="1" speed="-1" beginDis="0" offset="0" disRange="0" harmRange="8" resName="Fire2-1" isLoop="-1" isThrought="-1" hit_Effect="900000" nextEffect="" Sound="null"/>
<effect id="9901" desc="轩辕刀光1" type="1" pos="13" speed="-1" beginDis="0" offset="0" disRange="0" harmRange="7" resName="zhanshidaoguangtexiao1" isLoop="-1" isThrought="-1" hit_Effect="100001" nextEffect="" Sound="null"/>
<effect id="9902" desc="轩辕刀光2" type="1" pos="13" speed="-1" beginDis="0" offset="0" disRange="0" harmRange="7" resName="zhanshidaoguangtexiao2" isLoop="-1" isThrought="-1" hit_Effect="100001" nextEffect="" Sound="null"/>
<effect id="9903" desc="轩辕刀光3" type="1" pos="13" speed="-1" beginDis="0" offset="0" disRange="0" harmRange="7" resName="zhanshidaoguangtexiao3" isLoop="-1" isThrought="-1" hit_Effect="100001" nextEffect="" Sound="null"/>
<effect id="9904" desc="轩辕刀光4" type="1" pos="13" speed="-1" beginDis="0" offset="0" disRange="0" harmRange="7" resName="zhanshidaoguangtexiao4" isLoop="-1" isThrought="-1" hit_Effect="100001" nextEffect="" Sound="null"/>
<effect id="10000" desc="轩辕刀光" type="1" pos="1" speed="-1" beginDis="0" offset="0" disRange="0" harmRange="0" resName="hitEffect3Base" isLoop="-1" isThrought="-1" hit_Effect="-1" nextEffect="100001" Sound="null"/>
<effect id="100001" desc="轩辕斩击命中特效" type="1" pos="12" speed="-1" beginDis="0" offset="0" disRange="0" harmRange="0" resName="Effect_Slash" isLoop="-1" isThrought="-1" hit_Effect="-1" Sound="z_hit001"/>
<effect id="100002" desc="轩辕斩击命中特效2" type="1" pos="12" speed="-1" beginDis="0" offset="0" disRange="0" harmRange="0" resName="zhanshi_putonggongji_mz" isLoop="-1" isThrought="-1" hit_Effect="-1" Sound="z_hit001"/>
<effect id="10002" desc="震地特效" type="3" pos="13" speed="-1" beginDis="7" offset="0" disRange="0" harmRange="10" resName="Skill_Sword" isLoop="-1" isThrought="-1" hit_Effect="100001" nextEffect="" Sound="null"/>
<effect id="100021" desc="震地命中特效" type="3" pos="13" speed="-1" beginDis="3" offset="0" disRange="0" harmRange="0" resName="Skill_Sword" isLoop="-1" isThrought="-1" hit_Effect="-1" Sound="null"/>
<effect id="100022" desc="测试震地特效" type="3" pos="13" speed="-1" beginDis="5" offset="0" disRange="0" harmRange="10" resName="Zhanshi_handizhenji" isLoop="-1" isThrought="-1" hit_Effect="-1" nextEffect="" Sound="null"/>
<effect id="100023" desc="冲刺测试特效" type="1" pos="13" speed="-1" beginDis="3" offset="0" disRange="0" harmRange="5" resName="zhanshi_baolichongzhuang_fx" isLoop="-1" isThrought="-1" hit_Effect="-1" nextEffect="" Sound="null"/>
<effect id="100024" desc="冲刺测试特效2" type="1" pos="13" speed="-1" beginDis="3" offset="0" disRange="0" harmRange="5" resName="zhanshi_baolichongzhuang_cs" isLoop="-1" isThrought="-1" hit_Effect="-1" nextEffect="" Sound="null"/>
<effect id="100025" desc="测试震地特效" type="3" pos="13" speed="-1" beginDis="3" offset="0" disRange="0" harmRange="0" resName="Skill_Sword" isLoop="-1" isThrought="-1" hit_Effect="-1" nextEffect="" Sound="null"/>
<effect id="100026" desc="测试战吼" type="3" pos="13" speed="-1" beginDis="3" offset="0" disRange="0" harmRange="10" resName="zhanhou" isLoop="-1" isThrought="-1" hit_Effect="-1" nextEffect="" Sound="null"/>
<effect id="100027" desc="震地符文1" type="3" pos="13" speed="-1" beginDis="5" offset="0" disRange="0" harmRange="15" resName="fuwen_z_21" isLoop="-1" isThrought="-1" hit_Effect="-1" nextEffect="" Sound="null"/>
<effect id="100028" desc="剑气符文2" type="2" pos="1" speed="50" beginDis="0" offset="0" disRange="35" harmRange="5" resName="geliezhan" isLoop="-1" isThrought="0" hit_Effect="100001" nextEffect="" Sound="null"/>
<effect id="100029" desc="吼吸怪符文2" type="3" pos="14" speed="-1" beginDis="0" offset="0" disRange="0" harmRange="20" resName="ImpactCircle" isLoop="-1" isThrought="1" hit_Effect="100001" nextEffect="" Sound="null"/>
<effect id="100030" desc="冲击波" type="2" pos="1" speed="50" beginDis="0" offset="0" disRange="35" harmRange="5" resName="zhanshi_baolichongzhuang_cs" isLoop="-1" isThrought="0" hit_Effect="100001" nextEffect="" Sound="null"/>
<effect id="10003" desc="战吼特效" type="1" pos="13" speed="-1" beginDis="0" offset="0" disRange="0" harmRange="0" resName="zhanhou" isLoop="-1" isThrought="-1" hit_Effect="-1" nextEffect="" Sound="null"/>
<effect id="10004" desc="轩辕旋风斩" type="1" pos="14" speed="-1" beginDis="0" offset="0" disRange="0" harmRange="10" resName="zhanshi_xuanfengzhan" isLoop="1" isThrought="-1" hit_Effect="100041" nextEffect="" Sound="null"/>
<effect id="100041" desc="轩辕旋风斩命中" type="1" pos="12" speed="-1" beginDis="0" offset="0" disRange="5" harmRange="0" resName="zhanshi_xuanfengzan_mz" isLoop="-1" isThrought="-1" hit_Effect="-1" Sound="z_hit03"/>
<effect id="10005" desc="冲刺覆盖特效" type="1" pos="13" speed="-1" beginDis="0" offset="0" disRange="0" harmRange="5" resName="Effect_zhanshichongzhuang" isLoop="1" isThrought="-1" hit_Effect="100041" nextEffect="" Sound="null"/>
<effect id="10006" desc="轩辕旋风斩" type="2" pos="1" speed="40" beginDis="0" offset="0" disRange="20" harmRange="10" resName="zhanshi_xuanfengzhan" isLoop="1" isThrought="1" hit_Effect="100041" nextEffect="" Sound="null"/>
<effect id="10007" desc="投掷旋风斩" type="2" pos="13" speed="40" beginDis="0" offset="0" disRange="30" harmRange="10" resName="zhanshi_xuanfengzhan" isLoop="1" isThrought="1" hit_Effect="100041" nextEffect="" Sound="null"/>
<effect id="10008" desc="投掷旋风斩" type="2" pos="1" speed="40" beginDis="0" offset="0" disRange="30" harmRange="10" resName="zhanshi_xuanfengzhan" isLoop="1" isThrought="1" hit_Effect="100041" nextEffect="" Sound="null"/>
<effect id="10009" desc="测试震地特效1" type="3" pos="13" speed="-1" beginDis="5" offset="0" disRange="0" harmRange="10" resName="Zhanshi_handizhenji" isLoop="-1" isThrought="-1" hit_Effect="-1" nextEffect="" Sound="null"/>
<effect id="10010" desc="测试震地特效2" type="3" pos="13" speed="-1" beginDis="15" offset="0" disRange="0" harmRange="10" resName="Zhanshi_handizhenji" isLoop="-1" isThrought="-1" hit_Effect="-1" nextEffect="" Sound="null"/>
<effect id="10011" desc="测试震地特效3" type="3" pos="13" speed="-1" beginDis="25" offset="0" disRange="0" harmRange="10" resName="Zhanshi_handizhenji" isLoop="-1" isThrought="-1" hit_Effect="-1" nextEffect="" Sound="null"/>
<effect id="20001" desc="弓手弓箭" type="2" pos="1" speed="50" beginDis="0" offset="0" disRange="40" harmRange="2" resName="gong_pujian" isLoop="1" isThrought="0" hit_Effect="20011" nextEffect="" Sound="null"/>
<effect id="20011" desc="弓箭命中特下" type="1" pos="12" speed="-1" beginDis="0" offset="0" disRange="0" harmRange="0" resName="Impact_Air" isLoop="1" isThrought="0" hit_Effect="-1" nextEffect="" Sound="null"/>
<effect id="20012" desc="陷阱特效" type="2" pos="13" speed="0" beginDis="0" offset="0" disRange="35" harmRange="3" resName="popxianjing_2" isLoop="1" isThrought="0" hit_Effect="20013" nextEffect="" Sound="null"/>
<effect id="20013" desc="陷阱特效" type="3" pos="13" speed="-1" beginDis="0" offset="0" disRange="0" harmRange="3" resName="bingbaozha" isLoop="1" isThrought="0" hit_Effect="-1" nextEffect="" Sound="null"/>
<effect id="20014" desc="抗拒光环" type="1" pos="13" speed="-1" beginDis="0" offset="0" disRange="0" harmRange="10" resName="kangju" isLoop="1" isThrought="-1" hit_Effect="20011" nextEffect="0" Sound="null"/>
<effect id="20015" desc="火焰行走" type="3" pos="13" speed="-1" beginDis="0" offset="0" disRange="0" harmRange="2" resName="Fire_run" isLoop="0" isThrought="-1" hit_Effect="-1" Sound="null"/>
<effect id="20016" desc="后空翻箭矢" type="2" pos="15" speed="25" beginDis="0" offset="0" disRange="35" harmRange="2" resName="sunshangxiangjineng1" isLoop="1" isThrought="1" hit_Effect="20011" nextEffect="" Sound="null"/>
<effect id="20009" desc="骷髅弓箭" type="2" pos="1" speed="20" beginDis="0" offset="0" disRange="35" harmRange="2" resName="gong_pujian" isLoop="1" isThrought="0" hit_Effect="20011" nextEffect="" Sound="null"/>
<effect id="21009" desc="big骷髅弓箭2" type="2" pos="1" speed="35" beginDis="0" offset="0" disRange="60" harmRange="2" resName="gong_pujian_big" isLoop="1" isThrought="0" hit_Effect="20011" nextEffect="" Sound="null"/>
<effect id="21010" desc="箭塔弓箭" type="2" pos="1" speed="40" beginDis="0" offset="0" disRange="150" harmRange="4" resName="gong_pujian_ta" isLoop="1" isThrought="0" hit_Effect="20011" nextEffect="" Sound="null"/>
<effect id="20008" desc="偏移弓手弓箭" type="2" pos="1" speed="25" beginDis="0" offset="0" disRange="40" harmRange="2" resName="gong_pujian03" isLoop="1" isThrought="0" hit_Effect="20002" nextEffect="" Sound="null"/>
<effect id="20007" desc="弓手弓箭飞行" type="2" pos="1" speed="50" beginDis="0" offset="0" disRange="40" harmRange="2" resName="gong_pujian02" isLoop="1" isThrought="0" hit_Effect="20002" nextEffect="" Sound="null"/>
<effect id="20002" desc="冰箭命中特效" type="1" pos="12" speed="-1" beginDis="0" offset="0" disRange="0" harmRange="0" resName="iceExplosionBase" isLoop="0" isThrought="-1" hit_Effect="-1" Sound="null"/>
<effect id="200021" desc="NEW命中特效" type="1" pos="12" speed="-1" beginDis="0" offset="0" disRange="0" harmRange="0" resName="Gongjianshou_suse_shouji" isLoop="0" isThrought="-1" hit_Effect="-1" Sound="null"/>
<effect id="200022" desc="速射飞行" type="2" pos="1" speed="50" beginDis="0" offset="0" disRange="35" harmRange="2" resName="sushe_feixing" isLoop="0" isThrought="-1" hit_Effect="200021" Sound="null"/>
<effect id="200023" desc="冰箭发起特效" type="1" pos="1" speed="-1" beginDis="0" offset="0" disRange="0" harmRange="0" resName="Efx_CriticalStrike" isLoop="0" isThrought="-1" hit_Effect="-1" nextEffect="" Sound="null"/>
<effect id="200011" desc="冰箭角度偏移1" type="2" pos="1" speed="50" beginDis="0" offset="20" disRange="35" harmRange="2" resName="gong_pujian" isLoop="1" isThrought="0" hit_Effect="20011" Sound="null"/>
<effect id="200012" desc="冰箭角度偏移2" type="2" pos="1" speed="50" beginDis="0" offset="-20" disRange="35" harmRange="2" resName="gong_pujian02" isLoop="1" isThrought="0" hit_Effect="20011" Sound="null"/>
<effect id="20003" desc="冲击波" type="2" pos="1" speed="5" beginDis="0" offset="0" disRange="35" harmRange="3" resName="fireBallBase" isLoop="1" isThrought="1" hit_Effect="-1" nextEffect="200031" Sound="null"/>
<effect id="200031" desc="冲击波命中特效" type="3" pos="12" speed="-1" beginDis="0" offset="0" disRange="0" harmRange="0" resName="iceExplosionBase" isLoop="0" isThrought="-1" hit_Effect="-1" Sound="null"/>
<effect id="200401" desc="速射发射" type="1" pos="14" speed="-1" beginDis="0" offset="0" disRange="0" harmRange="0" resName="Gongjianshou_sushe_shifa" isLoop="1" isThrought="-1" hit_Effect="-1" nextEffect="" Sound="null"/>
<effect id="200402" desc="速射飞行" type="3" pos="13" speed="-1" beginDis="3" offset="0" disRange="0" harmRange="10" resName="sushe_feixing" isLoop="-1" isThrought="-1" hit_Effect="200403" nextEffect="" Sound="null"/>
<effect id="200403" desc="速射受击" type="3" pos="13" speed="-1" beginDis="0" offset="0" disRange="0" harmRange="0" resName="jianyu_fashe" isLoop="0" isThrought="-1" hit_Effect="-1" nextEffect="" Sound="null"/>
<effect id="20005" desc="普攻发射" type="1" pos="1" speed="-1" beginDis="0" offset="0" disRange="0" harmRange="0" resName="Efx_CriticalStrike" isLoop="0" isThrought="-1" hit_Effect="200051" nextEffect="" Sound="null"/>
<effect id="200051" desc="箭雨受击特效" type="1" pos="12" speed="-1" beginDis="0" offset="0" disRange="0" harmRange="2" resName="Gongjianshou_jianyu_shouji" isLoop="0" isThrought="-1" hit_Effect="-1" Sound="null"/>
<effect id="200052" desc="箭雨起手特效" type="1" pos="12" speed="-1" beginDis="0" offset="0" disRange="0" harmRange="2" resName="jianyu_fashe" isLoop="0" isThrought="-1" hit_Effect="-1" Sound="null"/>
<effect id="20006" desc="箭雨发动特效" type="3" pos="13" speed="-1" beginDis="0" offset="0" disRange="0" harmRange="15" resName="arrowRainBase" isLoop="0" isThrought="-1" hit_Effect="200051" Sound="null"/>
<effect id="20010" desc="翻滚" type="1" pos="1" speed="-1" beginDis="0" offset="0" disRange="0" harmRange="0" resName="gongjianshou_fangun" isLoop="0" isThrought="-1" hit_Effect="-1" Sound="null"/>
<effect id="20101" desc="震荡箭受击" type="3" pos="12" speed="-1" beginDis="0" offset="0" disRange="0" harmRange="0" resName="zhendangjianshi_shouji" isLoop="-1" isThrought="-1" hit_Effect="-1" nextEffect="" Sound="null"/>
<effect id="201012" desc="震荡箭发射" type="1" pos="1" speed="-1" beginDis="0" offset="0" disRange="0" harmRange="0" resName="zhendangjiansi" isLoop="0" isThrought="-1" hit_Effect="-1" nextEffect="" Sound="null"/>
<effect id="20201" desc="震荡箭飞行" type="2" pos="1" speed="30" beginDis="0" offset="0" disRange="40" harmRange="2" resName="zhengdangjianshi_feixing" isLoop="0" isThrought="1" hit_Effect="20101" nextEffect="" Sound="null"/>
<effect id="20202" desc="震荡箭飞行" type="2" pos="1" speed="30" beginDis="0" offset="15" disRange="40" harmRange="2" resName="zhengdangjianshi_feixing" isLoop="0" isThrought="1" hit_Effect="20101" nextEffect="" Sound="null"/>
<effect id="20203" desc="震荡箭飞行" type="2" pos="1" speed="30" beginDis="0" offset="-15" disRange="40" harmRange="2" resName="zhengdangjianshi_feixing" isLoop="0" isThrought="1" hit_Effect="20101" nextEffect="" Sound="null"/>
<effect id="20204" desc="震荡箭飞行" type="2" pos="1" speed="30" beginDis="0" offset="30" disRange="40" harmRange="2" resName="zhengdangjianshi_feixing" isLoop="0" isThrought="1" hit_Effect="20101" nextEffect="" Sound="null"/>
<effect id="20205" desc="震荡箭飞行" type="2" pos="1" speed="30" beginDis="0" offset="-30" disRange="40" harmRange="2" resName="zhengdangjianshi_feixing" isLoop="0" isThrought="1" hit_Effect="20101" nextEffect="" Sound="null"/>
<effect id="20206" desc="火光" type="1" pos="2" speed="0" beginDis="0" offset="0" disRange="40" harmRange="2" resName="fireBallBase" isLoop="0" isThrought="1" hit_Effect="-1" nextEffect="" Sound="null"/>
<effect id="20207" desc="火光" type="1" pos="3" speed="0" beginDis="0" offset="0" disRange="40" harmRange="2" resName="fireBallBase" isLoop="0" isThrought="1" hit_Effect="-1" nextEffect="" Sound="null"/>
<effect id="20301" desc="翻滚-加速光环" type="1" pos="13" speed="-1" beginDis="0" offset="0" disRange="0" harmRange="0" resName="Efx_MagicCircle" isLoop="0" isThrought="-1" hit_Effect="-1" nextEffect="" Sound="null"/>
<effect id="20302" desc="震荡箭破甲new" type="2" pos="1" speed="30" beginDis="0" offset="0" disRange="40" harmRange="15" resName="Fire2-1" isLoop="0" isThrought="1" hit_Effect="20101" nextEffect="" Sound="null"/>
<effect id="30001" desc="冰箭" type="2" pos="1" speed="50" beginDis="0" offset="0" disRange="30" harmRange="1" resName="iceBallBase" isLoop="1" isThrought="0" hit_Effect="20002" nextEffect="" Sound="null"/>
<effect id="30002" desc="小火焰" type="2" pos="1" speed="50" beginDis="0" offset="0" disRange="17" harmRange="1" resName="projectile07" isLoop="1" isThrought="0" hit_Effect="-1" nextEffect="30003" Sound="null"/>
<effect id="30003" desc="火焰爆炸" type="3" pos="12" speed="-1" beginDis="0" offset="0" disRange="0" harmRange="0" resName="Impact_Fire" isLoop="0" isThrought="-1" hit_Effect="-1" Sound="null"/>
<effect id="30004" desc="小火焰" type="2" pos="1" speed="50" beginDis="0" offset="0" disRange="17" harmRange="1" resName="projectile007" isLoop="1" isThrought="0" hit_Effect="-1" nextEffect="30003" Sound="null"/>
<effect id="30005" desc="闪现减速" type="3" pos="13" speed="-1" beginDis="0" offset="0" disRange="17" harmRange="7" resName="29_RFX_Magic_IceArea1" isLoop="1" isThrought="0" hit_Effect="-1" nextEffect="" Sound="null"/>
<effect id="30011" desc="闪烁原点" type="3" pos="13" speed="-1" beginDis="0" offset="0" disRange="0" harmRange="5" resName="Fashitexiao_shanshuo1" isLoop="0" isThrought="-1" hit_Effect="-1" Sound="null"/>
<effect id="30012" desc="闪烁终点" type="1" pos="13" speed="-1" beginDis="0" offset="0" disRange="0" harmRange="0" resName="Fashitexiao_shanshuo2" isLoop="0" isThrought="-1" hit_Effect="-1" Sound="null"/>
<effect id="30013" desc="圣灵风刃" type="2" pos="1" speed="100" beginDis="0" offset="0" disRange="16" harmRange="5" resName="fengren1" isLoop="-1" isThrought="-1" hit_Effect="200031" nextEffect="" Sound="null"/>
<effect id="30021" desc="冰爆飞行" type="2" pos="1" speed="30" beginDis="0" offset="0" disRange="15" harmRange="5" resName="Fashitexiao_binglunbao2" isLoop="0" isThrought="1" hit_Effect="-1" nextEffect="30022" Sound="null"/>
<effect id="30022" desc="冰爆爆炸" type="3" pos="12" speed="-1" beginDis="0" offset="0" disRange="0" harmRange="10" resName="Fashitexiao_binglunbao1" isLoop="0" isThrought="-1" hit_Effect="-1" Sound="null"/>
<effect id="30023" desc="闪电锁定空对象" type="2" pos="1" speed="300" beginDis="0" offset="0" disRange="30" harmRange="5" resName="Fire2-1" isLoop="1" isThrought="0" hit_Effect="-1" nextEffect="30033" Sound="null"/>
<effect id="30030" desc="激光施法" type="1" pos="13" speed="-1" beginDis="0" offset="0" disRange="0" harmRange="0" resName="jiguang_shifa" isLoop="1" isThrought="-1" hit_Effect="-1" nextEffect="" Sound="null"/>
<effect id="30031" desc="激光" type="1" pos="14" speed="-1" beginDis="0" offset="0" disRange="0" harmRange="0" resName="Fashitexiao_jiguang" isLoop="1" isThrought="-1" hit_Effect="-1" nextEffect="" Sound="null"/>
<effect id="30032" desc="隐藏伤害" type="2" pos="1" speed="300" beginDis="0" offset="0" disRange="30" harmRange="5" resName="Fire2-1" isLoop="1" isThrought="1" hit_Effect="100041" nextEffect="" Sound="null"/>
<effect id="30033" desc="电闪雷鸣" type="3" pos="13" speed="-1" beginDis="0" offset="0" disRange="0" harmRange="6" resName="EpicZeus" isLoop="-1" isThrought="-1" hit_Effect="-1" nextEffect="" Sound="null"/>
<effect id="30034" desc="电闪雷鸣+" type="3" pos="13" speed="-1" beginDis="0" offset="0" disRange="0" harmRange="6" resName="EpicZeus2" isLoop="-1" isThrought="-1" hit_Effect="-1" nextEffect="" Sound="null"/>
<effect id="30035" desc="隐藏闪电碰撞" type="2" pos="13" speed="90" beginDis="0" offset="0" disRange="20" harmRange="1" resName="Fire2-1" isLoop="1" isThrought="-1" hit_Effect="-1" nextEffect="30033" Sound="null"/>
<effect id="30036" desc="隐藏闪电碰撞+" type="2" pos="13" speed="90" beginDis="0" offset="0" disRange="20" harmRange="1" resName="Fire2-1" isLoop="1" isThrought="-1" hit_Effect="-1" nextEffect="30034" Sound="null"/>
<effect id="30040" desc="火焰雨吟唱" type="1" pos="13" speed="-1" beginDis="0" offset="0" disRange="0" harmRange="0" resName="Effect_fashishifachuntexiao" isLoop="-1" isThrought="-1" hit_Effect="-1" nextEffect="" Sound="null"/>
<effect id="30041" desc="火焰雨持续特效" type="3" pos="13" speed="-1" beginDis="101" offset="0" disRange="0" harmRange="15" resName="fireRainBase" isLoop="0" isThrought="-1" hit_Effect="-1" Sound="null"/>
<effect id="30042" desc="通用法术吟唱" type="1" pos="1" speed="-1" beginDis="0" offset="0" disRange="0" harmRange="0" resName="fashi_tongyongshifa" isLoop="-1" isThrought="-1" hit_Effect="-1" nextEffect="" Sound="null"/>
<effect id="30050" desc="冰晶蓄力" type="1" pos="13" speed="-1" beginDis="0" offset="0" disRange="0" harmRange="0" resName="bingfengbao_xuli" isLoop="-1" isThrought="-1" hit_Effect="-1" nextEffect="" Sound="null"/>
<effect id="30051" desc="冰晶领域" type="3" pos="13" speed="-1" beginDis="0" offset="0" disRange="0" harmRange="15" resName="bingjinglingyu" isLoop="0" isThrought="-1" hit_Effect="-1" Sound="null"/>
<effect id="30052" desc="冰晶风暴前夕-符文" type="3" pos="13" speed="-1" beginDis="0" offset="0" disRange="0" harmRange="8" resName="bingfengbao_fengbao" isLoop="-1" isThrought="-1" hit_Effect="-1" nextEffect="" Sound="null"/>
<effect id="30060" desc="预警特效-小" type="3" pos="13" speed="-1" beginDis="101" offset="0" disRange="0" harmRange="0" resName="yujingtexiao2" isLoop="-1" isThrought="-1" hit_Effect="100041" nextEffect="" Sound="null"/>
<effect id="30061" desc="锁定闪电柱" type="3" pos="13" speed="-1" beginDis="101" offset="0" disRange="0" harmRange="5" resName="shandian_zz" isLoop="0" isThrought="1" hit_Effect="100001" nextEffect="" Sound="null"/>
<effect id="30062" desc="符文极光" type="2" pos="1" speed="50" beginDis="0" offset="0" disRange="30" harmRange="1" resName="projectile007" isLoop="1" isThrought="0" hit_Effect="-1" nextEffect="30003" Sound="null"/>
<effect id="30063" desc="极光符文" type="1" pos="15" speed="-1" beginDis="0" offset="0" disRange="0" harmRange="0" resName="Fashitexiao_jiguang_fuwen" isLoop="1" isThrought="-1" hit_Effect="-1" nextEffect="" Sound="null"/>
<effect id="30064" desc="圣灵穿透风刃" type="2" pos="1" speed="100" beginDis="0" offset="0" disRange="16" harmRange="5" resName="fengren1" isLoop="-1" isThrought="-1" hit_Effect="200031" nextEffect="" Sound="null"/>
<effect id="30080" desc="圣灵献媚" type="1" pos="11" speed="-1" beginDis="0" offset="0" disRange="5" harmRange="0" resName="Hearts" isLoop="-1" isThrought="-1" hit_Effect="-1" nextEffect="" Sound="null"/>
<effect id="40001" desc="觉醒通用特效" type="3" pos="13" speed="-1" beginDis="0" offset="0" disRange="0" harmRange="0" resName="GroundFX_Lightning01" isLoop="0" isThrought="-1" hit_Effect="-1" Sound="null"/>
<effect id="40002" desc="我方标示" type="1" pos="13" speed="-1" beginDis="0" offset="0" disRange="0" harmRange="0" resName="Efx_MagicCircle1" isLoop="1" isThrought="-1" hit_Effect="-1" nextEffect="" Sound="null"/>
<effect id="40003" desc="敌方标示" type="1" pos="13" speed="-1" beginDis="0" offset="0" disRange="0" harmRange="0" resName="Efx_MagicCircle2" isLoop="1" isThrought="-1" hit_Effect="-1" nextEffect="" Sound="null"/>
<effect id="40004" desc="吃药特效" type="1" pos="13" speed="-1" beginDis="0" offset="0" disRange="0" harmRange="0" resName="hp_up" isLoop="1" isThrought="-1" hit_Effect="-1" nextEffect="" Sound="null"/>
<effect id="520001" desc="孙尚香弓箭" type="2" pos="1" speed="50" beginDis="0" offset="0" disRange="35" harmRange="1" resName="gong_sunshangxiang" isLoop="1" isThrought="0" hit_Effect="20011" nextEffect="" Sound="null"/>
<effect id="520002" desc="孙尚香贯通弓箭" type="2" pos="1" speed="25" beginDis="0" offset="0" disRange="35" harmRange="1" resName="sunshangxiangjineng1" isLoop="1" isThrought="1" hit_Effect="20011" nextEffect="" Sound="null"/>
<effect id="520003" desc="关羽横扫" type="1" pos="12" speed="-1" beginDis="0" offset="0" disRange="0" harmRange="8" resName="Slash03" isLoop="-1" isThrought="-1" hit_Effect="900000" nextEffect="" Sound="null"/>
<effect id="520008" desc="孔明灯" type="1" pos="13" speed="-1" beginDis="0" offset="0" disRange="0" harmRange="0" resName="kongmingdeng" isLoop="-1" isThrought="-1" hit_Effect="-1" nextEffect="" Sound="null"/>
<effect id="520009" desc="诸葛龙卷风" type="2" pos="1" speed="20" beginDis="0" offset="0" disRange="35" harmRange="5" resName="zhuge_longjuan" isLoop="0" isThrought="1" hit_Effect="20011" nextEffect="" Sound="null"/>
<effect id="520010" desc="孔明施法" type="1" pos="11" speed="-1" beginDis="0" offset="0" disRange="0" harmRange="0" resName="iceBallBase" isLoop="-1" isThrought="-1" hit_Effect="-1" nextEffect="" Sound="null"/>
<effect id="520011" desc="火光" type="2" pos="1" speed="50" beginDis="0" offset="0" disRange="35" harmRange="1" resName="fireBallBase" isLoop="1" isThrought="-1" hit_Effect="-1" nextEffect="520012" Sound="op1"/>
<effect id="520012" desc="陆逊火焰爆轰" type="3" pos="12" speed="-1" beginDis="0" offset="0" disRange="0" harmRange="8" resName="fireExplosionBase" isLoop="-1" isThrought="-1" hit_Effect="-1" nextEffect="" Sound="op2"/>
<effect id="520013" desc="陆逊龙破斩" type="2" pos="1" speed="40" beginDis="0" offset="0" disRange="35" harmRange="5" resName="effect_jianqidimianchongji" isLoop="0" isThrought="1" hit_Effect="100001" nextEffect="" Sound="null"/>
<effect id="520014" desc="左慈闪电1" type="3" pos="13" speed="-1" beginDis="7" offset="0" disRange="0" harmRange="5" resName="shandian_zz" isLoop="0" isThrought="1" hit_Effect="100001" nextEffect="" Sound="null"/>
<effect id="520015" desc="左慈闪电2" type="3" pos="13" speed="-1" beginDis="14" offset="0" disRange="0" harmRange="5" resName="shandian_zz" isLoop="0" isThrought="1" hit_Effect="100001" nextEffect="" Sound="null"/>
<effect id="520016" desc="左慈闪电3" type="3" pos="13" speed="-1" beginDis="21" offset="0" disRange="0" harmRange="5" resName="shandian_zz" isLoop="0" isThrought="1" hit_Effect="100001" nextEffect="" Sound="null"/>
<effect id="520017" desc="闪电风衣" type="1" pos="13" speed="-1" beginDis="0" offset="0" disRange="0" harmRange="5" resName="shandianqiu" isLoop="1" isThrought="-1" hit_Effect="-1" nextEffect="" Sound="null"/>
<effect id="520018" desc="单发闪电" type="3" pos="14" speed="-1" beginDis="0" offset="0" disRange="0" harmRange="5" resName="Zuoci_Zeus" isLoop="1" isThrought="-1" hit_Effect="-1" nextEffect="" Sound="null"/>
<effect id="520019" desc="隐藏左慈碰撞" type="2" pos="13" speed="90" beginDis="0" offset="0" disRange="20" harmRange="1" resName="Fire2-1" isLoop="1" isThrought="-1" hit_Effect="-1" nextEffect="520018" Sound="null"/>
<effect id="900000" desc="怪物斩击命中特效" type="1" pos="12" speed="-1" beginDis="0" offset="0" disRange="0" harmRange="0" resName="Slash_Fire" isLoop="-1" isThrought="-1" hit_Effect="-1" Sound="null"/>
<effect id="900001" desc="撕咬" type="1" pos="12" speed="-1" beginDis="0" offset="0" disRange="0" harmRange="0" resName="20001" isLoop="-1" isThrought="-1" hit_Effect="-1" nextEffect="" Sound="null"/>
<effect id="900002" desc="升级" type="1" pos="13" speed="-1" beginDis="0" offset="0" disRange="0" harmRange="0" resName="Effect_UpGrade" isLoop="-1" isThrought="-1" hit_Effect="-1" nextEffect="" Sound="null"/>
<effect id="900003" desc="死灵法球" type="2" pos="1" speed="20" beginDis="0" offset="0" disRange="30" harmRange="3" resName="RainbowBallBase" isLoop="1" isThrought="0" hit_Effect="-1" nextEffect="900004" Sound="null"/>
<effect id="900004" desc="死灵法球命中" type="3" pos="12" speed="-1" beginDis="0" offset="0" disRange="0" harmRange="0" resName="hitEffect1Base" isLoop="0" isThrought="-1" hit_Effect="-1" Sound="null"/>
<effect id="900005" desc="狼疯狂撕咬" type="1" pos="12" speed="-1" beginDis="0" offset="0" disRange="0" harmRange="0" resName="clawComboBase" isLoop="-1" isThrought="-1" hit_Effect="-1" Sound="null"/>
<effect id="900006" desc="小火球" type="2" pos="1" speed="20" beginDis="0" offset="0" disRange="25" harmRange="3" resName="projectile05" isLoop="1" isThrought="0" hit_Effect="-1" nextEffect="30003" Sound="null"/>
<effect id="900007" desc="小碎冰" type="2" pos="1" speed="30" beginDis="0" offset="0" disRange="25" harmRange="3" resName="projectile06" isLoop="1" isThrought="0" hit_Effect="20002" nextEffect="" Sound="null"/>
<effect id="900008" desc="小火焰偏移" type="2" pos="1" speed="20" beginDis="0" offset="0" disRange="25" harmRange="3" resName="projectile07" isLoop="1" isThrought="0" hit_Effect="-1" nextEffect="30003" Sound="null"/>
<effect id="900009" desc="小紫波" type="2" pos="1" speed="20" beginDis="0" offset="0" disRange="25" harmRange="3" resName="projectile09" isLoop="1" isThrought="0" hit_Effect="20002" nextEffect="" Sound="null"/>
<effect id="900010" desc="BOSS死亡" type="3" pos="12" speed="-1" beginDis="0" offset="0" disRange="0" harmRange="0" resName="stohasticArrowLauncher" isLoop="-1" isThrought="-1" hit_Effect="-1" nextEffect="" Sound="null"/>
<effect id="900011" desc="BOSS喷火" type="1" pos="15" speed="-1" beginDis="0" offset="0" disRange="0" harmRange="0" resName="Fire2" isLoop="-1" isThrought="-1" hit_Effect="-1" nextEffect="" Sound="null"/>
<effect id="900012" desc="BOSS喷火" type="2" pos="15" speed="50" beginDis="0" offset="0" disRange="120" harmRange="8" resName="Fire2-1" isLoop="-1" isThrought="-1" hit_Effect="-1" nextEffect="" Sound="null"/>
<effect id="900013" desc="测试震地特效" type="1" pos="13" speed="-1" beginDis="5" offset="0" disRange="0" harmRange="10" resName="Zhanshi_handizhenji" isLoop="-1" isThrought="-1" hit_Effect="-1" nextEffect="" Sound="null"/>
<effect id="900014" desc="测试震地特效" type="1" pos="13" speed="-1" beginDis="5" offset="0" disRange="0" harmRange="20" resName="Zhanshi_handizhenji" isLoop="-1" isThrought="-1" hit_Effect="-1" nextEffect="" Sound="null"/>
<effect id="900015" desc="怪物陨石术" type="3" pos="13" speed="-1" beginDis="101" offset="0" disRange="0" harmRange="0" resName="huoqiushugai" isLoop="-1" isThrought="-1" hit_Effect="-1" nextEffect="" Sound="null"/>
<effect id="900016" desc="怪物陨石术伤害" type="3" pos="13" speed="-1" beginDis="101" offset="0" disRange="0" harmRange="6" resName="Fire2-1" isLoop="-1" isThrought="-1" hit_Effect="-1" nextEffect="" Sound="null"/>
<effect id="900017" desc="轩辕怒吼" type="1" pos="11" speed="-1" beginDis="0" offset="0" disRange="0" harmRange="0" resName="guaiwunuhou" isLoop="1" isThrought="-1" hit_Effect="-1" nextEffect="" Sound="null"/>
<effect id="900018" desc="怪物陨石术伤害" type="3" pos="13" speed="-1" beginDis="13" offset="0" disRange="0" harmRange="18" resName="Fire2-1" isLoop="-1" isThrought="-1" hit_Effect="-1" nextEffect="" Sound="null"/>
<effect id="900019" desc="大怪物怒吼" type="1" pos="11" speed="-1" beginDis="13" offset="0" disRange="0" harmRange="0" resName="guaiwunuhou_boss" isLoop="-1" isThrought="-1" hit_Effect="-1" nextEffect="" Sound="null"/>
<effect id="900020" desc="BOSS震地" type="3" pos="13" speed="-1" beginDis="13" offset="0" disRange="0" harmRange="10" resName="Stomp_Ground" isLoop="-1" isThrought="-1" hit_Effect="-1" nextEffect="" Sound="null"/>
<effect id="900021" desc="怪物暴尸特效" type="1" pos="11" speed="-1" beginDis="0" offset="0" disRange="5" harmRange="0" resName="Hit_Blood_Chest" isLoop="-1" isThrought="-1" hit_Effect="-1" nextEffect="" Sound="null"/>
<effect id="900022" desc="盾兵超级防御" type="1" pos="15" speed="-1" beginDis="0" offset="0" disRange="0" harmRange="0" resName="shield" isLoop="-1" isThrought="-1" hit_Effect="-1" nextEffect="" Sound="null"/>
<effect id="900023" desc="盾兵盾击" type="1" pos="15" speed="-1" beginDis="0" offset="0" disRange="0" harmRange="5" resName="shield2" isLoop="-1" isThrought="-1" hit_Effect="100041" nextEffect="" Sound="null"/>
<effect id="900024" desc="怪物蓄力" type="1" pos="1" speed="-1" beginDis="0" offset="0" disRange="0" harmRange="0" resName="boss_xuqi" isLoop="-1" isThrought="-1" hit_Effect="-1" nextEffect="" Sound="null"/>
<effect id="900025" desc="盾兵防御" type="1" pos="15" speed="-1" beginDis="0" offset="0" disRange="0" harmRange="0" resName="shield2" isLoop="-1" isThrought="-1" hit_Effect="100041" nextEffect="" Sound="null"/>
<effect id="900026" desc="预警特效" type="1" pos="13" speed="-1" beginDis="0" offset="0" disRange="0" harmRange="0" resName="yujingtexiao" isLoop="-1" isThrought="-1" hit_Effect="100041" nextEffect="" Sound="null"/>
<effect id="900027" desc="怪物旋风斩特效" type="1" pos="13" speed="-1" beginDis="0" offset="0" disRange="0" harmRange="10" resName="zhanshi_xuanfengzhan09" isLoop="1" isThrought="-1" hit_Effect="100041" nextEffect="" Sound="null"/>
<effect id="900028" desc="范围隐藏伤害" type="3" pos="13" speed="-1" beginDis="0" offset="0" disRange="0" harmRange="6" resName="Fire2-1" isLoop="-1" isThrought="-1" hit_Effect="-1" nextEffect="" Sound="null"/>
<effect id="900029" desc="大碎冰" type="2" pos="15" speed="35" beginDis="0" offset="0" disRange="40" harmRange="3" resName="projectile061" isLoop="1" isThrought="0" hit_Effect="20002" nextEffect="" Sound="null"/>
<effect id="900030" desc="冰龙蓄力" type="1" pos="15" speed="-1" beginDis="0" offset="0" disRange="0" harmRange="0" resName="bingfengbao_xuli2" isLoop="-1" isThrought="-1" hit_Effect="-1" nextEffect="" Sound="null"/>
<effect id="900031" desc="死亡大爆炸" type="1" pos="11" speed="-1" beginDis="0" offset="0" disRange="0" harmRange="0" resName="Explosion_03" isLoop="-1" isThrought="-1" hit_Effect="-1" nextEffect="" Sound="null"/>
<effect id="900032" desc="op大爆炸" type="1" pos="11" speed="-1" beginDis="0" offset="0" disRange="0" harmRange="0" resName="baodian" isLoop="-1" isThrought="-1" hit_Effect="-1" nextEffect="" Sound="null"/>
<effect id="900033" desc="大碎冰a" type="2" pos="1" speed="35" beginDis="0" offset="0" disRange="40" harmRange="3" resName="projectile061" isLoop="1" isThrought="0" hit_Effect="20002" nextEffect="" Sound="null"/>
<effect id="900034" desc="龙疯狂撕咬" type="1" pos="12" speed="-1" beginDis="0" offset="0" disRange="0" harmRange="5" resName="clawComboBase2" isLoop="-1" isThrought="-1" hit_Effect="-1" Sound="null"/>
<effect id="900035" desc="小火焰小偏移" type="2" pos="1" speed="20" beginDis="0" offset="0" disRange="25" harmRange="3" resName="projectile071" isLoop="1" isThrought="0" hit_Effect="-1" nextEffect="30003" Sound="null"/>
<effect id="900036" desc="龙火爆炸" type="3" pos="12" speed="-1" beginDis="0" offset="0" disRange="0" harmRange="3" resName="longBOOM" isLoop="0" isThrought="-1" hit_Effect="-1" Sound="null"/>
<effect id="900037" desc="大火焰球" type="2" pos="1" speed="50" beginDis="0" offset="0" disRange="35" harmRange="4" resName="Fire_big" isLoop="1" isThrought="0" hit_Effect="-1" nextEffect="900036" Sound="null"/>
<effect id="900038" desc="火龙发起特效" type="1" pos="15" speed="-1" beginDis="0" offset="0" disRange="0" harmRange="0" resName="19_RFX_Cannon1" isLoop="1" isThrought="0" hit_Effect="-1" nextEffect="" Sound="null"/>
<effect id="900039" desc="偏移大火焰球" type="2" pos="1" speed="50" beginDis="0" offset="0" disRange="35" harmRange="4" resName="Fire_big2" isLoop="1" isThrought="0" hit_Effect="-1" nextEffect="900036" Sound="null"/>
<effect id="900040" desc="火龙预警特效" type="3" pos="13" speed="-1" beginDis="101" offset="0" disRange="0" harmRange="0" resName="yujingtexiao3" isLoop="-1" isThrought="-1" hit_Effect="-1" nextEffect="" Sound="null"/>
<effect id="900041" desc="光鸡震" type="3" pos="13" speed="-1" beginDis="101" offset="0" disRange="0" harmRange="18" resName="11003" isLoop="-1" isThrought="-1" hit_Effect="-1" nextEffect="" Sound="null"/>
<effect id="900042" desc="BOSS吸收" type="3" pos="12" speed="-1" beginDis="13" offset="0" disRange="0" harmRange="50" resName="xishou" isLoop="-1" isThrought="-1" hit_Effect="-1" nextEffect="" Sound="null"/>
<effect id="900043" desc="火焰漩涡" type="3" pos="14" speed="-1" beginDis="7" offset="0" disRange="0" harmRange="20" resName="CycloneFire" isLoop="-1" isThrought="-1" hit_Effect="-1" nextEffect="" Sound="null"/>
<effect id="900044" desc="光鸡震" type="3" pos="12" speed="-1" beginDis="7" offset="0" disRange="0" harmRange="0" resName="11003" isLoop="-1" isThrought="-1" hit_Effect="-1" nextEffect="" Sound="null"/>
<effect id="1000001" desc="中毒" type="1" pos="11" speed="-1" beginDis="0" offset="0" disRange="0" harmRange="0" resName="buff_zhongdu" isLoop="1" isThrought="-1" hit_Effect="-1" nextEffect="" Sound="null"/>
<effect id="1000002" desc="流血" type="1" pos="11" speed="-1" beginDis="0" offset="0" disRange="0" harmRange="0" resName="buff_liuxue" isLoop="1" isThrought="-1" hit_Effect="-1" nextEffect="" Sound="null"/>
<effect id="1000003" desc="攻击力up" type="1" pos="11" speed="-1" beginDis="0" offset="0" disRange="0" harmRange="0" resName="buff_atk" isLoop="1" isThrought="-1" hit_Effect="-1" nextEffect="" Sound="null"/>
<effect id="1000004" desc="盾墙" type="1" pos="11" speed="-1" beginDis="0" offset="0" disRange="0" harmRange="0" resName="buff_fangyu" isLoop="1" isThrought="-1" hit_Effect="-1" nextEffect="" Sound="null"/>
<effect id="1000005" desc="神行" type="1" pos="11" speed="-1" beginDis="0" offset="0" disRange="0" harmRange="0" resName="buff_jiasu" isLoop="1" isThrought="-1" hit_Effect="-1" nextEffect="" Sound="null"/>
<effect id="1000006" desc="眩晕" type="1" pos="11" speed="-1" beginDis="0" offset="0" disRange="0" harmRange="0" resName="buff_xuanyun" isLoop="1" isThrought="-1" hit_Effect="-1" nextEffect="" Sound="null"/>
<effect id="1000007" desc="冰冻" type="1" pos="13" speed="-1" beginDis="0" offset="0" disRange="0" harmRange="0" resName="buff_bingfeng" isLoop="1" isThrought="-1" hit_Effect="-1" nextEffect="30022" Sound="null"/>
<effect id="1000008" desc="战斗力" type="1" pos="11" speed="-1" beginDis="0" offset="0" disRange="0" harmRange="0" resName="buff_zhandouli" isLoop="1" isThrought="-1" hit_Effect="-1" nextEffect="" Sound="null"/>
<effect id="1000009" desc="觉醒持续效果" type="1" pos="13" speed="-1" beginDis="0" offset="0" disRange="0" harmRange="0" resName="juexingbuff" isLoop="1" isThrought="-1" hit_Effect="-1" nextEffect="" Sound="null"/>
<effect id="1000010" desc="减速" type="1" pos="13" speed="-1" beginDis="0" offset="0" disRange="0" harmRange="0" resName="buff_jiansu" isLoop="1" isThrought="-1" hit_Effect="-1" nextEffect="" Sound="null"/>
<effect id="1000011" desc="灼烧" type="1" pos="11" speed="-1" beginDis="0" offset="0" disRange="0" harmRange="0" resName="Fire_buff" isLoop="1" isThrought="-1" hit_Effect="-1" nextEffect="" Sound="null"/>
<effect id="1000012" desc="小加血BUFF" type="1" pos="11" speed="-1" beginDis="0" offset="0" disRange="0" harmRange="0" resName="jiaxue_buff" isLoop="1" isThrought="-1" hit_Effect="-1" nextEffect="" Sound="null"/>
<effect id="1000013" desc="破防BUFF" type="1" pos="11" speed="-1" beginDis="0" offset="0" disRange="0" harmRange="0" resName="pofang_buff" isLoop="1" isThrought="-1" hit_Effect="-1" nextEffect="" Sound="null"/>
<effect id="2000001" desc="拾取特效" type="1" pos="12" speed="-1" beginDis="0" offset="0" disRange="0" harmRange="0" resName="item_shiqutexiao" isLoop="0" isThrought="-1" hit_Effect="-1" Sound="null"/>
<effect id="2000002" desc="无敌特效" type="1" pos="13" speed="-1" beginDis="0" offset="0" disRange="0" harmRange="0" resName="Energy01(DAD)" isLoop="1" isThrought="-1" hit_Effect="-1" Sound="null"/>
<effect id="2000003" desc="激光一击" type="1" pos="14" speed="-1" beginDis="0" offset="0" disRange="0" harmRange="0" resName="Fashitexiao_jiguang_once" isLoop="-1" isThrought="1" hit_Effect="-1" Sound="null"/>
<effect id="2000004" desc="怪物毒雾" type="3" pos="13" speed="-1" beginDis="101" offset="0" disRange="0" harmRange="6" resName="AcidBomb" isLoop="-1" isThrought="-1" hit_Effect="-1" nextEffect="" Sound="null"/>
<effect id="2000005" desc="冰球" type="2" pos="15" speed="20" beginDis="0" offset="0" disRange="30" harmRange="1" resName="projectile06" isLoop="1" isThrought="0" hit_Effect="20002" nextEffect="" Sound="null"/>
<effect id="2000006" desc="防御BUFF" type="1" pos="11" speed="-1" beginDis="0" offset="0" disRange="0" harmRange="0" resName="fangyu_buff" isLoop="1" isThrought="-1" hit_Effect="-1" nextEffect="" Sound="null"/>
<effect id="2000007" desc="加血施法特效" type="1" pos="13" speed="-1" beginDis="0" offset="0" disRange="0" harmRange="0" resName="15_RFX_Magic_Buff2" isLoop="1" isThrought="-1" hit_Effect="-1" nextEffect="" Sound="null"/>
<effect id="2000008" desc="激光二击" type="1" pos="14" speed="-1" beginDis="0" offset="0" disRange="0" harmRange="0" resName="Fashitexiao_jiguang_two" isLoop="-1" isThrought="1" hit_Effect="-1" Sound="null"/>
</root>