<root>
<everyDay id="1" funId="POWER_12" name="军粮补给" desc="午餐时间12：00~14：00" icon="turnGoldBg" total="0" dw="null" args="12#2" openfuncid="0" task="1" award1="-1" award2="102016:1" cardinal_number="0" client_args="-12" btn_road="null"/>
<everyDay id="2" funId="POWER_18" name="军粮补给" desc="晚餐时间17：00~19：00" icon="turnGoldBg" total="0" dw="null" args="17#2" openfuncid="0" task="1" award1="-1" award2="102016:1" cardinal_number="0" client_args="-18" btn_road="null"/>
<everyDay id="3" funId="POWER_21" name="军粮补给" desc="夜宵时间21：00~23：00" icon="turnGoldBg" total="0" dw="null" args="21#2" openfuncid="0" task="1" award1="-1" award2="102016:1" cardinal_number="0" client_args="-21" btn_road="null"/>
<everyDay id="4" funId="NOMAL_FB" name="横扫千军" desc="通关5次普通副本" icon="putongBg" total="5" dw="次" args="null" openfuncid="2" task="1" award1="-1" award2="106007:5" cardinal_number="10" client_args="44" btn_road="null"/>
<everyDay id="5" funId="ELITE_FB" name="横扫千军" desc="通关3次精英副本" icon="jingyingBg" total="3" dw="次" args="null" openfuncid="31" task="1" award1="-1" award2="106008:3" cardinal_number="15" client_args="-44" btn_road="null"/>
<everyDay id="6" funId="DREAMLAND_FB" name="万夫莫敌" desc="参与2次日常活动" icon="richangBg" total="2" dw="次" args="null" openfuncid="28" task="1" award1="-1" award2="201001:1" cardinal_number="0" client_args="32" btn_road="null"/>
<everyDay id="7" funId="EQUIP_STRONG" name="装备强化" desc="进行3次装备强化" icon="zhuangBeiBg" total="3" dw="次" args="null" openfuncid="6" task="1" award1="-1" award2="202001:1" cardinal_number="0" client_args="14" btn_road="GemUI(Clone)/Offset/btns/0"/>
<everyDay id="8" funId="WORLDBOSS_1" name="勇争第一" desc="参与击杀世界BOSS" icon="bossBg" total="1" dw="null" args="null" openfuncid="32" task="1" award1="-1" award2="106009:1" cardinal_number="0" client_args="-35" btn_road="null"/>
<everyDay id="9" funId="MONTH_CARD" name="月卡钻石" desc="领取月卡每日奖励" icon="turnGoldBg" total="0" dw="钻石" args="null" openfuncid="0" task="1" award1="-1" award2="102018:1" cardinal_number="0" client_args="-1" btn_road="null"/>
<everyDay id="10" funId="TOWER" name="降妖伏魔" desc="参与伏魔塔1次" icon="fumotaBg" total="1" dw="次" args="null" openfuncid="20" task="1" award1="-1" award2="106009:1" cardinal_number="0" client_args="-35" btn_road="null"/>
<everyDay id="11" funId="BRING_UP" name="宝物培养" desc="进行3次人物培养" icon="baowuBg" total="3" dw="次" args="null" openfuncid="30" task="1" award1="-1" award2="101006:1" cardinal_number="0" client_args="31" btn_road="RoleAttrUI(Clone)/Offset/btns/1"/>
<everyDay id="12" funId="ATHLETICS" name="竞技之王" desc="竞技场挑战5位玩家" icon="jingjiBg" total="5" dw="次" args="null" openfuncid="21" task="1" award1="-1" award2="106009:1" cardinal_number="0" client_args="13" btn_road="null"/>
<everyDay id="13" funId="SKILL" name="升级技能" desc="升级技能3次" icon="skillBg" total="3" dw="次" args="null" openfuncid="5" task="1" award1="-1" award2="106007:5" cardinal_number="10" client_args="2" btn_road="null"/>
<everyDay id="14" funId="TALENT" name="升级兵法" desc="升级兵法1次" icon="bingfaBg" total="1" dw="次" args="null" openfuncid="16" task="1" award1="-1" award2="101007:1" cardinal_number="0" client_args="31" btn_road="RoleAttrUI(Clone)/Offset/btns/2"/>
<everyDay id="15" funId="TREASURE_HUNT" name="天天寻宝" desc="寻宝探索3次" icon="xunbaoBg" total="3" dw="次" args="null" openfuncid="27" task="1" award1="-1" award2="106007:5" cardinal_number="10" client_args="-18" btn_road="null"/>
<everyDay id="16" funId="RETINUE" name="武将升级" desc="升级3次武将" icon="wujiangBg" total="3" dw="次" args="null" openfuncid="26" task="1" award1="-1" award2="106007:5" cardinal_number="10" client_args="-24" btn_road="null"/>
<everyDay id="17" funId="SYNTHETIC_GEM" name="宝石合成" desc="进行合成宝石1次" icon="hechengBg" total="1" dw="次" args="null" openfuncid="9" task="1" award1="-1" award2="203001:1" cardinal_number="0" client_args="14" btn_road="GemUI(Clone)/Offset/btns/2"/>
<everyDay id="18" funId="GOLDEN" name="点石成金" desc="进行点金3次" icon="turnGoldBg" total="3" dw="次" args="null" openfuncid="7" task="1" award1="-1" award2="106007:5" cardinal_number="10" client_args="15" btn_road="null"/>
<everyDay id="19" funId="GODDESS" name="守护女神" desc="参加守护女神1次" icon="nvshenBg" total="1" dw="次" args="null" openfuncid="42" task="1" award1="-1" award2="201001:10#202001:1" cardinal_number="0" client_args="51" btn_road="null"/>
</root>