<root>
<Exp id="1" EXP="120" power="0"/>
<Exp id="2" EXP="260" power="0"/>
<Exp id="3" EXP="480" power="0"/>
<Exp id="4" EXP="600" power="0"/>
<Exp id="5" EXP="889" power="0"/>
<Exp id="6" EXP="1078" power="0"/>
<Exp id="7" EXP="1286" power="0"/>
<Exp id="8" EXP="1515" power="0"/>
<Exp id="9" EXP="1767" power="0"/>
<Exp id="10" EXP="2044" power="00"/>
<Exp id="11" EXP="2348" power="00"/>
<Exp id="12" EXP="2683" power="00"/>
<Exp id="13" EXP="3051" power="00"/>
<Exp id="14" EXP="3456" power="00"/>
<Exp id="15" EXP="3902" power="00"/>
<Exp id="16" EXP="4392" power="00"/>
<Exp id="17" EXP="4931" power="00"/>
<Exp id="18" EXP="5524" power="00"/>
<Exp id="19" EXP="6176" power="00"/>
<Exp id="20" EXP="6894" power="00"/>
<Exp id="21" EXP="7683" power="00"/>
<Exp id="22" EXP="8551" power="00"/>
<Exp id="23" EXP="9506" power="00"/>
<Exp id="24" EXP="10557" power="00"/>
<Exp id="25" EXP="11713" power="00"/>
<Exp id="26" EXP="12984" power="00"/>
<Exp id="27" EXP="14382" power="00"/>
<Exp id="28" EXP="15920" power="00"/>
<Exp id="29" EXP="17612" power="00"/>
<Exp id="30" EXP="19473" power="00"/>
<Exp id="31" EXP="21520" power="00"/>
<Exp id="32" EXP="23772" power="00"/>
<Exp id="33" EXP="26249" power="00"/>
<Exp id="34" EXP="28974" power="00"/>
<Exp id="35" EXP="31971" power="00"/>
<Exp id="36" EXP="35268" power="00"/>
<Exp id="37" EXP="38895" power="00"/>
<Exp id="38" EXP="42885" power="00"/>
<Exp id="39" EXP="47274" power="00"/>
<Exp id="40" EXP="52101" power="00"/>
<Exp id="41" EXP="57411" power="00"/>
<Exp id="42" EXP="63252" power="00"/>
<Exp id="43" EXP="69677" power="00"/>
<Exp id="44" EXP="76745" power="00"/>
<Exp id="45" EXP="84520" power="00"/>
<Exp id="46" EXP="93072" power="00"/>
<Exp id="47" EXP="102479" power="00"/>
<Exp id="48" EXP="112827" power="00"/>
<Exp id="49" EXP="124210" power="00"/>
<Exp id="50" EXP="136731" power="00"/>
<Exp id="51" EXP="150504" power="00"/>
<Exp id="52" EXP="165654" power="00"/>
<Exp id="53" EXP="182319" power="00"/>
<Exp id="54" EXP="200651" power="00"/>
<Exp id="55" EXP="220816" power="00"/>
<Exp id="56" EXP="242998" power="00"/>
<Exp id="57" EXP="267398" power="00"/>
<Exp id="58" EXP="294238" power="00"/>
<Exp id="59" EXP="323762" power="00"/>
<Exp id="60" EXP="356238" power="00"/>
<Exp id="61" EXP="391962" power="00"/>
<Exp id="62" EXP="431258" power="00"/>
<Exp id="63" EXP="474484" power="00"/>
<Exp id="64" EXP="522032" power="00"/>
<Exp id="65" EXP="574335" power="00"/>
<Exp id="66" EXP="631869" power="00"/>
<Exp id="67" EXP="695156" power="00"/>
<Exp id="68" EXP="764772" power="00"/>
<Exp id="69" EXP="841349" power="00"/>
<Exp id="70" EXP="925584" power="00"/>
<Exp id="71" EXP="1018242" power="00"/>
<Exp id="72" EXP="1120166" power="00"/>
<Exp id="73" EXP="1232283" power="00"/>
<Exp id="74" EXP="1355611" power="00"/>
<Exp id="75" EXP="1491272" power="00"/>
<Exp id="76" EXP="1640499" power="00"/>
<Exp id="77" EXP="1804649" power="00"/>
<Exp id="78" EXP="1985214" power="00"/>
<Exp id="79" EXP="2183835" power="00"/>
<Exp id="80" EXP="2147483647" power="0"/>
</root>