<root>
<fightRank id="1" title="龙血战士3" rankCore="2501-3000" rmb="200" gold="90000" honour="90"/>
<fightRank id="2" title="龙血战士2" rankCore="2201-2500" rmb="150" gold="85000" honour="81"/>
<fightRank id="3" title="龙血战士1" rankCore="2001-2200" rmb="120" gold="80000" honour="72"/>
<fightRank id="4" title="黄金战士3" rankCore="1601-2000" rmb="100" gold="75000" honour="65"/>
<fightRank id="5" title="黄金战士2" rankCore="1401-1600" rmb="80" gold="70000" honour="60"/>
<fightRank id="6" title="黄金战士1" rankCore="1000-1400" rmb="60" gold="65000" honour="55"/>
<fightRank id="7" title="白银战士3" rankCore="801-1000" rmb="50" gold="60000" honour="45"/>
<fightRank id="8" title="白银战士2" rankCore="601-800" rmb="40" gold="55000" honour="35"/>
<fightRank id="9" title="白银战士1" rankCore="401-600" rmb="35" gold="50000" honour="30"/>
<fightRank id="10" title="青铜战士3" rankCore="301-400" rmb="30" gold="30000" honour="25"/>
<fightRank id="11" title="青铜战士2" rankCore="201-300" rmb="25" gold="20000" honour="22"/>
<fightRank id="12" title="青铜战士1" rankCore="0-200" rmb="20" gold="10000" honour="20"/>
</root>