<root>
<firstAttr id="1" name="轩辕力量" role="1" type="1" HP="10" ATK="3" DEF="2" HIT="0" MISS="0" CRI="0" CRI_DEF="5" CRI_MUL="0" CRI_MUL_DEF="0" HURT_DEF="0" MOVE_SPEED="0"/>
<firstAttr id="2" name="轩辕智力" role="1" type="3" HP="0" ATK="0" DEF="0" HIT="0" MISS="0" CRI="0" CRI_DEF="0" CRI_MUL="1" CRI_MUL_DEF="0" HURT_DEF="0" MOVE_SPEED="0"/>
<firstAttr id="3" name="轩辕敏捷" role="1" type="2" HP="0" ATK="0" DEF="0" HIT="0" MISS="0" CRI="1" CRI_DEF="0" CRI_MUL="0" CRI_MUL_DEF="0" HURT_DEF="0" MOVE_SPEED="0"/>
<firstAttr id="4" name="轩辕体质" role="1" type="4" HP="20" ATK="0" DEF="0" HIT="0" MISS="0" CRI="0" CRI_DEF="2" CRI_MUL="0" CRI_MUL_DEF="15" HURT_DEF="0" MOVE_SPEED="0"/>
<firstAttr id="5" name="圣灵力量" role="3" type="1" HP="10" ATK="0" DEF="0.5" HIT="0" MISS="0" CRI="0" CRI_DEF="5" CRI_MUL="0" CRI_MUL_DEF="0" HURT_DEF="0" MOVE_SPEED="0"/>
<firstAttr id="6" name="圣灵智力" role="3" type="3" HP="0" ATK="3" DEF="0" HIT="0" MISS="0" CRI="0" CRI_DEF="0" CRI_MUL="1" CRI_MUL_DEF="0" HURT_DEF="0" MOVE_SPEED="0"/>
<firstAttr id="7" name="圣灵敏捷" role="3" type="2" HP="0" ATK="0" DEF="0" HIT="0" MISS="0" CRI="1" CRI_DEF="0" CRI_MUL="0" CRI_MUL_DEF="0" HURT_DEF="0" MOVE_SPEED="0"/>
<firstAttr id="8" name="圣灵体质" role="3" type="4" HP="20" ATK="0" DEF="0" HIT="0" MISS="0" CRI="0" CRI_DEF="2" CRI_MUL="0" CRI_MUL_DEF="15" HURT_DEF="0" MOVE_SPEED="0"/>
<firstAttr id="9" name="落羽力量" role="2" type="1" HP="10" ATK="0" DEF="0.5" HIT="0" MISS="0" CRI="0" CRI_DEF="5" CRI_MUL="0" CRI_MUL_DEF="0" HURT_DEF="0" MOVE_SPEED="0"/>
<firstAttr id="10" name="落羽智力" role="2" type="3" HP="0" ATK="0" DEF="0" HIT="0" MISS="0" CRI="0" CRI_DEF="0" CRI_MUL="1" CRI_MUL_DEF="0" HURT_DEF="0" MOVE_SPEED="0"/>
<firstAttr id="11" name="落羽敏捷" role="2" type="2" HP="0" ATK="2" DEF="0" HIT="0" MISS="0" CRI="1" CRI_DEF="0" CRI_MUL="0" CRI_MUL_DEF="0" HURT_DEF="0" MOVE_SPEED="0"/>
<firstAttr id="12" name="落羽体质" role="2" type="4" HP="20" ATK="0" DEF="0" HIT="0" MISS="0" CRI="0" CRI_DEF="2" CRI_MUL="0" CRI_MUL_DEF="15" HURT_DEF="0" MOVE_SPEED="0"/>
</root>