<root>
<gonghui id="1" next_gold="50000" people="20" minister_people="1" train_level="2" anabasis_level="1"/>
<gonghui id="2" next_gold="150000" people="25" minister_people="1" train_level="4" anabasis_level="2"/>
<gonghui id="3" next_gold="270000" people="30" minister_people="2" train_level="6" anabasis_level="3"/>
<gonghui id="4" next_gold="410000" people="35" minister_people="2" train_level="8" anabasis_level="4"/>
<gonghui id="5" next_gold="580000" people="40" minister_people="3" train_level="10" anabasis_level="5"/>
<gonghui id="6" next_gold="790000" people="50" minister_people="3" train_level="12" anabasis_level="6"/>
<gonghui id="7" next_gold="1000000" people="60" minister_people="4" train_level="14" anabasis_level="7"/>
<gonghui id="8" next_gold="1300000" people="70" minister_people="4" train_level="16" anabasis_level="8"/>
<gonghui id="9" next_gold="1690000" people="80" minister_people="5" train_level="18" anabasis_level="9"/>
<gonghui id="10" next_gold="2120000" people="90" minister_people="5" train_level="20" anabasis_level="10"/>
</root>