<root>
<Help id="1" main_class="1" main_name="我要经验" subclass_Name="普通副本" level="1" star_level="3" path_logo="44" uiRoot="2" path="null" Introduction="可获得经验、金钱、装备等奖励。"/>
<Help id="2" main_class="1" main_name="我要经验" subclass_Name="幻境" level="15" star_level="2" path_logo="32" uiRoot="2" path="null" Introduction="可获得经验、金钱、装备等奖励。"/>
<Help id="3" main_class="1" main_name="我要经验" subclass_Name="精英副本" level="25" star_level="3" path_logo="-44" uiRoot="2" path="WorldMapUI(Clone)/Offset/DiffcultBg/Button_JY" Introduction="可获得经验、金钱、装备等奖励。"/>
<Help id="4" main_class="1" main_name="我要经验" subclass_Name="爬塔" level="30" star_level="2" path_logo="37" uiRoot="2" path="null" Introduction="可获得经验、荣誉点奖励。"/>
<Help id="5" main_class="1" main_name="我要经验" subclass_Name="世界BOSS" level="35" star_level="2" path_logo="36" uiRoot="2" path="null" Introduction="可获得经验、金钱、荣誉点奖励。"/>
<Help id="6" main_class="1" main_name="我要经验" subclass_Name="守护女神" level="50" star_level="4" path_logo="51" uiRoot="2" path="null" Introduction="可获得经验、金钱奖励。"/>
<Help id="7" main_class="2" main_name="我要金钱" subclass_Name="普通副本" level="1" star_level="3" path_logo="44" uiRoot="2" path="null" Introduction="可获得经验、金钱、装备等奖励。"/>
<Help id="8" main_class="2" main_name="我要金钱" subclass_Name="点石成金" level="7" star_level="4" path_logo="15" uiRoot="2" path="null" Introduction="可获得金钱奖励。"/>
<Help id="9" main_class="2" main_name="我要金钱" subclass_Name="幻境" level="15" star_level="2" path_logo="32" uiRoot="2" path="null" Introduction="可获得经验、金钱、装备等奖励。"/>
<Help id="10" main_class="2" main_name="我要金钱" subclass_Name="精英副本" level="25" star_level="3" path_logo="-44" uiRoot="2" path="WorldMapUI(Clone)/Offset/DiffcultBg/Button_JY" Introduction="可获得经验、金钱、装备等奖励。"/>
<Help id="11" main_class="2" main_name="我要金钱" subclass_Name="爬塔" level="30" star_level="2" path_logo="37" uiRoot="2" path="null" Introduction="可获得经验、荣誉点奖励。"/>
<Help id="12" main_class="2" main_name="我要金钱" subclass_Name="守护女神" level="50" star_level="4" path_logo="51" uiRoot="2" path="null" Introduction="可获得经验、金钱奖励。"/>
<Help id="13" main_class="3" main_name="我要变强" subclass_Name="装备强化" level="6" star_level="4" path_logo="14" uiRoot="2" path="GemUI(Clone)/Offset/btns/0" Introduction="强化装备可以提高属性。"/>
<Help id="14" main_class="3" main_name="我要变强" subclass_Name="升级技能" level="9" star_level="3" path_logo="2" uiRoot="2" path="null" Introduction="升级技能可以提高伤害。"/>
<Help id="15" main_class="3" main_name="我要变强" subclass_Name="培养" level="27" star_level="2" path_logo="31" uiRoot="2" path="RoleAttrUI(Clone)/Offset/btns/1" Introduction="通过培养可以提升自身属性。"/>
<Help id="16" main_class="3" main_name="我要变强" subclass_Name="装备镶嵌" level="28" star_level="3" path_logo="14" uiRoot="2" path="GemUI(Clone)/Offset/btns/1" Introduction="镶嵌宝石可以提高自身属性。"/>
<Help id="17" main_class="3" main_name="我要变强" subclass_Name="兵法" level="45" star_level="2" path_logo="31" uiRoot="2" path="RoleAttrUI(Clone)/Offset/btns/2" Introduction="开启兵法可以提升自身属性。"/>
<Help id="18" main_class="3" main_name="我要变强" subclass_Name="武将升级" level="9" star_level="4" path_logo="23" uiRoot="2" path="null" Introduction="获取升级武将让你变的更强大。"/>
<Help id="19" main_class="4" main_name="我要装备" subclass_Name="普通副本" level="1" star_level="3" path_logo="44" uiRoot="2" path="null" Introduction="可获得经验、金钱、装备等奖励。"/>
<Help id="20" main_class="4" main_name="我要装备" subclass_Name="幻境" level="15" star_level="2" path_logo="32" uiRoot="2" path="null" Introduction="可获得经验、金钱、装备等奖励。"/>
<Help id="21" main_class="4" main_name="我要装备" subclass_Name="精英副本" level="25" star_level="3" path_logo="-44" uiRoot="2" path="WorldMapUI(Clone)/Offset/DiffcultBg/Button_JY" Introduction="可获得经验、金钱、装备等奖励。"/>
<Help id="22" main_class="4" main_name="我要装备" subclass_Name="世界BOSS" level="35" star_level="2" path_logo="36" uiRoot="2" path="null" Introduction="可获得经验、金钱、荣誉点奖励。"/>
<Help id="23" main_class="5" main_name="我要荣誉" subclass_Name="竞技场" level="10" star_level="5" path_logo="13" uiRoot="2" path="null" Introduction="可获得金钱、荣誉点奖励。"/>
<Help id="24" main_class="5" main_name="我要荣誉" subclass_Name="爬塔" level="30" star_level="2" path_logo="37" uiRoot="2" path="null" Introduction="可获得经验、荣誉点奖励。"/>
<Help id="25" main_class="5" main_name="我要荣誉" subclass_Name="世界BOSS" level="35" star_level="2" path_logo="36" uiRoot="2" path="null" Introduction="可获得经验、金钱、荣誉点奖励。"/>
</root>