<root>
<huodongopen id="34" total_recharge_getItem="1" one_recharge_getItem="1" consumeRMB_getItem="0" preDay_recharge_getItem="0" power_more="1" choujiang="0"/>
<huodongopen id="35" total_recharge_getItem="1" one_recharge_getItem="1" consumeRMB_getItem="0" preDay_recharge_getItem="0" power_more="1" choujiang="0"/>
<huodongopen id="36" total_recharge_getItem="0" one_recharge_getItem="0" consumeRMB_getItem="1" preDay_recharge_getItem="1" power_more="0" choujiang="1"/>
<huodongopen id="37" total_recharge_getItem="1" one_recharge_getItem="1" consumeRMB_getItem="0" preDay_recharge_getItem="0" power_more="1" choujiang="0"/>
<huodongopen id="38" total_recharge_getItem="0" one_recharge_getItem="0" consumeRMB_getItem="1" preDay_recharge_getItem="1" power_more="0" choujiang="1"/>
<huodongopen id="39" total_recharge_getItem="1" one_recharge_getItem="1" consumeRMB_getItem="0" preDay_recharge_getItem="0" power_more="0" choujiang="0"/>
<huodongopen id="40" total_recharge_getItem="0" one_recharge_getItem="0" consumeRMB_getItem="0" preDay_recharge_getItem="0" power_more="0" choujiang="0"/>
<huodongopen id="41" total_recharge_getItem="0" one_recharge_getItem="0" consumeRMB_getItem="0" preDay_recharge_getItem="0" power_more="0" choujiang="0"/>
<huodongopen id="42" total_recharge_getItem="0" one_recharge_getItem="0" consumeRMB_getItem="0" preDay_recharge_getItem="0" power_more="0" choujiang="0"/>
<huodongopen id="43" total_recharge_getItem="0" one_recharge_getItem="0" consumeRMB_getItem="0" preDay_recharge_getItem="0" power_more="0" choujiang="0"/>
<huodongopen id="44" total_recharge_getItem="0" one_recharge_getItem="0" consumeRMB_getItem="0" preDay_recharge_getItem="0" power_more="0" choujiang="0"/>
</root>