<root>
<Information id="1" area="1" content="恭喜[4169E1]%var1%[-]将人物军衔进阶到最高级[CD3700]三段·武烈+2[-]。" key="advanced"/>
<Information id="2" area="1" content="恭喜[4169E1]%var1%[-]合成了最高级的[EE9A00]%var2%[-]。" key="Synthetic_gemstones"/>
<Information id="3" area="1" content="恭喜[4169E1]%var1%[-]将武将[CD3700]%var2%[-]进阶到5星。" key="Afterentering_star"/>
<Information id="4" area="1" content="恭喜[4169E1]%var1%[-]将武将[9400D3]%var2%[-]进阶到紫色品阶。" key="After_advanced_1"/>
<Information id="5" area="1" content="恭喜[4169E1]%var1%[-]将武将[CD3700]%var2%[-]进阶到橙色品阶。" key="After_advanced_2"/>
<Information id="6" area="1" content="恭喜[4169E1]%var1%[-]在竞技场中经过不懈努力获得胜利排名提升至%var2%，大家快去挑战他！" key="Arena"/>
<Information id="7" area="1" content="恭喜[4169E1]%var1%[-]在武将抽奖中获得了紫色品阶的武将[9400D3]%var2%[-]。" key="Luck_draw_1"/>
<Information id="8" area="1" content="恭喜[4169E1]%var1%[-]在武将抽奖中获得了橙色品阶的武将[CD3700]%var2%[-]。" key="Luck_draw_2"/>
<Information id="9" area="1" content="恭喜[4169E1]%var1%[-]经过不懈努力通关了[EEC900]伏魔塔[-]。" key="Demon_tower"/>
<Information id="10" area="1" content="恭喜[4169E1]%var1%[-]经过不懈努力打败了万恶的圣灵[EE0000]%var2%[-]，大家为他欢呼吧！" key="World_BOSS"/>
<Information id="11" area="1" content="恭喜[4169E1]%var1%[-]历经艰辛通关了[FFFF00]%var2%[-]获得了[9400D3]%var3%[-]奖励。大家快去挑战吧！" key="Equipment_Purple"/>
<Information id="12" area="1" content="恭喜[4169E1]%var1%[-]历经艰辛通关了[FFFF00]%var2%[-]获得了[CD3700]%var3%[-]奖励。大家快去挑战吧！" key="Equipment_Orange "/>
<Information id="13" area="1" content="[4169E1]%var1%[-]：[FFFF00]%var2%[-]" key="Note"/>
<Information id="14" area="2" content="[4169E1]%var1%[-]" key="show"/>
</root>