<root>
<map id="1" section="0" chapter="序章  出世救曹" Map_type="1" Difficulty_level="1" background_ID="null" mapName="救世初战" openbackground_icon="UI_gq2_iocn" flip="1" background_X="-375" background_Y="-206" partName="11100#" icon="map208#" mapDesc="null"/>
<map id="2" section="1" chapter="第一章  墓冠曹魔" Map_type="1" Difficulty_level="1" background_ID="UI_beijin_1" mapName="域原之地" openbackground_icon="UI_gq2_iocn" flip="1" background_X="-375" background_Y="-206" partName="11101#11102#11103#" icon="map205#map210#map128#" mapDesc="副本描述"/>
<map id="3" section="1" chapter="第一章  墓冠曹魔" Map_type="1" Difficulty_level="1" background_ID="UI_beijin_1" mapName="幽暗陵宫" openbackground_icon="UI_gq7_iocn" flip="1" background_X="-310" background_Y="123" partName="11201#11202#11203#" icon="map132#map130#map131#" mapDesc="副本描述"/>
<map id="4" section="1" chapter="第一章  墓冠曹魔" Map_type="1" Difficulty_level="1" background_ID="UI_beijin_1" mapName="雁荡林" openbackground_icon="UI_gq3_iocn" flip="1" background_X="-68" background_Y="-29" partName="11301#11302#11303#" icon="map145#map112#map108#" mapDesc="副本描述"/>
<map id="5" section="1" chapter="第一章  墓冠曹魔" Map_type="1" Difficulty_level="1" background_ID="UI_beijin_1" mapName="永恒龙域" openbackground_icon="UI_gq5_iocn" flip="1" background_X="117" background_Y="76" partName="11401#11402#11403#11404#" icon="map134#map200#map129#map123#" mapDesc="副本描述"/>
<map id="6" section="1" chapter="第一章  墓冠曹魔" Map_type="1" Difficulty_level="1" background_ID="UI_beijin_1" mapName="汉帝陵寝" openbackground_icon="UI_gq6_iocn" flip="1" background_X="343" background_Y="-149" partName="11501#11502#11503#11504#11505#" icon="map200#map205#map201#map207#map209#" mapDesc="副本描述"/>
<map id="7" section="2" chapter="第二章  魔变之战" Map_type="1" Difficulty_level="1" background_ID="UI_beijin_1" mapName="靖王之墓" openbackground_icon="UI_gq7_iocn" flip="-1" background_X="-375" background_Y="-206" partName="12100#12101#12102#12103#" icon="map125#map124#map128#map123#" mapDesc="副本描述"/>
<map id="8" section="2" chapter="第二章  魔变之战" Map_type="1" Difficulty_level="1" background_ID="UI_beijin_1" mapName="徐福陵墓" openbackground_icon="UI_gq2_iocn" flip="-1" background_X="-310" background_Y="123" partName="12200#12201#12202#12203#" icon="map134#map105#map114#map128#" mapDesc="副本描述"/>
<map id="9" section="2" chapter="第二章  魔变之战" Map_type="1" Difficulty_level="1" background_ID="UI_beijin_1" mapName="冥阁魔宫" openbackground_icon="UI_gq3_iocn" flip="-1" background_X="-68" background_Y="-29" partName="12300#12301#12302#" icon="map123#map114#map146#" mapDesc="副本描述"/>
<map id="10" section="2" chapter="第二章  魔变之战" Map_type="1" Difficulty_level="1" background_ID="UI_beijin_1" mapName="陵宫宝阁" openbackground_icon="UI_gq6_iocn" flip="-1" background_X="117" background_Y="76" partName="12400#12401#12402#12403#" icon="map200#map208#map205#map209#" mapDesc="副本描述"/>
<map id="11" section="2" chapter="第二章  魔变之战" Map_type="1" Difficulty_level="1" background_ID="UI_beijin_1" mapName="长安之地" openbackground_icon="UI_gq5_iocn" flip="-1" background_X="323" background_Y="125" partName="12500#12501#12502#" icon="map144#map145#map149#" mapDesc="副本描述"/>
<map id="12" section="2" chapter="第二章  魔变之战" Map_type="1" Difficulty_level="1" background_ID="UI_beijin_1" mapName="再战官渡" openbackground_icon="UI_gq6_iocn" flip="-1" background_X="343" background_Y="-149" partName="12600#12601#12602#12603#" icon="map103#map113#map111#map107#" mapDesc="副本描述"/>
<map id="13" section="1" chapter="第一章  墓冠曹魔" Map_type="1" Difficulty_level="2" background_ID="UI_beijin_1" mapName="冥墓亡陵" openbackground_icon="UI_gq1_iocn" flip="-1" background_X="-375" background_Y="-206" partName="21100#" icon="UI_gq1_iocn#" mapDesc="副本描述"/>
<map id="14" section="1" chapter="第一章  墓冠曹魔" Map_type="1" Difficulty_level="2" background_ID="UI_beijin_1" mapName="幽暗领地" openbackground_icon="UI_gq2_iocn" flip="-1" background_X="-310" background_Y="123" partName="21200#" icon="UI_gq2_iocn#" mapDesc="副本描述"/>
<map id="15" section="1" chapter="第一章  墓冠曹魔" Map_type="1" Difficulty_level="2" background_ID="UI_beijin_1" mapName="虎狼之地" openbackground_icon="UI_gq3_iocn" flip="1" background_X="-68" background_Y="-29" partName="21300#" icon="UI_gq3_iocn#" mapDesc="副本描述"/>
<map id="16" section="1" chapter="第一章  墓冠曹魔" Map_type="1" Difficulty_level="2" background_ID="UI_beijin_1" mapName="地下龙域" openbackground_icon="UI_gq4_iocn" flip="-1" background_X="117" background_Y="76" partName="21400#" icon="UI_gq4_iocn#" mapDesc="副本描述"/>
<map id="17" section="1" chapter="第一章  墓冠曹魔" Map_type="1" Difficulty_level="2" background_ID="UI_beijin_1" mapName="武帝寝宫" openbackground_icon="UI_gq6_iocn" flip="1" background_X="343" background_Y="-149" partName="21500#" icon="UI_gq6_iocn#" mapDesc="副本描述"/>
<map id="18" section="2" chapter="第二章  魔变之战" Map_type="1" Difficulty_level="2" background_ID="UI_beijin_1" mapName="靖王之墓" openbackground_icon="UI_gq6_iocn" flip="-1" background_X="-375" background_Y="-206" partName="22100#" icon="UI_gq6_iocn#" mapDesc="副本描述"/>
<map id="19" section="2" chapter="第二章  魔变之战" Map_type="1" Difficulty_level="2" background_ID="UI_beijin_1" mapName="徐福陵墓" openbackground_icon="UI_gq2_iocn" flip="1" background_X="-310" background_Y="123" partName="22200#" icon="UI_gq2_iocn#" mapDesc="副本描述"/>
<map id="20" section="2" chapter="第二章  魔变之战" Map_type="1" Difficulty_level="2" background_ID="UI_beijin_1" mapName="冥阁魔宫" openbackground_icon="UI_gq3_iocn" flip="-1" background_X="-68" background_Y="-29" partName="22300#" icon="UI_gq3_iocn#" mapDesc="副本描述"/>
<map id="21" section="2" chapter="第二章  魔变之战" Map_type="1" Difficulty_level="2" background_ID="UI_beijin_1" mapName="陵宫宝阁" openbackground_icon="UI_gq4_iocn" flip="1" background_X="117" background_Y="76" partName="22400#" icon="UI_gq4_iocn#" mapDesc="副本描述"/>
<map id="22" section="2" chapter="第二章  魔变之战" Map_type="1" Difficulty_level="2" background_ID="UI_beijin_1" mapName="长安之地" openbackground_icon="UI_gq5_iocn" flip="-1" background_X="323" background_Y="125" partName="22500#" icon="UI_gq5_iocn#" mapDesc="副本描述"/>
<map id="23" section="2" chapter="第二章  魔变之战" Map_type="1" Difficulty_level="2" background_ID="UI_beijin_1" mapName="再战官渡" openbackground_icon="UI_gq6_iocn" flip="1" background_X="343" background_Y="-149" partName="22600#" icon="UI_gq6_iocn#" mapDesc="副本描述"/>
<map id="24" section="1" chapter="第一章  墓冠曹魔" Map_type="1" Difficulty_level="3" background_ID="UI_beijin_1" mapName="冥墓亡陵" openbackground_icon="UI_gq6_iocn" flip="1" background_X="-375" background_Y="-206" partName="31100#" icon="UI_gq6_iocn#" mapDesc="副本描述"/>
<map id="25" section="1" chapter="第一章  墓冠曹魔" Map_type="1" Difficulty_level="3" background_ID="UI_beijin_1" mapName="幽暗领地" openbackground_icon="UI_gq2_iocn" flip="-1" background_X="-310" background_Y="123" partName="31200#" icon="UI_gq2_iocn#" mapDesc="副本描述"/>
<map id="26" section="1" chapter="第一章  墓冠曹魔" Map_type="1" Difficulty_level="3" background_ID="UI_beijin_1" mapName="虎狼之地" openbackground_icon="UI_gq3_iocn" flip="-1" background_X="-68" background_Y="-29" partName="31300#" icon="UI_gq3_iocn#" mapDesc="副本描述"/>
<map id="27" section="1" chapter="第一章  墓冠曹魔" Map_type="1" Difficulty_level="3" background_ID="UI_beijin_1" mapName="地下龙域" openbackground_icon="UI_gq4_iocn" flip="1" background_X="117" background_Y="76" partName="31400#" icon="UI_gq4_iocn#" mapDesc="副本描述"/>
<map id="28" section="1" chapter="第一章  墓冠曹魔" Map_type="1" Difficulty_level="3" background_ID="UI_beijin_1" mapName="武帝寝宫" openbackground_icon="UI_gq6_iocn" flip="-1" background_X="343" background_Y="-149" partName="31500#" icon="UI_gq6_iocn#" mapDesc="副本描述"/>
<map id="29" section="2" chapter="第二章  魔变之战" Map_type="1" Difficulty_level="3" background_ID="UI_beijin_1" mapName="靖王之墓" openbackground_icon="UI_gq5_iocn" flip="1" background_X="-375" background_Y="-206" partName="32100#" icon="UI_gq5_iocn#" mapDesc="副本描述"/>
<map id="30" section="2" chapter="第二章  魔变之战" Map_type="1" Difficulty_level="3" background_ID="UI_beijin_1" mapName="徐福陵墓" openbackground_icon="UI_gq2_iocn" flip="-1" background_X="-310" background_Y="123" partName="32200#" icon="UI_gq2_iocn#" mapDesc="副本描述"/>
<map id="31" section="2" chapter="第二章  魔变之战" Map_type="1" Difficulty_level="3" background_ID="UI_beijin_1" mapName="冥阁魔宫" openbackground_icon="UI_gq3_iocn" flip="1" background_X="-68" background_Y="-29" partName="32300#" icon="UI_gq3_iocn#" mapDesc="副本描述"/>
<map id="32" section="2" chapter="第二章  魔变之战" Map_type="1" Difficulty_level="3" background_ID="UI_beijin_1" mapName="陵宫宝阁" openbackground_icon="UI_gq4_iocn" flip="-1" background_X="117" background_Y="76" partName="32400#" icon="UI_gq4_iocn#" mapDesc="副本描述"/>
<map id="33" section="2" chapter="第二章  魔变之战" Map_type="1" Difficulty_level="3" background_ID="UI_beijin_1" mapName="长安之地" openbackground_icon="UI_gq5_iocn" flip="1" background_X="323" background_Y="125" partName="32500#" icon="UI_gq5_iocn#" mapDesc="副本描述"/>
<map id="34" section="2" chapter="第二章  魔变之战" Map_type="1" Difficulty_level="3" background_ID="UI_beijin_1" mapName="再战官渡" openbackground_icon="UI_gq6_iocn" flip="-1" background_X="343" background_Y="-149" partName="32600#" icon="UI_gq6_iocn#" mapDesc="副本描述"/>
<map id="35" section="3" chapter="第三章  幽暗之地" Map_type="1" Difficulty_level="1" background_ID="UI_beijin_1" mapName="魏墓王陵" openbackground_icon="UI_gq5_iocn" flip="1" background_X="-375" background_Y="-206" partName="13101#13102#13103#13104#" icon="map205#map104#map111#map110#" mapDesc="副本描述"/>
<map id="36" section="3" chapter="第三章  幽暗之地" Map_type="1" Difficulty_level="1" background_ID="UI_beijin_1" mapName="冥墓陵宫" openbackground_icon="UI_gq2_iocn" flip="-1" background_X="-310" background_Y="123" partName="13201#13202#13203#" icon="map113#map109#map114#" mapDesc="副本描述"/>
<map id="37" section="3" chapter="第三章  幽暗之地" Map_type="1" Difficulty_level="1" background_ID="UI_beijin_1" mapName="荒林之地" openbackground_icon="UI_gq3_iocn" flip="1" background_X="-68" background_Y="-29" partName="13301#13302#13303#13304#" icon="map113#map109#map114#map107#" mapDesc="副本描述"/>
<map id="38" section="3" chapter="第三章  幽暗之地" Map_type="1" Difficulty_level="1" background_ID="UI_beijin_1" mapName="韩陵宝阁" openbackground_icon="UI_gq4_iocn" flip="-1" background_X="117" background_Y="76" partName="13401#13402#13403#13404#" icon="map205#map104#map111#map110#" mapDesc="副本描述"/>
<map id="39" section="3" chapter="第三章  幽暗之地" Map_type="1" Difficulty_level="1" background_ID="UI_beijin_1" mapName="永陵地宫" openbackground_icon="UI_gq5_iocn" flip="1" background_X="323" background_Y="125" partName="13501#13502#13503#13504#13505#" icon="map208#map109#map113#map114#map105#" mapDesc="副本描述"/>
<map id="40" section="3" chapter="第三章  幽暗之地" Map_type="1" Difficulty_level="1" background_ID="UI_beijin_1" mapName="蛮荒密林" openbackground_icon="UI_gq6_iocn" flip="-1" background_X="343" background_Y="-149" partName="13601#13602#13603#13604#13605#" icon="map208#map109#map113#map114#map105#" mapDesc="副本描述"/>
<map id="41" section="3" chapter="第三章  幽暗之地" Map_type="1" Difficulty_level="2" background_ID="UI_beijin_1" mapName="魏墓王陵" openbackground_icon="UI_gq1_iocn" flip="1" background_X="-375" background_Y="-206" partName="23100#" icon="UI_gq1_iocn#" mapDesc="副本描述"/>
<map id="42" section="3" chapter="第三章  幽暗之地" Map_type="1" Difficulty_level="2" background_ID="UI_beijin_1" mapName="冥墓陵宫" openbackground_icon="UI_gq2_iocn" flip="-1" background_X="-310" background_Y="123" partName="23200#" icon="UI_gq2_iocn#" mapDesc="副本描述"/>
<map id="43" section="3" chapter="第三章  幽暗之地" Map_type="1" Difficulty_level="2" background_ID="UI_beijin_1" mapName="荒林之地" openbackground_icon="UI_gq3_iocn" flip="1" background_X="-68" background_Y="-29" partName="23300#" icon="UI_gq3_iocn#" mapDesc="副本描述"/>
<map id="44" section="3" chapter="第三章  幽暗之地" Map_type="1" Difficulty_level="2" background_ID="UI_beijin_1" mapName="韩陵宝阁" openbackground_icon="UI_gq4_iocn" flip="-1" background_X="117" background_Y="76" partName="23400#" icon="UI_gq4_iocn#" mapDesc="副本描述"/>
<map id="45" section="3" chapter="第三章  幽暗之地" Map_type="1" Difficulty_level="2" background_ID="UI_beijin_1" mapName="永陵地宫" openbackground_icon="UI_gq5_iocn" flip="1" background_X="323" background_Y="125" partName="23500#" icon="UI_gq5_iocn#" mapDesc="副本描述"/>
<map id="46" section="3" chapter="第三章  幽暗之地" Map_type="1" Difficulty_level="2" background_ID="UI_beijin_1" mapName="蛮荒密林" openbackground_icon="UI_gq6_iocn" flip="-1" background_X="343" background_Y="-149" partName="23600#" icon="UI_gq6_iocn#" mapDesc="副本描述"/>
<map id="47" section="3" chapter="第三章  幽暗之地" Map_type="1" Difficulty_level="3" background_ID="UI_beijin_1" mapName="魏墓王陵" openbackground_icon="UI_gq1_iocn" flip="1" background_X="-375" background_Y="-206" partName="33100#" icon="UI_gq1_iocn#" mapDesc="副本描述"/>
<map id="48" section="3" chapter="第三章  幽暗之地" Map_type="1" Difficulty_level="3" background_ID="UI_beijin_1" mapName="冥墓陵宫" openbackground_icon="UI_gq2_iocn" flip="-1" background_X="-310" background_Y="123" partName="33200#" icon="UI_gq2_iocn#" mapDesc="副本描述"/>
<map id="49" section="3" chapter="第三章  幽暗之地" Map_type="1" Difficulty_level="3" background_ID="UI_beijin_1" mapName="荒林之地" openbackground_icon="UI_gq3_iocn" flip="1" background_X="-68" background_Y="-29" partName="33300#" icon="UI_gq3_iocn#" mapDesc="副本描述"/>
<map id="50" section="3" chapter="第三章  幽暗之地" Map_type="1" Difficulty_level="3" background_ID="UI_beijin_1" mapName="韩陵宝阁" openbackground_icon="UI_gq4_iocn" flip="-1" background_X="117" background_Y="76" partName="33400#" icon="UI_gq4_iocn#" mapDesc="副本描述"/>
<map id="51" section="3" chapter="第三章  幽暗之地" Map_type="1" Difficulty_level="3" background_ID="UI_beijin_1" mapName="永陵地宫" openbackground_icon="UI_gq5_iocn" flip="1" background_X="323" background_Y="125" partName="33500#" icon="UI_gq5_iocn#" mapDesc="副本描述"/>
<map id="52" section="3" chapter="第三章  幽暗之地" Map_type="1" Difficulty_level="3" background_ID="UI_beijin_1" mapName="蛮荒密林" openbackground_icon="UI_gq6_iocn" flip="-1" background_X="343" background_Y="-149" partName="33600#" icon="UI_gq6_iocn#" mapDesc="副本描述"/>
<map id="53" section="4" chapter="第四章  流离四方" Map_type="1" Difficulty_level="1" background_ID="UI_beijin_1" mapName="徐福陵墓" openbackground_icon="UI_gq5_iocn" flip="-1" background_X="-375" background_Y="-206" partName="14100#14101#14102#14103#" icon="map104#map108#map205#map107#" mapDesc="副本描述"/>
<map id="54" section="4" chapter="第四章  流离四方" Map_type="1" Difficulty_level="1" background_ID="UI_beijin_1" mapName="冥阁魔宫" openbackground_icon="UI_gq2_iocn" flip="-1" background_X="-310" background_Y="123" partName="14200#14201#14202#14203#" icon="map205#map104#map111#map110#" mapDesc="副本描述"/>
<map id="55" section="4" chapter="第四章  流离四方" Map_type="1" Difficulty_level="1" background_ID="UI_beijin_1" mapName="陵宫宝阁" openbackground_icon="UI_gq3_iocn" flip="1" background_X="-68" background_Y="-29" partName="14300#14301#14302#" icon="map113#map109#map114#" mapDesc="副本描述"/>
<map id="56" section="4" chapter="第四章  流离四方" Map_type="1" Difficulty_level="1" background_ID="UI_beijin_1" mapName="长安之地" openbackground_icon="UI_gq4_iocn" flip="-1" background_X="117" background_Y="76" partName="14400#14401#14402#14403#" icon="map205#map104#map111#map110#" mapDesc="副本描述"/>
<map id="57" section="4" chapter="第四章  流离四方" Map_type="1" Difficulty_level="1" background_ID="UI_beijin_1" mapName="再战官渡" openbackground_icon="UI_gq5_iocn" flip="1" background_X="323" background_Y="125" partName="14500#14501#14502#" icon="map113#map109#map114#" mapDesc="副本描述"/>
<map id="58" section="4" chapter="第四章  流离四方" Map_type="1" Difficulty_level="1" background_ID="UI_beijin_1" mapName="冥墓亡陵" openbackground_icon="UI_gq6_iocn" flip="-1" background_X="343" background_Y="-149" partName="14600#14601#14602#14603#" icon="map104#map108#map205#map107#" mapDesc="副本描述"/>
<map id="59" section="4" chapter="第四章  流离四方" Map_type="1" Difficulty_level="2" background_ID="UI_beijin_1" mapName="徐福陵墓" openbackground_icon="UI_gq1_iocn" flip="1" background_X="-375" background_Y="-206" partName="24100#" icon="UI_gq1_iocn#" mapDesc="副本描述"/>
<map id="60" section="4" chapter="第四章  流离四方" Map_type="1" Difficulty_level="2" background_ID="UI_beijin_1" mapName="冥阁魔宫" openbackground_icon="UI_gq2_iocn" flip="-1" background_X="-310" background_Y="123" partName="24200#" icon="UI_gq2_iocn#" mapDesc="副本描述"/>
<map id="61" section="4" chapter="第四章  流离四方" Map_type="1" Difficulty_level="2" background_ID="UI_beijin_1" mapName="陵宫宝阁" openbackground_icon="UI_gq3_iocn" flip="1" background_X="-68" background_Y="-29" partName="24300#" icon="UI_gq3_iocn#" mapDesc="副本描述"/>
<map id="62" section="4" chapter="第四章  流离四方" Map_type="1" Difficulty_level="2" background_ID="UI_beijin_1" mapName="长安之地" openbackground_icon="UI_gq4_iocn" flip="-1" background_X="117" background_Y="76" partName="24400#" icon="UI_gq4_iocn#" mapDesc="副本描述"/>
<map id="63" section="4" chapter="第四章  流离四方" Map_type="1" Difficulty_level="2" background_ID="UI_beijin_1" mapName="再战官渡" openbackground_icon="UI_gq5_iocn" flip="1" background_X="323" background_Y="125" partName="24500#" icon="UI_gq5_iocn#" mapDesc="副本描述"/>
<map id="64" section="4" chapter="第四章  流离四方" Map_type="1" Difficulty_level="2" background_ID="UI_beijin_1" mapName="冥墓亡陵" openbackground_icon="UI_gq6_iocn" flip="-1" background_X="343" background_Y="-149" partName="24600#" icon="UI_gq6_iocn#" mapDesc="副本描述"/>
<map id="65" section="4" chapter="第四章  流离四方" Map_type="1" Difficulty_level="3" background_ID="UI_beijin_1" mapName="徐福陵墓" openbackground_icon="UI_gq1_iocn" flip="1" background_X="-375" background_Y="-206" partName="34100#" icon="UI_gq1_iocn#" mapDesc="副本描述"/>
<map id="66" section="4" chapter="第四章  流离四方" Map_type="1" Difficulty_level="3" background_ID="UI_beijin_1" mapName="冥阁魔宫" openbackground_icon="UI_gq2_iocn" flip="-1" background_X="-310" background_Y="123" partName="34200#" icon="UI_gq2_iocn#" mapDesc="副本描述"/>
<map id="67" section="4" chapter="第四章  流离四方" Map_type="1" Difficulty_level="3" background_ID="UI_beijin_1" mapName="陵宫宝阁" openbackground_icon="UI_gq3_iocn" flip="1" background_X="-68" background_Y="-29" partName="34300#" icon="UI_gq3_iocn#" mapDesc="副本描述"/>
<map id="68" section="4" chapter="第四章  流离四方" Map_type="1" Difficulty_level="3" background_ID="UI_beijin_1" mapName="长安之地" openbackground_icon="UI_gq4_iocn" flip="-1" background_X="117" background_Y="76" partName="34400#" icon="UI_gq4_iocn#" mapDesc="副本描述"/>
<map id="69" section="4" chapter="第四章  流离四方" Map_type="1" Difficulty_level="3" background_ID="UI_beijin_1" mapName="再战官渡" openbackground_icon="UI_gq5_iocn" flip="1" background_X="323" background_Y="125" partName="34500#" icon="UI_gq5_iocn#" mapDesc="副本描述"/>
<map id="70" section="4" chapter="第四章  流离四方" Map_type="1" Difficulty_level="3" background_ID="UI_beijin_1" mapName="冥墓亡陵" openbackground_icon="UI_gq6_iocn" flip="-1" background_X="343" background_Y="-149" partName="34600#" icon="UI_gq6_iocn#" mapDesc="副本描述"/>
<map id="71" section="5" chapter="第五章  灭曹之战" Map_type="1" Difficulty_level="1" background_ID="UI_beijin_1" mapName="幽暗领地" openbackground_icon="UI_gq1_iocn" flip="-1" background_X="-375" background_Y="-206" partName="15100#15101#15102#15103#" icon="map104#map108#map205#map107#" mapDesc="副本描述"/>
<map id="72" section="5" chapter="第五章  灭曹之战" Map_type="1" Difficulty_level="1" background_ID="UI_beijin_1" mapName="虎狼之地" openbackground_icon="UI_gq2_iocn" flip="1" background_X="-310" background_Y="123" partName="15200#15201#15202#15203#" icon="map205#map104#map111#map110#" mapDesc="副本描述"/>
<map id="73" section="5" chapter="第五章  灭曹之战" Map_type="1" Difficulty_level="1" background_ID="UI_beijin_1" mapName="地下龙域" openbackground_icon="UI_gq3_iocn" flip="-1" background_X="-68" background_Y="-29" partName="15300#15301#15302#" icon="map113#map109#map114#" mapDesc="副本描述"/>
<map id="74" section="5" chapter="第五章  灭曹之战" Map_type="1" Difficulty_level="1" background_ID="UI_beijin_1" mapName="武帝寝宫" openbackground_icon="UI_gq4_iocn" flip="-1" background_X="117" background_Y="76" partName="15400#15401#15402#15403#" icon="map205#map104#map111#map110#" mapDesc="副本描述"/>
<map id="75" section="5" chapter="第五章  灭曹之战" Map_type="1" Difficulty_level="1" background_ID="UI_beijin_1" mapName="靖王之墓" openbackground_icon="UI_gq5_iocn" flip="1" background_X="323" background_Y="125" partName="15500#15501#15502#" icon="map113#map109#map114#" mapDesc="副本描述"/>
<map id="76" section="5" chapter="第五章  灭曹之战" Map_type="1" Difficulty_level="1" background_ID="UI_beijin_1" mapName="徐福陵墓" openbackground_icon="UI_gq6_iocn" flip="-1" background_X="343" background_Y="-149" partName="15600#15601#15602#15603#" icon="map104#map108#map205#map107#" mapDesc="副本描述"/>
<map id="77" section="5" chapter="第五章  灭曹之战" Map_type="1" Difficulty_level="2" background_ID="UI_beijin_1" mapName="幽暗领地" openbackground_icon="UI_gq1_iocn" flip="1" background_X="-375" background_Y="-206" partName="25100#" icon="UI_gq1_iocn#" mapDesc="副本描述"/>
<map id="78" section="5" chapter="第五章  灭曹之战" Map_type="1" Difficulty_level="2" background_ID="UI_beijin_1" mapName="虎狼之地" openbackground_icon="UI_gq2_iocn" flip="-1" background_X="-310" background_Y="123" partName="25200#" icon="UI_gq2_iocn#" mapDesc="副本描述"/>
<map id="79" section="5" chapter="第五章  灭曹之战" Map_type="1" Difficulty_level="2" background_ID="UI_beijin_1" mapName="地下龙域" openbackground_icon="UI_gq3_iocn" flip="1" background_X="-68" background_Y="-29" partName="25300#" icon="UI_gq3_iocn#" mapDesc="副本描述"/>
<map id="80" section="5" chapter="第五章  灭曹之战" Map_type="1" Difficulty_level="2" background_ID="UI_beijin_1" mapName="武帝寝宫" openbackground_icon="UI_gq4_iocn" flip="-1" background_X="117" background_Y="76" partName="25400#" icon="UI_gq4_iocn#" mapDesc="副本描述"/>
<map id="81" section="5" chapter="第五章  灭曹之战" Map_type="1" Difficulty_level="2" background_ID="UI_beijin_1" mapName="靖王之墓" openbackground_icon="UI_gq5_iocn" flip="1" background_X="323" background_Y="125" partName="25500#" icon="UI_gq5_iocn#" mapDesc="副本描述"/>
<map id="82" section="5" chapter="第五章  灭曹之战" Map_type="1" Difficulty_level="2" background_ID="UI_beijin_1" mapName="徐福陵墓" openbackground_icon="UI_gq6_iocn" flip="-1" background_X="343" background_Y="-149" partName="25600#" icon="UI_gq6_iocn#" mapDesc="副本描述"/>
<map id="83" section="5" chapter="第五章  灭曹之战" Map_type="1" Difficulty_level="3" background_ID="UI_beijin_1" mapName="幽暗领地" openbackground_icon="UI_gq1_iocn" flip="1" background_X="-375" background_Y="-206" partName="35100#" icon="UI_gq1_iocn#" mapDesc="副本描述"/>
<map id="84" section="5" chapter="第五章  灭曹之战" Map_type="1" Difficulty_level="3" background_ID="UI_beijin_1" mapName="虎狼之地" openbackground_icon="UI_gq2_iocn" flip="-1" background_X="-310" background_Y="123" partName="35200#" icon="UI_gq2_iocn#" mapDesc="副本描述"/>
<map id="85" section="5" chapter="第五章  灭曹之战" Map_type="1" Difficulty_level="3" background_ID="UI_beijin_1" mapName="地下龙域" openbackground_icon="UI_gq3_iocn" flip="1" background_X="-68" background_Y="-29" partName="35300#" icon="UI_gq3_iocn#" mapDesc="副本描述"/>
<map id="86" section="5" chapter="第五章  灭曹之战" Map_type="1" Difficulty_level="3" background_ID="UI_beijin_1" mapName="武帝寝宫" openbackground_icon="UI_gq4_iocn" flip="-1" background_X="117" background_Y="76" partName="35400#" icon="UI_gq4_iocn#" mapDesc="副本描述"/>
<map id="87" section="5" chapter="第五章  灭曹之战" Map_type="1" Difficulty_level="3" background_ID="UI_beijin_1" mapName="靖王之墓" openbackground_icon="UI_gq5_iocn" flip="1" background_X="323" background_Y="125" partName="35500#" icon="UI_gq5_iocn#" mapDesc="副本描述"/>
<map id="88" section="5" chapter="第五章  灭曹之战" Map_type="1" Difficulty_level="3" background_ID="UI_beijin_1" mapName="徐福陵墓" openbackground_icon="UI_gq6_iocn" flip="-1" background_X="343" background_Y="-149" partName="35600#" icon="UI_gq6_iocn#" mapDesc="副本描述"/>
<map id="89" section="6" chapter="第六章  救世之战" Map_type="1" Difficulty_level="1" background_ID="UI_beijin_1" mapName="幽暗领地" openbackground_icon="UI_gq4_iocn" flip="-1" background_X="-375" background_Y="-206" partName="16100#16101#16102#16103#" icon="map104#map108#map205#map107#" mapDesc="副本描述"/>
<map id="90" section="6" chapter="第六章  救世之战" Map_type="1" Difficulty_level="1" background_ID="UI_beijin_1" mapName="虎狼之地" openbackground_icon="UI_gq2_iocn" flip="-1" background_X="-310" background_Y="123" partName="16200#16201#16202#16203#" icon="map205#map104#map111#map110#" mapDesc="副本描述"/>
<map id="91" section="6" chapter="第六章  救世之战" Map_type="1" Difficulty_level="1" background_ID="UI_beijin_1" mapName="地下龙域" openbackground_icon="UI_gq3_iocn" flip="-1" background_X="-68" background_Y="-29" partName="16300#16301#16302#" icon="map113#map109#map114#" mapDesc="副本描述"/>
<map id="92" section="6" chapter="第六章  救世之战" Map_type="1" Difficulty_level="1" background_ID="UI_beijin_1" mapName="武帝寝宫" openbackground_icon="UI_gq4_iocn" flip="-1" background_X="117" background_Y="76" partName="16400#16401#16402#16403#" icon="map205#map104#map111#map110#" mapDesc="副本描述"/>
<map id="93" section="6" chapter="第六章  救世之战" Map_type="1" Difficulty_level="1" background_ID="UI_beijin_1" mapName="靖王之墓" openbackground_icon="UI_gq5_iocn" flip="1" background_X="323" background_Y="125" partName="16500#16501#16502#" icon="map113#map109#map114#" mapDesc="副本描述"/>
<map id="94" section="6" chapter="第六章  救世之战" Map_type="1" Difficulty_level="1" background_ID="UI_beijin_1" mapName="徐福陵墓" openbackground_icon="UI_gq6_iocn" flip="-1" background_X="343" background_Y="-149" partName="16600#16601#16602#16603#" icon="map104#map108#map205#map107#" mapDesc="副本描述"/>
<map id="95" section="6" chapter="第六章  救世之战" Map_type="1" Difficulty_level="2" background_ID="UI_beijin_1" mapName="幽暗领地" openbackground_icon="UI_gq1_iocn" flip="1" background_X="-375" background_Y="-206" partName="26100#" icon="UI_gq1_iocn#" mapDesc="副本描述"/>
<map id="96" section="6" chapter="第六章  救世之战" Map_type="1" Difficulty_level="2" background_ID="UI_beijin_1" mapName="虎狼之地" openbackground_icon="UI_gq2_iocn" flip="-1" background_X="-310" background_Y="123" partName="26200#" icon="UI_gq2_iocn#" mapDesc="副本描述"/>
<map id="97" section="6" chapter="第六章  救世之战" Map_type="1" Difficulty_level="2" background_ID="UI_beijin_1" mapName="地下龙域" openbackground_icon="UI_gq3_iocn" flip="1" background_X="-68" background_Y="-29" partName="26300#" icon="UI_gq3_iocn#" mapDesc="副本描述"/>
<map id="98" section="6" chapter="第六章  救世之战" Map_type="1" Difficulty_level="2" background_ID="UI_beijin_1" mapName="武帝寝宫" openbackground_icon="UI_gq4_iocn" flip="-1" background_X="117" background_Y="76" partName="26400#" icon="UI_gq4_iocn#" mapDesc="副本描述"/>
<map id="99" section="6" chapter="第六章  救世之战" Map_type="1" Difficulty_level="2" background_ID="UI_beijin_1" mapName="靖王之墓" openbackground_icon="UI_gq5_iocn" flip="1" background_X="323" background_Y="125" partName="26500#" icon="UI_gq5_iocn#" mapDesc="副本描述"/>
<map id="100" section="6" chapter="第六章  救世之战" Map_type="1" Difficulty_level="2" background_ID="UI_beijin_1" mapName="徐福陵墓" openbackground_icon="UI_gq6_iocn" flip="-1" background_X="343" background_Y="-149" partName="26600#" icon="UI_gq6_iocn#" mapDesc="副本描述"/>
<map id="101" section="6" chapter="第六章  救世之战" Map_type="1" Difficulty_level="3" background_ID="UI_beijin_1" mapName="幽暗领地" openbackground_icon="UI_gq1_iocn" flip="1" background_X="-375" background_Y="-206" partName="36100#" icon="UI_gq1_iocn#" mapDesc="副本描述"/>
<map id="102" section="6" chapter="第六章  救世之战" Map_type="1" Difficulty_level="3" background_ID="UI_beijin_1" mapName="虎狼之地" openbackground_icon="UI_gq2_iocn" flip="-1" background_X="-310" background_Y="123" partName="36200#" icon="UI_gq2_iocn#" mapDesc="副本描述"/>
<map id="103" section="6" chapter="第六章  救世之战" Map_type="1" Difficulty_level="3" background_ID="UI_beijin_1" mapName="地下龙域" openbackground_icon="UI_gq3_iocn" flip="1" background_X="-68" background_Y="-29" partName="36300#" icon="UI_gq3_iocn#" mapDesc="副本描述"/>
<map id="104" section="6" chapter="第六章  救世之战" Map_type="1" Difficulty_level="3" background_ID="UI_beijin_1" mapName="武帝寝宫" openbackground_icon="UI_gq4_iocn" flip="-1" background_X="117" background_Y="76" partName="36400#" icon="UI_gq4_iocn#" mapDesc="副本描述"/>
<map id="105" section="6" chapter="第六章  救世之战" Map_type="1" Difficulty_level="3" background_ID="UI_beijin_1" mapName="靖王之墓" openbackground_icon="UI_gq5_iocn" flip="1" background_X="323" background_Y="125" partName="36500#" icon="UI_gq5_iocn#" mapDesc="副本描述"/>
<map id="106" section="6" chapter="第六章  救世之战" Map_type="1" Difficulty_level="3" background_ID="UI_beijin_1" mapName="徐福陵墓" openbackground_icon="UI_gq6_iocn" flip="1" background_X="343" background_Y="-149" partName="36600#" icon="UI_gq6_iocn#" mapDesc="副本描述"/>
<map id="1000" section="100" chapter="幻境" Map_type="2" Difficulty_level="4" background_ID="UI_beijin_1" mapName="小试锋芒" openbackground_icon="UI_gq1_iocn" flip="1" background_X="-375" background_Y="-206" partName="110001#110002#110003#110004#" icon="map205#map104#map111#map110#" mapDesc="副本描述"/>
<map id="1001" section="100" chapter="幻境" Map_type="2" Difficulty_level="4" background_ID="UI_beijin_1" mapName="初出茅庐" openbackground_icon="UI_gq2_iocn" flip="1" background_X="-310" background_Y="123" partName="110005#110006#110007#110008#" icon="map205#map104#map111#map110#" mapDesc="副本描述"/>
<map id="1002" section="100" chapter="幻境" Map_type="2" Difficulty_level="4" background_ID="UI_beijin_1" mapName="伏虎斩妖" openbackground_icon="UI_gq3_iocn" flip="1" background_X="-68" background_Y="-29" partName="110009#110010#110011#110012#" icon="map205#map104#map111#map110#" mapDesc="副本描述"/>
<map id="1003" section="100" chapter="幻境" Map_type="2" Difficulty_level="4" background_ID="UI_beijin_1" mapName="御风神行" openbackground_icon="UI_gq4_iocn" flip="1" background_X="117" background_Y="76" partName="110013#110014#110015#110016#" icon="map205#map104#map111#map110#" mapDesc="副本描述"/>
<map id="1004" section="100" chapter="幻境" Map_type="2" Difficulty_level="4" background_ID="UI_beijin_1" mapName="履水吐焰" openbackground_icon="UI_gq1_iocn" flip="1" background_X="-375" background_Y="-206" partName="110017#110018#110019#110020#" icon="map205#map104#map111#map110#" mapDesc="副本描述"/>
<map id="1005" section="100" chapter="幻境" Map_type="2" Difficulty_level="4" background_ID="UI_beijin_1" mapName="试炼幻境" openbackground_icon="UI_gq2_iocn" flip="1" background_X="-310" background_Y="123" partName="110021#110022#110023#110024#" icon="map205#map104#map111#map110#" mapDesc="副本描述"/>
<map id="1006" section="100" chapter="幻境" Map_type="2" Difficulty_level="4" background_ID="UI_beijin_1" mapName="迷失幻境" openbackground_icon="UI_gq3_iocn" flip="1" background_X="-68" background_Y="-29" partName="110025#110026#110027#110028#" icon="map205#map104#map111#map110#" mapDesc="副本描述"/>
</root>