<root>
<monsterAttrType id="1" Description="近战" STR="1" DEX="1" PHY="1" INT="1" MP="1" ATK="1" HP="1.8" DEF="1" CRI="1" CRI_MUL="1" HIT="1" MISS="1" MOVE_SPEED="1.1000000000000001" CRI_DEF="1" CRI_MUL_DEF="1" HURT_DEF="1" REDUCE_CD_RATE="1" REDUCE_CD="1" HIT_HP="1" HIT_MP="1" KILL_HP="1" KILL_MP="1" SECONDS_HP="1" SECONDS_MP="1" REDUCE_DEF="1" HERO_ATK_SPD="1"/>
<monsterAttrType id="2" Description="远程" STR="1" DEX="1" PHY="1" INT="1" MP="1" ATK="1" HP="1" DEF="1" CRI="1" CRI_MUL="1" HIT="1" MISS="1" MOVE_SPEED="1" CRI_DEF="1" CRI_MUL_DEF="1" HURT_DEF="1" REDUCE_CD_RATE="1" REDUCE_CD="1" HIT_HP="1" HIT_MP="1" KILL_HP="1" KILL_MP="1" SECONDS_HP="1" SECONDS_MP="1" REDUCE_DEF="1" HERO_ATK_SPD="1"/>
<monsterAttrType id="3" Description="精英近战" STR="1" DEX="1" PHY="1" INT="1" MP="1" ATK="1.2" HP="4" DEF="1" CRI="1" CRI_MUL="1" HIT="1" MISS="1" MOVE_SPEED="1.1000000000000001" CRI_DEF="1" CRI_MUL_DEF="1" HURT_DEF="1" REDUCE_CD_RATE="1" REDUCE_CD="1" HIT_HP="1" HIT_MP="1" KILL_HP="1" KILL_MP="1" SECONDS_HP="1" SECONDS_MP="1" REDUCE_DEF="1" HERO_ATK_SPD="1"/>
<monsterAttrType id="4" Description="精英远程" STR="1" DEX="1" PHY="1" INT="1" MP="1" ATK="1.2" HP="3.8" DEF="1" CRI="1" CRI_MUL="1" HIT="1" MISS="1" MOVE_SPEED="1" CRI_DEF="1" CRI_MUL_DEF="1" HURT_DEF="1" REDUCE_CD_RATE="1" REDUCE_CD="1" HIT_HP="1" HIT_MP="1" KILL_HP="1" KILL_MP="1" SECONDS_HP="1" SECONDS_MP="1" REDUCE_DEF="1" HERO_ATK_SPD="1"/>
<monsterAttrType id="5" Description="小BOSS" STR="1" DEX="1" PHY="1" INT="1" MP="1" ATK="1.2" HP="4" DEF="1.5" CRI="1" CRI_MUL="1" HIT="1" MISS="1" MOVE_SPEED="1" CRI_DEF="1" CRI_MUL_DEF="1" HURT_DEF="1" REDUCE_CD_RATE="1" REDUCE_CD="1" HIT_HP="1" HIT_MP="1" KILL_HP="1" KILL_MP="1" SECONDS_HP="1" SECONDS_MP="1" REDUCE_DEF="1" HERO_ATK_SPD="1"/>
<monsterAttrType id="6" Description="大BOSS" STR="1" DEX="1" PHY="1" INT="1" MP="1" ATK="1.2" HP="8" DEF="1.5" CRI="1" CRI_MUL="1" HIT="1" MISS="1" MOVE_SPEED="1" CRI_DEF="1" CRI_MUL_DEF="1" HURT_DEF="1" REDUCE_CD_RATE="1" REDUCE_CD="1" HIT_HP="1" HIT_MP="1" KILL_HP="1" KILL_MP="1" SECONDS_HP="1" SECONDS_MP="1" REDUCE_DEF="1" HERO_ATK_SPD="1"/>
<monsterAttrType id="7" Description="防御特性" STR="1" DEX="1" PHY="1" INT="1" MP="1" ATK="1.2" HP="2" DEF="5" CRI="1" CRI_MUL="1" HIT="1" MISS="1" MOVE_SPEED="1.2" CRI_DEF="1" CRI_MUL_DEF="1" HURT_DEF="1" REDUCE_CD_RATE="1" REDUCE_CD="1" HIT_HP="1" HIT_MP="1" KILL_HP="1" KILL_MP="1" SECONDS_HP="1" SECONDS_MP="1" REDUCE_DEF="1" HERO_ATK_SPD="1"/>
<monsterAttrType id="8" Description="防御特性" STR="1" DEX="1" PHY="1" INT="1" MP="1" ATK="1.2" HP="10" DEF="5" CRI="1" CRI_MUL="1" HIT="1" MISS="1" MOVE_SPEED="1.2" CRI_DEF="1" CRI_MUL_DEF="1" HURT_DEF="1" REDUCE_CD_RATE="1" REDUCE_CD="1" HIT_HP="1" HIT_MP="1" KILL_HP="1" KILL_MP="1" SECONDS_HP="1" SECONDS_MP="1" REDUCE_DEF="1" HERO_ATK_SPD="1"/>
<monsterAttrType id="9" Description="闪避特性" STR="1" DEX="1" PHY="1" INT="1" MP="1" ATK="1.2" HP="1.8" DEF="1" CRI="1" CRI_MUL="1" HIT="1" MISS="4" MOVE_SPEED="2" CRI_DEF="1" CRI_MUL_DEF="1" HURT_DEF="1" REDUCE_CD_RATE="1" REDUCE_CD="1" HIT_HP="1" HIT_MP="1" KILL_HP="1" KILL_MP="1" SECONDS_HP="1" SECONDS_MP="1" REDUCE_DEF="1" HERO_ATK_SPD="1"/>
<monsterAttrType id="10" Description="金体特性" STR="1" DEX="1" PHY="1" INT="1" MP="1" ATK="1.2" HP="1" DEF="5" CRI="1" CRI_MUL="1" HIT="1" MISS="1" MOVE_SPEED="1.5" CRI_DEF="1" CRI_MUL_DEF="1" HURT_DEF="1" REDUCE_CD_RATE="1" REDUCE_CD="1" HIT_HP="1" HIT_MP="1" KILL_HP="1" KILL_MP="1" SECONDS_HP="1" SECONDS_MP="1" REDUCE_DEF="1" HERO_ATK_SPD="1"/>
<monsterAttrType id="11" Description="人形" STR="1" DEX="1" PHY="1" INT="1" MP="1" ATK="1.2" HP="1" DEF="5" CRI="1" CRI_MUL="1" HIT="1" MISS="1" MOVE_SPEED="2" CRI_DEF="1" CRI_MUL_DEF="1" HURT_DEF="1" REDUCE_CD_RATE="1" REDUCE_CD="1" HIT_HP="1" HIT_MP="1" KILL_HP="1" KILL_MP="1" SECONDS_HP="1" SECONDS_MP="1" REDUCE_DEF="1" HERO_ATK_SPD="1"/>
<monsterAttrType id="12" Description="女神" STR="1" DEX="1" PHY="1" INT="1" MP="1" ATK="1.2" HP="5" DEF="1" CRI="1" CRI_MUL="1" HIT="1" MISS="0" MOVE_SPEED="1.8" CRI_DEF="1" CRI_MUL_DEF="1" HURT_DEF="1" REDUCE_CD_RATE="1" REDUCE_CD="1" HIT_HP="1" HIT_MP="1" KILL_HP="1" KILL_MP="1" SECONDS_HP="1" SECONDS_MP="1" REDUCE_DEF="1" HERO_ATK_SPD="1"/>
<monsterAttrType id="13" Description="攻击特性" STR="1" DEX="1" PHY="1" INT="1" MP="1" ATK="5" HP="3.8" DEF="1" CRI="1" CRI_MUL="1" HIT="3" MISS="1" MOVE_SPEED="1" CRI_DEF="1" CRI_MUL_DEF="1" HURT_DEF="1" REDUCE_CD_RATE="1" REDUCE_CD="1" HIT_HP="1" HIT_MP="1" KILL_HP="1" KILL_MP="1" SECONDS_HP="1" SECONDS_MP="1" REDUCE_DEF="1" HERO_ATK_SPD="1"/>
<monsterAttrType id="61" Description="超级世界BOSS" STR="1" DEX="1" PHY="1" INT="1" MP="1" ATK="3" HP="500" DEF="1.5" CRI="1" CRI_MUL="1" HIT="1" MISS="1" MOVE_SPEED="1" CRI_DEF="1" CRI_MUL_DEF="1" HURT_DEF="1" REDUCE_CD_RATE="1" REDUCE_CD="1" HIT_HP="1" HIT_MP="1" KILL_HP="1" KILL_MP="1" SECONDS_HP="1" SECONDS_MP="1" REDUCE_DEF="1" HERO_ATK_SPD="1"/>
<monsterAttrType id="62" Description="超级BOSS" STR="1" DEX="1" PHY="1" INT="1" MP="1" ATK="3" HP="25" DEF="1.5" CRI="1" CRI_MUL="1" HIT="1" MISS="1" MOVE_SPEED="1" CRI_DEF="1" CRI_MUL_DEF="1" HURT_DEF="1" REDUCE_CD_RATE="1" REDUCE_CD="1" HIT_HP="1" HIT_MP="1" KILL_HP="1" KILL_MP="1" SECONDS_HP="1" SECONDS_MP="1" REDUCE_DEF="1" HERO_ATK_SPD="1"/>
</root>