<root>
<monsterProperty id="1" STR="0" DEX="0" PHY="0" INT="0" MP="0" ATK="12" DEF="20" HP="160" CRI="100" CRI_MUL="400" HIT="5000" MISS="0" MOVE_SPEED="50" CRI_DEF="40" CRI_MUL_DEF="0" HURT_DEF="0" REDUCE_CD_RATE="0" REDUCE_CD="0" HIT_HP="0" HIT_MP="0" KILL_HP="0" KILL_MP="0" SECONDS_HP="0" SECONDS_MP="0" REDUCE_DEF="0" HERO_ATK_SPD="10000"/>
<monsterProperty id="2" STR="0" DEX="0" PHY="0" INT="0" MP="0" ATK="15" DEF="35" HP="120" CRI="100" CRI_MUL="500" HIT="5200" MISS="0" MOVE_SPEED="52" CRI_DEF="80" CRI_MUL_DEF="0" HURT_DEF="0" REDUCE_CD_RATE="0" REDUCE_CD="0" HIT_HP="0" HIT_MP="0" KILL_HP="0" KILL_MP="0" SECONDS_HP="0" SECONDS_MP="0" REDUCE_DEF="0" HERO_ATK_SPD="10000"/>
<monsterProperty id="3" STR="0" DEX="0" PHY="0" INT="0" MP="0" ATK="16" DEF="50" HP="190" CRI="200" CRI_MUL="600" HIT="5400" MISS="0" MOVE_SPEED="54" CRI_DEF="120" CRI_MUL_DEF="0" HURT_DEF="0" REDUCE_CD_RATE="0" REDUCE_CD="0" HIT_HP="0" HIT_MP="0" KILL_HP="0" KILL_MP="0" SECONDS_HP="0" SECONDS_MP="0" REDUCE_DEF="0" HERO_ATK_SPD="10000"/>
<monsterProperty id="4" STR="0" DEX="0" PHY="0" INT="0" MP="0" ATK="18" DEF="65" HP="230" CRI="200" CRI_MUL="600" HIT="5600" MISS="0" MOVE_SPEED="56" CRI_DEF="160" CRI_MUL_DEF="0" HURT_DEF="0" REDUCE_CD_RATE="0" REDUCE_CD="0" HIT_HP="0" HIT_MP="0" KILL_HP="0" KILL_MP="0" SECONDS_HP="0" SECONDS_MP="0" REDUCE_DEF="0" HERO_ATK_SPD="10000"/>
<monsterProperty id="5" STR="0" DEX="0" PHY="0" INT="0" MP="0" ATK="21" DEF="80" HP="280" CRI="200" CRI_MUL="700" HIT="5800" MISS="0" MOVE_SPEED="58" CRI_DEF="200" CRI_MUL_DEF="0" HURT_DEF="0" REDUCE_CD_RATE="0" REDUCE_CD="0" HIT_HP="0" HIT_MP="0" KILL_HP="0" KILL_MP="0" SECONDS_HP="0" SECONDS_MP="0" REDUCE_DEF="0" HERO_ATK_SPD="10000"/>
<monsterProperty id="6" STR="0" DEX="0" PHY="0" INT="0" MP="0" ATK="25" DEF="95" HP="330" CRI="200" CRI_MUL="800" HIT="6000" MISS="0" MOVE_SPEED="60" CRI_DEF="240" CRI_MUL_DEF="0" HURT_DEF="0" REDUCE_CD_RATE="0" REDUCE_CD="0" HIT_HP="0" HIT_MP="0" KILL_HP="0" KILL_MP="0" SECONDS_HP="0" SECONDS_MP="0" REDUCE_DEF="0" HERO_ATK_SPD="10000"/>
<monsterProperty id="7" STR="0" DEX="0" PHY="0" INT="0" MP="0" ATK="30" DEF="110" HP="400" CRI="300" CRI_MUL="900" HIT="6200" MISS="0" MOVE_SPEED="62" CRI_DEF="280" CRI_MUL_DEF="0" HURT_DEF="0" REDUCE_CD_RATE="0" REDUCE_CD="0" HIT_HP="0" HIT_MP="0" KILL_HP="0" KILL_MP="0" SECONDS_HP="0" SECONDS_MP="0" REDUCE_DEF="0" HERO_ATK_SPD="10000"/>
<monsterProperty id="8" STR="0" DEX="0" PHY="0" INT="0" MP="0" ATK="36" DEF="125" HP="480" CRI="300" CRI_MUL="1000" HIT="6400" MISS="0" MOVE_SPEED="64" CRI_DEF="320" CRI_MUL_DEF="0" HURT_DEF="0" REDUCE_CD_RATE="0" REDUCE_CD="0" HIT_HP="0" HIT_MP="0" KILL_HP="0" KILL_MP="0" SECONDS_HP="0" SECONDS_MP="0" REDUCE_DEF="0" HERO_ATK_SPD="10000"/>
<monsterProperty id="9" STR="0" DEX="0" PHY="0" INT="0" MP="0" ATK="43" DEF="140" HP="554" CRI="300" CRI_MUL="1000" HIT="6600" MISS="0" MOVE_SPEED="66" CRI_DEF="360" CRI_MUL_DEF="0" HURT_DEF="0" REDUCE_CD_RATE="0" REDUCE_CD="0" HIT_HP="0" HIT_MP="0" KILL_HP="0" KILL_MP="0" SECONDS_HP="0" SECONDS_MP="0" REDUCE_DEF="0" HERO_ATK_SPD="10000"/>
<monsterProperty id="10" STR="0" DEX="0" PHY="0" INT="0" MP="0" ATK="51" DEF="155" HP="600" CRI="300" CRI_MUL="1100" HIT="6800" MISS="0" MOVE_SPEED="68" CRI_DEF="400" CRI_MUL_DEF="0" HURT_DEF="0" REDUCE_CD_RATE="0" REDUCE_CD="0" HIT_HP="0" HIT_MP="0" KILL_HP="0" KILL_MP="0" SECONDS_HP="0" SECONDS_MP="0" REDUCE_DEF="0" HERO_ATK_SPD="10000"/>
<monsterProperty id="11" STR="0" DEX="0" PHY="0" INT="0" MP="0" ATK="60" DEF="170" HP="731" CRI="400" CRI_MUL="1200" HIT="7000" MISS="0" MOVE_SPEED="70" CRI_DEF="440" CRI_MUL_DEF="0" HURT_DEF="0" REDUCE_CD_RATE="0" REDUCE_CD="0" HIT_HP="0" HIT_MP="0" KILL_HP="0" KILL_MP="0" SECONDS_HP="0" SECONDS_MP="0" REDUCE_DEF="0" HERO_ATK_SPD="10000"/>
<monsterProperty id="12" STR="0" DEX="0" PHY="0" INT="0" MP="0" ATK="70" DEF="185" HP="876" CRI="400" CRI_MUL="1300" HIT="7200" MISS="0" MOVE_SPEED="72" CRI_DEF="480" CRI_MUL_DEF="0" HURT_DEF="0" REDUCE_CD_RATE="0" REDUCE_CD="0" HIT_HP="0" HIT_MP="0" KILL_HP="0" KILL_MP="0" SECONDS_HP="0" SECONDS_MP="0" REDUCE_DEF="0" HERO_ATK_SPD="10000"/>
<monsterProperty id="13" STR="0" DEX="0" PHY="0" INT="0" MP="0" ATK="81" DEF="200" HP="956" CRI="400" CRI_MUL="1400" HIT="7400" MISS="0" MOVE_SPEED="74" CRI_DEF="520" CRI_MUL_DEF="0" HURT_DEF="0" REDUCE_CD_RATE="0" REDUCE_CD="0" HIT_HP="0" HIT_MP="0" KILL_HP="0" KILL_MP="0" SECONDS_HP="0" SECONDS_MP="0" REDUCE_DEF="0" HERO_ATK_SPD="10000"/>
<monsterProperty id="14" STR="0" DEX="0" PHY="0" INT="0" MP="0" ATK="93" DEF="215" HP="1037" CRI="400" CRI_MUL="1400" HIT="7600" MISS="0" MOVE_SPEED="76" CRI_DEF="560" CRI_MUL_DEF="0" HURT_DEF="0" REDUCE_CD_RATE="0" REDUCE_CD="0" HIT_HP="0" HIT_MP="0" KILL_HP="0" KILL_MP="0" SECONDS_HP="0" SECONDS_MP="0" REDUCE_DEF="0" HERO_ATK_SPD="10000"/>
<monsterProperty id="15" STR="0" DEX="0" PHY="0" INT="0" MP="0" ATK="106" DEF="230" HP="1121" CRI="500" CRI_MUL="1500" HIT="7800" MISS="0" MOVE_SPEED="78" CRI_DEF="600" CRI_MUL_DEF="0" HURT_DEF="0" REDUCE_CD_RATE="0" REDUCE_CD="0" HIT_HP="0" HIT_MP="0" KILL_HP="0" KILL_MP="0" SECONDS_HP="0" SECONDS_MP="0" REDUCE_DEF="0" HERO_ATK_SPD="10000"/>
<monsterProperty id="16" STR="0" DEX="0" PHY="0" INT="0" MP="0" ATK="120" DEF="245" HP="1208" CRI="500" CRI_MUL="1600" HIT="8000" MISS="0" MOVE_SPEED="80" CRI_DEF="640" CRI_MUL_DEF="0" HURT_DEF="0" REDUCE_CD_RATE="0" REDUCE_CD="0" HIT_HP="0" HIT_MP="0" KILL_HP="0" KILL_MP="0" SECONDS_HP="0" SECONDS_MP="0" REDUCE_DEF="0" HERO_ATK_SPD="10000"/>
<monsterProperty id="17" STR="0" DEX="0" PHY="0" INT="0" MP="0" ATK="135" DEF="260" HP="1300" CRI="500" CRI_MUL="1700" HIT="8200" MISS="0" MOVE_SPEED="82" CRI_DEF="680" CRI_MUL_DEF="0" HURT_DEF="0" REDUCE_CD_RATE="0" REDUCE_CD="0" HIT_HP="0" HIT_MP="0" KILL_HP="0" KILL_MP="0" SECONDS_HP="0" SECONDS_MP="0" REDUCE_DEF="0" HERO_ATK_SPD="10000"/>
<monsterProperty id="18" STR="0" DEX="0" PHY="0" INT="0" MP="0" ATK="151" DEF="275" HP="1400" CRI="500" CRI_MUL="1800" HIT="8400" MISS="0" MOVE_SPEED="84" CRI_DEF="720" CRI_MUL_DEF="0" HURT_DEF="0" REDUCE_CD_RATE="0" REDUCE_CD="0" HIT_HP="0" HIT_MP="0" KILL_HP="0" KILL_MP="0" SECONDS_HP="0" SECONDS_MP="0" REDUCE_DEF="0" HERO_ATK_SPD="10000"/>
<monsterProperty id="19" STR="0" DEX="0" PHY="0" INT="0" MP="0" ATK="168" DEF="290" HP="1500" CRI="600" CRI_MUL="1800" HIT="8600" MISS="0" MOVE_SPEED="86" CRI_DEF="760" CRI_MUL_DEF="0" HURT_DEF="0" REDUCE_CD_RATE="0" REDUCE_CD="0" HIT_HP="0" HIT_MP="0" KILL_HP="0" KILL_MP="0" SECONDS_HP="0" SECONDS_MP="0" REDUCE_DEF="0" HERO_ATK_SPD="10000"/>
<monsterProperty id="20" STR="0" DEX="0" PHY="0" INT="0" MP="0" ATK="186" DEF="305" HP="1600" CRI="600" CRI_MUL="1900" HIT="8800" MISS="0" MOVE_SPEED="88" CRI_DEF="800" CRI_MUL_DEF="0" HURT_DEF="0" REDUCE_CD_RATE="0" REDUCE_CD="0" HIT_HP="0" HIT_MP="0" KILL_HP="0" KILL_MP="0" SECONDS_HP="0" SECONDS_MP="0" REDUCE_DEF="0" HERO_ATK_SPD="10000"/>
<monsterProperty id="21" STR="0" DEX="0" PHY="0" INT="0" MP="0" ATK="205" DEF="320" HP="1900" CRI="600" CRI_MUL="2000" HIT="9000" MISS="0" MOVE_SPEED="90" CRI_DEF="840" CRI_MUL_DEF="0" HURT_DEF="0" REDUCE_CD_RATE="0" REDUCE_CD="0" HIT_HP="0" HIT_MP="0" KILL_HP="0" KILL_MP="0" SECONDS_HP="0" SECONDS_MP="0" REDUCE_DEF="0" HERO_ATK_SPD="10000"/>
<monsterProperty id="22" STR="0" DEX="0" PHY="0" INT="0" MP="0" ATK="225" DEF="340" HP="2100" CRI="600" CRI_MUL="2100" HIT="9200" MISS="0" MOVE_SPEED="92" CRI_DEF="880" CRI_MUL_DEF="0" HURT_DEF="0" REDUCE_CD_RATE="0" REDUCE_CD="0" HIT_HP="0" HIT_MP="0" KILL_HP="0" KILL_MP="0" SECONDS_HP="0" SECONDS_MP="0" REDUCE_DEF="0" HERO_ATK_SPD="10000"/>
<monsterProperty id="23" STR="0" DEX="0" PHY="0" INT="0" MP="0" ATK="245" DEF="448" HP="2300" CRI="600" CRI_MUL="2200" HIT="9400" MISS="0" MOVE_SPEED="94" CRI_DEF="920" CRI_MUL_DEF="0" HURT_DEF="0" REDUCE_CD_RATE="0" REDUCE_CD="0" HIT_HP="0" HIT_MP="0" KILL_HP="0" KILL_MP="0" SECONDS_HP="0" SECONDS_MP="0" REDUCE_DEF="0" HERO_ATK_SPD="10000"/>
<monsterProperty id="24" STR="0" DEX="0" PHY="0" INT="0" MP="0" ATK="260" DEF="464" HP="2593" CRI="700" CRI_MUL="2200" HIT="9500" MISS="0" MOVE_SPEED="96" CRI_DEF="960" CRI_MUL_DEF="0" HURT_DEF="0" REDUCE_CD_RATE="0" REDUCE_CD="0" HIT_HP="0" HIT_MP="0" KILL_HP="0" KILL_MP="0" SECONDS_HP="0" SECONDS_MP="0" REDUCE_DEF="0" HERO_ATK_SPD="10000"/>
<monsterProperty id="25" STR="0" DEX="0" PHY="0" INT="0" MP="0" ATK="275" DEF="480" HP="2793" CRI="700" CRI_MUL="2300" HIT="9500" MISS="0" MOVE_SPEED="98" CRI_DEF="1000" CRI_MUL_DEF="0" HURT_DEF="0" REDUCE_CD_RATE="0" REDUCE_CD="0" HIT_HP="0" HIT_MP="0" KILL_HP="0" KILL_MP="0" SECONDS_HP="0" SECONDS_MP="0" REDUCE_DEF="0" HERO_ATK_SPD="10000"/>
<monsterProperty id="26" STR="0" DEX="0" PHY="0" INT="0" MP="0" ATK="290" DEF="496" HP="2902" CRI="700" CRI_MUL="2400" HIT="9500" MISS="0" MOVE_SPEED="100" CRI_DEF="1040" CRI_MUL_DEF="0" HURT_DEF="0" REDUCE_CD_RATE="0" REDUCE_CD="0" HIT_HP="0" HIT_MP="0" KILL_HP="0" KILL_MP="0" SECONDS_HP="0" SECONDS_MP="0" REDUCE_DEF="0" HERO_ATK_SPD="10000"/>
<monsterProperty id="27" STR="0" DEX="0" PHY="0" INT="0" MP="0" ATK="305" DEF="512" HP="3122" CRI="700" CRI_MUL="2500" HIT="9500" MISS="0" MOVE_SPEED="100" CRI_DEF="1080" CRI_MUL_DEF="0" HURT_DEF="0" REDUCE_CD_RATE="0" REDUCE_CD="0" HIT_HP="0" HIT_MP="0" KILL_HP="0" KILL_MP="0" SECONDS_HP="0" SECONDS_MP="0" REDUCE_DEF="0" HERO_ATK_SPD="10000"/>
<monsterProperty id="28" STR="0" DEX="0" PHY="0" INT="0" MP="0" ATK="320" DEF="528" HP="3453" CRI="800" CRI_MUL="2600" HIT="9500" MISS="0" MOVE_SPEED="100" CRI_DEF="1120" CRI_MUL_DEF="0" HURT_DEF="0" REDUCE_CD_RATE="0" REDUCE_CD="0" HIT_HP="0" HIT_MP="0" KILL_HP="0" KILL_MP="0" SECONDS_HP="0" SECONDS_MP="0" REDUCE_DEF="0" HERO_ATK_SPD="10000"/>
<monsterProperty id="29" STR="0" DEX="0" PHY="0" INT="0" MP="0" ATK="335" DEF="544" HP="3896" CRI="800" CRI_MUL="2600" HIT="9500" MISS="0" MOVE_SPEED="100" CRI_DEF="1160" CRI_MUL_DEF="0" HURT_DEF="0" REDUCE_CD_RATE="0" REDUCE_CD="0" HIT_HP="0" HIT_MP="0" KILL_HP="0" KILL_MP="0" SECONDS_HP="0" SECONDS_MP="0" REDUCE_DEF="0" HERO_ATK_SPD="10000"/>
<monsterProperty id="30" STR="0" DEX="0" PHY="0" INT="0" MP="0" ATK="350" DEF="560" HP="4351" CRI="800" CRI_MUL="2700" HIT="9500" MISS="0" MOVE_SPEED="100" CRI_DEF="1200" CRI_MUL_DEF="0" HURT_DEF="0" REDUCE_CD_RATE="0" REDUCE_CD="0" HIT_HP="0" HIT_MP="0" KILL_HP="0" KILL_MP="0" SECONDS_HP="0" SECONDS_MP="0" REDUCE_DEF="0" HERO_ATK_SPD="10000"/>
<monsterProperty id="31" STR="0" DEX="0" PHY="0" INT="0" MP="0" ATK="429" DEF="576" HP="4619" CRI="800" CRI_MUL="2800" HIT="9500" MISS="0" MOVE_SPEED="100" CRI_DEF="1240" CRI_MUL_DEF="0" HURT_DEF="0" REDUCE_CD_RATE="0" REDUCE_CD="0" HIT_HP="0" HIT_MP="0" KILL_HP="0" KILL_MP="0" SECONDS_HP="0" SECONDS_MP="0" REDUCE_DEF="0" HERO_ATK_SPD="10000"/>
<monsterProperty id="32" STR="0" DEX="0" PHY="0" INT="0" MP="0" ATK="446" DEF="592" HP="4899" CRI="900" CRI_MUL="2900" HIT="9500" MISS="500" MOVE_SPEED="100" CRI_DEF="1280" CRI_MUL_DEF="0" HURT_DEF="0" REDUCE_CD_RATE="0" REDUCE_CD="0" HIT_HP="0" HIT_MP="0" KILL_HP="0" KILL_MP="0" SECONDS_HP="0" SECONDS_MP="0" REDUCE_DEF="0" HERO_ATK_SPD="10000"/>
<monsterProperty id="33" STR="0" DEX="0" PHY="0" INT="0" MP="0" ATK="463" DEF="608" HP="5194" CRI="900" CRI_MUL="3000" HIT="9500" MISS="500" MOVE_SPEED="100" CRI_DEF="1320" CRI_MUL_DEF="0" HURT_DEF="0" REDUCE_CD_RATE="0" REDUCE_CD="0" HIT_HP="0" HIT_MP="0" KILL_HP="0" KILL_MP="0" SECONDS_HP="0" SECONDS_MP="0" REDUCE_DEF="0" HERO_ATK_SPD="10000"/>
<monsterProperty id="34" STR="0" DEX="0" PHY="0" INT="0" MP="0" ATK="480" DEF="624" HP="5504" CRI="900" CRI_MUL="3000" HIT="9500" MISS="500" MOVE_SPEED="100" CRI_DEF="1360" CRI_MUL_DEF="0" HURT_DEF="0" REDUCE_CD_RATE="0" REDUCE_CD="0" HIT_HP="0" HIT_MP="0" KILL_HP="0" KILL_MP="0" SECONDS_HP="0" SECONDS_MP="0" REDUCE_DEF="0" HERO_ATK_SPD="10000"/>
<monsterProperty id="35" STR="0" DEX="0" PHY="0" INT="0" MP="0" ATK="498" DEF="640" HP="5829" CRI="900" CRI_MUL="3100" HIT="9500" MISS="500" MOVE_SPEED="100" CRI_DEF="1400" CRI_MUL_DEF="0" HURT_DEF="0" REDUCE_CD_RATE="0" REDUCE_CD="0" HIT_HP="0" HIT_MP="0" KILL_HP="0" KILL_MP="0" SECONDS_HP="0" SECONDS_MP="0" REDUCE_DEF="0" HERO_ATK_SPD="10000"/>
<monsterProperty id="36" STR="0" DEX="0" PHY="0" INT="0" MP="0" ATK="517" DEF="656" HP="6171" CRI="1000" CRI_MUL="3200" HIT="9500" MISS="500" MOVE_SPEED="100" CRI_DEF="1440" CRI_MUL_DEF="0" HURT_DEF="0" REDUCE_CD_RATE="0" REDUCE_CD="0" HIT_HP="0" HIT_MP="0" KILL_HP="0" KILL_MP="0" SECONDS_HP="0" SECONDS_MP="0" REDUCE_DEF="0" HERO_ATK_SPD="10000"/>
<monsterProperty id="37" STR="0" DEX="0" PHY="0" INT="0" MP="0" ATK="535" DEF="672" HP="6529" CRI="1000" CRI_MUL="3300" HIT="9500" MISS="500" MOVE_SPEED="100" CRI_DEF="1480" CRI_MUL_DEF="0" HURT_DEF="0" REDUCE_CD_RATE="0" REDUCE_CD="0" HIT_HP="0" HIT_MP="0" KILL_HP="0" KILL_MP="0" SECONDS_HP="0" SECONDS_MP="0" REDUCE_DEF="0" HERO_ATK_SPD="10000"/>
<monsterProperty id="38" STR="0" DEX="0" PHY="0" INT="0" MP="0" ATK="554" DEF="688" HP="6906" CRI="1000" CRI_MUL="3400" HIT="9500" MISS="500" MOVE_SPEED="100" CRI_DEF="1520" CRI_MUL_DEF="0" HURT_DEF="0" REDUCE_CD_RATE="0" REDUCE_CD="0" HIT_HP="0" HIT_MP="0" KILL_HP="0" KILL_MP="0" SECONDS_HP="0" SECONDS_MP="0" REDUCE_DEF="0" HERO_ATK_SPD="10000"/>
<monsterProperty id="39" STR="0" DEX="0" PHY="0" INT="0" MP="0" ATK="574" DEF="704" HP="7301" CRI="1000" CRI_MUL="3400" HIT="9500" MISS="500" MOVE_SPEED="100" CRI_DEF="1560" CRI_MUL_DEF="0" HURT_DEF="0" REDUCE_CD_RATE="0" REDUCE_CD="0" HIT_HP="0" HIT_MP="0" KILL_HP="0" KILL_MP="0" SECONDS_HP="0" SECONDS_MP="0" REDUCE_DEF="0" HERO_ATK_SPD="10000"/>
<monsterProperty id="40" STR="0" DEX="0" PHY="0" INT="0" MP="0" ATK="594" DEF="720" HP="7716" CRI="1100" CRI_MUL="3500" HIT="9500" MISS="500" MOVE_SPEED="100" CRI_DEF="1600" CRI_MUL_DEF="0" HURT_DEF="0" REDUCE_CD_RATE="0" REDUCE_CD="0" HIT_HP="0" HIT_MP="0" KILL_HP="0" KILL_MP="0" SECONDS_HP="0" SECONDS_MP="0" REDUCE_DEF="0" HERO_ATK_SPD="10000"/>
<monsterProperty id="41" STR="0" DEX="0" PHY="0" INT="0" MP="0" ATK="614" DEF="736" HP="8152" CRI="1100" CRI_MUL="3600" HIT="9500" MISS="500" MOVE_SPEED="100" CRI_DEF="1640" CRI_MUL_DEF="0" HURT_DEF="0" REDUCE_CD_RATE="0" REDUCE_CD="0" HIT_HP="0" HIT_MP="0" KILL_HP="0" KILL_MP="0" SECONDS_HP="0" SECONDS_MP="0" REDUCE_DEF="0" HERO_ATK_SPD="10000"/>
<monsterProperty id="42" STR="0" DEX="0" PHY="0" INT="0" MP="0" ATK="634" DEF="752" HP="8610" CRI="1100" CRI_MUL="3700" HIT="9500" MISS="500" MOVE_SPEED="100" CRI_DEF="1680" CRI_MUL_DEF="0" HURT_DEF="0" REDUCE_CD_RATE="0" REDUCE_CD="0" HIT_HP="0" HIT_MP="0" KILL_HP="0" KILL_MP="0" SECONDS_HP="0" SECONDS_MP="0" REDUCE_DEF="0" HERO_ATK_SPD="10000"/>
<monsterProperty id="43" STR="0" DEX="0" PHY="0" INT="0" MP="0" ATK="655" DEF="768" HP="9090" CRI="1100" CRI_MUL="3800" HIT="9500" MISS="500" MOVE_SPEED="100" CRI_DEF="1720" CRI_MUL_DEF="0" HURT_DEF="0" REDUCE_CD_RATE="0" REDUCE_CD="0" HIT_HP="0" HIT_MP="0" KILL_HP="0" KILL_MP="0" SECONDS_HP="0" SECONDS_MP="0" REDUCE_DEF="0" HERO_ATK_SPD="10000"/>
<monsterProperty id="44" STR="0" DEX="0" PHY="0" INT="0" MP="0" ATK="677" DEF="784" HP="9595" CRI="1200" CRI_MUL="3800" HIT="9500" MISS="500" MOVE_SPEED="100" CRI_DEF="1760" CRI_MUL_DEF="0" HURT_DEF="0" REDUCE_CD_RATE="0" REDUCE_CD="0" HIT_HP="0" HIT_MP="0" KILL_HP="0" KILL_MP="0" SECONDS_HP="0" SECONDS_MP="0" REDUCE_DEF="0" HERO_ATK_SPD="10000"/>
<monsterProperty id="45" STR="0" DEX="0" PHY="0" INT="0" MP="0" ATK="699" DEF="800" HP="10124" CRI="1200" CRI_MUL="3900" HIT="9500" MISS="500" MOVE_SPEED="100" CRI_DEF="1800" CRI_MUL_DEF="0" HURT_DEF="0" REDUCE_CD_RATE="0" REDUCE_CD="0" HIT_HP="0" HIT_MP="0" KILL_HP="0" KILL_MP="0" SECONDS_HP="0" SECONDS_MP="0" REDUCE_DEF="0" HERO_ATK_SPD="10000"/>
<monsterProperty id="46" STR="0" DEX="0" PHY="0" INT="0" MP="0" ATK="721" DEF="816" HP="10681" CRI="1200" CRI_MUL="4000" HIT="9500" MISS="500" MOVE_SPEED="100" CRI_DEF="1840" CRI_MUL_DEF="0" HURT_DEF="0" REDUCE_CD_RATE="0" REDUCE_CD="0" HIT_HP="0" HIT_MP="0" KILL_HP="0" KILL_MP="0" SECONDS_HP="0" SECONDS_MP="0" REDUCE_DEF="0" HERO_ATK_SPD="10000"/>
<monsterProperty id="47" STR="0" DEX="0" PHY="0" INT="0" MP="0" ATK="744" DEF="832" HP="11265" CRI="1200" CRI_MUL="4100" HIT="9500" MISS="500" MOVE_SPEED="100" CRI_DEF="1880" CRI_MUL_DEF="0" HURT_DEF="0" REDUCE_CD_RATE="0" REDUCE_CD="0" HIT_HP="0" HIT_MP="0" KILL_HP="0" KILL_MP="0" SECONDS_HP="0" SECONDS_MP="0" REDUCE_DEF="0" HERO_ATK_SPD="10000"/>
<monsterProperty id="48" STR="0" DEX="0" PHY="0" INT="0" MP="0" ATK="767" DEF="848" HP="11878" CRI="1200" CRI_MUL="4200" HIT="9500" MISS="500" MOVE_SPEED="100" CRI_DEF="1920" CRI_MUL_DEF="0" HURT_DEF="0" REDUCE_CD_RATE="0" REDUCE_CD="0" HIT_HP="0" HIT_MP="0" KILL_HP="0" KILL_MP="0" SECONDS_HP="0" SECONDS_MP="0" REDUCE_DEF="0" HERO_ATK_SPD="10000"/>
<monsterProperty id="49" STR="0" DEX="0" PHY="0" INT="0" MP="0" ATK="791" DEF="864" HP="12522" CRI="1300" CRI_MUL="4200" HIT="9500" MISS="500" MOVE_SPEED="100" CRI_DEF="1960" CRI_MUL_DEF="0" HURT_DEF="0" REDUCE_CD_RATE="0" REDUCE_CD="0" HIT_HP="0" HIT_MP="0" KILL_HP="0" KILL_MP="0" SECONDS_HP="0" SECONDS_MP="0" REDUCE_DEF="0" HERO_ATK_SPD="10000"/>
<monsterProperty id="50" STR="0" DEX="0" PHY="0" INT="0" MP="0" ATK="815" DEF="880" HP="13198" CRI="1300" CRI_MUL="4300" HIT="9500" MISS="500" MOVE_SPEED="100" CRI_DEF="2000" CRI_MUL_DEF="0" HURT_DEF="0" REDUCE_CD_RATE="0" REDUCE_CD="0" HIT_HP="0" HIT_MP="0" KILL_HP="0" KILL_MP="0" SECONDS_HP="0" SECONDS_MP="0" REDUCE_DEF="0" HERO_ATK_SPD="10000"/>
<monsterProperty id="51" STR="0" DEX="0" PHY="0" INT="0" MP="0" ATK="839" DEF="896" HP="13908" CRI="1300" CRI_MUL="4400" HIT="9500" MISS="500" MOVE_SPEED="100" CRI_DEF="2040" CRI_MUL_DEF="0" HURT_DEF="0" REDUCE_CD_RATE="0" REDUCE_CD="0" HIT_HP="0" HIT_MP="0" KILL_HP="0" KILL_MP="0" SECONDS_HP="0" SECONDS_MP="0" REDUCE_DEF="0" HERO_ATK_SPD="10000"/>
<monsterProperty id="52" STR="0" DEX="0" PHY="0" INT="0" MP="0" ATK="865" DEF="912" HP="14653" CRI="1300" CRI_MUL="4500" HIT="9500" MISS="500" MOVE_SPEED="100" CRI_DEF="2080" CRI_MUL_DEF="0" HURT_DEF="0" REDUCE_CD_RATE="0" REDUCE_CD="0" HIT_HP="0" HIT_MP="0" KILL_HP="0" KILL_MP="0" SECONDS_HP="0" SECONDS_MP="0" REDUCE_DEF="0" HERO_ATK_SPD="10000"/>
<monsterProperty id="53" STR="0" DEX="0" PHY="0" INT="0" MP="0" ATK="890" DEF="928" HP="15436" CRI="1400" CRI_MUL="4600" HIT="9500" MISS="500" MOVE_SPEED="100" CRI_DEF="2120" CRI_MUL_DEF="0" HURT_DEF="0" REDUCE_CD_RATE="0" REDUCE_CD="0" HIT_HP="0" HIT_MP="0" KILL_HP="0" KILL_MP="0" SECONDS_HP="0" SECONDS_MP="0" REDUCE_DEF="0" HERO_ATK_SPD="10000"/>
<monsterProperty id="54" STR="0" DEX="0" PHY="0" INT="0" MP="0" ATK="916" DEF="944" HP="16257" CRI="1400" CRI_MUL="4600" HIT="9500" MISS="500" MOVE_SPEED="100" CRI_DEF="2160" CRI_MUL_DEF="0" HURT_DEF="0" REDUCE_CD_RATE="0" REDUCE_CD="0" HIT_HP="0" HIT_MP="0" KILL_HP="0" KILL_MP="0" SECONDS_HP="0" SECONDS_MP="0" REDUCE_DEF="0" HERO_ATK_SPD="10000"/>
<monsterProperty id="55" STR="0" DEX="0" PHY="0" INT="0" MP="0" ATK="943" DEF="960" HP="17120" CRI="1400" CRI_MUL="4700" HIT="9500" MISS="500" MOVE_SPEED="100" CRI_DEF="2200" CRI_MUL_DEF="0" HURT_DEF="0" REDUCE_CD_RATE="0" REDUCE_CD="0" HIT_HP="0" HIT_MP="0" KILL_HP="0" KILL_MP="0" SECONDS_HP="0" SECONDS_MP="0" REDUCE_DEF="0" HERO_ATK_SPD="10000"/>
<monsterProperty id="56" STR="0" DEX="0" PHY="0" INT="0" MP="0" ATK="970" DEF="976" HP="18026" CRI="1400" CRI_MUL="4800" HIT="9500" MISS="500" MOVE_SPEED="100" CRI_DEF="2240" CRI_MUL_DEF="0" HURT_DEF="0" REDUCE_CD_RATE="0" REDUCE_CD="0" HIT_HP="0" HIT_MP="0" KILL_HP="0" KILL_MP="0" SECONDS_HP="0" SECONDS_MP="0" REDUCE_DEF="0" HERO_ATK_SPD="10000"/>
<monsterProperty id="57" STR="0" DEX="0" PHY="0" INT="0" MP="0" ATK="998" DEF="992" HP="18978" CRI="1500" CRI_MUL="4900" HIT="9500" MISS="500" MOVE_SPEED="100" CRI_DEF="2280" CRI_MUL_DEF="0" HURT_DEF="0" REDUCE_CD_RATE="0" REDUCE_CD="0" HIT_HP="0" HIT_MP="0" KILL_HP="0" KILL_MP="0" SECONDS_HP="0" SECONDS_MP="0" REDUCE_DEF="0" HERO_ATK_SPD="10000"/>
<monsterProperty id="58" STR="0" DEX="0" PHY="0" INT="0" MP="0" ATK="1026" DEF="1008" HP="19977" CRI="1500" CRI_MUL="5000" HIT="9500" MISS="500" MOVE_SPEED="100" CRI_DEF="2320" CRI_MUL_DEF="0" HURT_DEF="0" REDUCE_CD_RATE="0" REDUCE_CD="0" HIT_HP="0" HIT_MP="0" KILL_HP="0" KILL_MP="0" SECONDS_HP="0" SECONDS_MP="0" REDUCE_DEF="0" HERO_ATK_SPD="10000"/>
<monsterProperty id="59" STR="0" DEX="0" PHY="0" INT="0" MP="0" ATK="1055" DEF="1024" HP="21025" CRI="1500" CRI_MUL="5000" HIT="9500" MISS="500" MOVE_SPEED="100" CRI_DEF="2360" CRI_MUL_DEF="0" HURT_DEF="0" REDUCE_CD_RATE="0" REDUCE_CD="0" HIT_HP="0" HIT_MP="0" KILL_HP="0" KILL_MP="0" SECONDS_HP="0" SECONDS_MP="0" REDUCE_DEF="0" HERO_ATK_SPD="10000"/>
<monsterProperty id="60" STR="0" DEX="0" PHY="0" INT="0" MP="0" ATK="1084" DEF="1040" HP="22127" CRI="1500" CRI_MUL="5100" HIT="9500" MISS="500" MOVE_SPEED="100" CRI_DEF="2400" CRI_MUL_DEF="0" HURT_DEF="0" REDUCE_CD_RATE="0" REDUCE_CD="0" HIT_HP="0" HIT_MP="0" KILL_HP="0" KILL_MP="0" SECONDS_HP="0" SECONDS_MP="0" REDUCE_DEF="0" HERO_ATK_SPD="10000"/>
<monsterProperty id="61" STR="0" DEX="0" PHY="0" INT="0" MP="0" ATK="1114" DEF="1056" HP="23283" CRI="1600" CRI_MUL="5200" HIT="9500" MISS="500" MOVE_SPEED="100" CRI_DEF="2440" CRI_MUL_DEF="0" HURT_DEF="0" REDUCE_CD_RATE="0" REDUCE_CD="0" HIT_HP="0" HIT_MP="0" KILL_HP="0" KILL_MP="0" SECONDS_HP="0" SECONDS_MP="0" REDUCE_DEF="0" HERO_ATK_SPD="10000"/>
<monsterProperty id="62" STR="0" DEX="0" PHY="0" INT="0" MP="0" ATK="1145" DEF="1072" HP="24497" CRI="1600" CRI_MUL="5300" HIT="9500" MISS="500" MOVE_SPEED="100" CRI_DEF="2480" CRI_MUL_DEF="0" HURT_DEF="0" REDUCE_CD_RATE="0" REDUCE_CD="0" HIT_HP="0" HIT_MP="0" KILL_HP="0" KILL_MP="0" SECONDS_HP="0" SECONDS_MP="0" REDUCE_DEF="0" HERO_ATK_SPD="10000"/>
<monsterProperty id="63" STR="0" DEX="0" PHY="0" INT="0" MP="0" ATK="1176" DEF="1088" HP="25772" CRI="1600" CRI_MUL="5400" HIT="9500" MISS="500" MOVE_SPEED="100" CRI_DEF="2520" CRI_MUL_DEF="0" HURT_DEF="0" REDUCE_CD_RATE="0" REDUCE_CD="0" HIT_HP="0" HIT_MP="0" KILL_HP="0" KILL_MP="0" SECONDS_HP="0" SECONDS_MP="0" REDUCE_DEF="0" HERO_ATK_SPD="10000"/>
<monsterProperty id="64" STR="0" DEX="0" PHY="0" INT="0" MP="0" ATK="1208" DEF="1104" HP="27111" CRI="1600" CRI_MUL="5400" HIT="9500" MISS="500" MOVE_SPEED="100" CRI_DEF="2560" CRI_MUL_DEF="0" HURT_DEF="0" REDUCE_CD_RATE="0" REDUCE_CD="0" HIT_HP="0" HIT_MP="0" KILL_HP="0" KILL_MP="0" SECONDS_HP="0" SECONDS_MP="0" REDUCE_DEF="0" HERO_ATK_SPD="10000"/>
<monsterProperty id="65" STR="0" DEX="0" PHY="0" INT="0" MP="0" ATK="1241" DEF="1120" HP="28516" CRI="1700" CRI_MUL="5500" HIT="9500" MISS="500" MOVE_SPEED="100" CRI_DEF="2600" CRI_MUL_DEF="0" HURT_DEF="0" REDUCE_CD_RATE="0" REDUCE_CD="0" HIT_HP="0" HIT_MP="0" KILL_HP="0" KILL_MP="0" SECONDS_HP="0" SECONDS_MP="0" REDUCE_DEF="0" HERO_ATK_SPD="10000"/>
<monsterProperty id="66" STR="0" DEX="0" PHY="0" INT="0" MP="0" ATK="1274" DEF="1136" HP="29992" CRI="1700" CRI_MUL="5600" HIT="9500" MISS="500" MOVE_SPEED="100" CRI_DEF="2640" CRI_MUL_DEF="0" HURT_DEF="0" REDUCE_CD_RATE="0" REDUCE_CD="0" HIT_HP="0" HIT_MP="0" KILL_HP="0" KILL_MP="0" SECONDS_HP="0" SECONDS_MP="0" REDUCE_DEF="0" HERO_ATK_SPD="10000"/>
<monsterProperty id="67" STR="0" DEX="0" PHY="0" INT="0" MP="0" ATK="1308" DEF="1152" HP="31541" CRI="1700" CRI_MUL="5700" HIT="9500" MISS="500" MOVE_SPEED="100" CRI_DEF="2680" CRI_MUL_DEF="0" HURT_DEF="0" REDUCE_CD_RATE="0" REDUCE_CD="0" HIT_HP="0" HIT_MP="0" KILL_HP="0" KILL_MP="0" SECONDS_HP="0" SECONDS_MP="0" REDUCE_DEF="0" HERO_ATK_SPD="10000"/>
<monsterProperty id="68" STR="0" DEX="0" PHY="0" INT="0" MP="0" ATK="1342" DEF="1168" HP="33169" CRI="1700" CRI_MUL="5800" HIT="9500" MISS="500" MOVE_SPEED="100" CRI_DEF="2720" CRI_MUL_DEF="0" HURT_DEF="0" REDUCE_CD_RATE="0" REDUCE_CD="0" HIT_HP="0" HIT_MP="0" KILL_HP="0" KILL_MP="0" SECONDS_HP="0" SECONDS_MP="0" REDUCE_DEF="0" HERO_ATK_SPD="10000"/>
<monsterProperty id="69" STR="0" DEX="0" PHY="0" INT="0" MP="0" ATK="1377" DEF="1184" HP="34877" CRI="1800" CRI_MUL="5800" HIT="9500" MISS="500" MOVE_SPEED="100" CRI_DEF="2760" CRI_MUL_DEF="0" HURT_DEF="0" REDUCE_CD_RATE="0" REDUCE_CD="0" HIT_HP="0" HIT_MP="0" KILL_HP="0" KILL_MP="0" SECONDS_HP="0" SECONDS_MP="0" REDUCE_DEF="0" HERO_ATK_SPD="10000"/>
<monsterProperty id="70" STR="0" DEX="0" PHY="0" INT="0" MP="0" ATK="1413" DEF="1200" HP="36671" CRI="1800" CRI_MUL="5900" HIT="9500" MISS="500" MOVE_SPEED="100" CRI_DEF="2800" CRI_MUL_DEF="0" HURT_DEF="0" REDUCE_CD_RATE="0" REDUCE_CD="0" HIT_HP="0" HIT_MP="0" KILL_HP="0" KILL_MP="0" SECONDS_HP="0" SECONDS_MP="0" REDUCE_DEF="0" HERO_ATK_SPD="10000"/>
<monsterProperty id="71" STR="0" DEX="0" PHY="0" INT="0" MP="0" ATK="1450" DEF="1216" HP="38554" CRI="1800" CRI_MUL="6000" HIT="9500" MISS="500" MOVE_SPEED="100" CRI_DEF="2840" CRI_MUL_DEF="0" HURT_DEF="0" REDUCE_CD_RATE="0" REDUCE_CD="0" HIT_HP="0" HIT_MP="0" KILL_HP="0" KILL_MP="0" SECONDS_HP="0" SECONDS_MP="0" REDUCE_DEF="0" HERO_ATK_SPD="10000"/>
<monsterProperty id="72" STR="0" DEX="0" PHY="0" INT="0" MP="0" ATK="1487" DEF="1232" HP="40532" CRI="1800" CRI_MUL="6100" HIT="9500" MISS="500" MOVE_SPEED="100" CRI_DEF="2880" CRI_MUL_DEF="0" HURT_DEF="0" REDUCE_CD_RATE="0" REDUCE_CD="0" HIT_HP="0" HIT_MP="0" KILL_HP="0" KILL_MP="0" SECONDS_HP="0" SECONDS_MP="0" REDUCE_DEF="0" HERO_ATK_SPD="10000"/>
<monsterProperty id="73" STR="0" DEX="0" PHY="0" INT="0" MP="0" ATK="1525" DEF="1248" HP="42609" CRI="1800" CRI_MUL="6200" HIT="9500" MISS="500" MOVE_SPEED="100" CRI_DEF="2920" CRI_MUL_DEF="0" HURT_DEF="0" REDUCE_CD_RATE="0" REDUCE_CD="0" HIT_HP="0" HIT_MP="0" KILL_HP="0" KILL_MP="0" SECONDS_HP="0" SECONDS_MP="0" REDUCE_DEF="0" HERO_ATK_SPD="10000"/>
<monsterProperty id="74" STR="0" DEX="0" PHY="0" INT="0" MP="0" ATK="1564" DEF="1264" HP="44789" CRI="1900" CRI_MUL="6200" HIT="9500" MISS="500" MOVE_SPEED="100" CRI_DEF="2960" CRI_MUL_DEF="0" HURT_DEF="0" REDUCE_CD_RATE="0" REDUCE_CD="0" HIT_HP="0" HIT_MP="0" KILL_HP="0" KILL_MP="0" SECONDS_HP="0" SECONDS_MP="0" REDUCE_DEF="0" HERO_ATK_SPD="10000"/>
<monsterProperty id="75" STR="0" DEX="0" PHY="0" INT="0" MP="0" ATK="1604" DEF="1280" HP="47079" CRI="1900" CRI_MUL="6300" HIT="9500" MISS="500" MOVE_SPEED="100" CRI_DEF="3000" CRI_MUL_DEF="0" HURT_DEF="0" REDUCE_CD_RATE="0" REDUCE_CD="0" HIT_HP="0" HIT_MP="0" KILL_HP="0" KILL_MP="0" SECONDS_HP="0" SECONDS_MP="0" REDUCE_DEF="0" HERO_ATK_SPD="10000"/>
<monsterProperty id="76" STR="0" DEX="0" PHY="0" INT="0" MP="0" ATK="1644" DEF="1296" HP="49482" CRI="1900" CRI_MUL="6400" HIT="9500" MISS="500" MOVE_SPEED="100" CRI_DEF="3040" CRI_MUL_DEF="0" HURT_DEF="0" REDUCE_CD_RATE="0" REDUCE_CD="0" HIT_HP="0" HIT_MP="0" KILL_HP="0" KILL_MP="0" SECONDS_HP="0" SECONDS_MP="0" REDUCE_DEF="0" HERO_ATK_SPD="10000"/>
<monsterProperty id="77" STR="0" DEX="0" PHY="0" INT="0" MP="0" ATK="1685" DEF="1312" HP="52007" CRI="1900" CRI_MUL="6500" HIT="9500" MISS="500" MOVE_SPEED="100" CRI_DEF="3080" CRI_MUL_DEF="0" HURT_DEF="0" REDUCE_CD_RATE="0" REDUCE_CD="0" HIT_HP="0" HIT_MP="0" KILL_HP="0" KILL_MP="0" SECONDS_HP="0" SECONDS_MP="0" REDUCE_DEF="0" HERO_ATK_SPD="10000"/>
<monsterProperty id="78" STR="0" DEX="0" PHY="0" INT="0" MP="0" ATK="1727" DEF="1328" HP="54657" CRI="2000" CRI_MUL="6600" HIT="9500" MISS="500" MOVE_SPEED="100" CRI_DEF="3120" CRI_MUL_DEF="0" HURT_DEF="0" REDUCE_CD_RATE="0" REDUCE_CD="0" HIT_HP="0" HIT_MP="0" KILL_HP="0" KILL_MP="0" SECONDS_HP="0" SECONDS_MP="0" REDUCE_DEF="0" HERO_ATK_SPD="10000"/>
<monsterProperty id="79" STR="0" DEX="0" PHY="0" INT="0" MP="0" ATK="1770" DEF="1344" HP="57440" CRI="2000" CRI_MUL="6600" HIT="9500" MISS="500" MOVE_SPEED="100" CRI_DEF="3160" CRI_MUL_DEF="0" HURT_DEF="0" REDUCE_CD_RATE="0" REDUCE_CD="0" HIT_HP="0" HIT_MP="0" KILL_HP="0" KILL_MP="0" SECONDS_HP="0" SECONDS_MP="0" REDUCE_DEF="0" HERO_ATK_SPD="10000"/>
<monsterProperty id="80" STR="0" DEX="0" PHY="0" INT="0" MP="0" ATK="1814" DEF="1360" HP="60362" CRI="2000" CRI_MUL="6700" HIT="9500" MISS="500" MOVE_SPEED="100" CRI_DEF="3200" CRI_MUL_DEF="0" HURT_DEF="0" REDUCE_CD_RATE="0" REDUCE_CD="0" HIT_HP="0" HIT_MP="0" KILL_HP="0" KILL_MP="0" SECONDS_HP="0" SECONDS_MP="0" REDUCE_DEF="0" HERO_ATK_SPD="10000"/>
<monsterProperty id="81" STR="0" DEX="0" PHY="0" INT="0" MP="0" ATK="1859" DEF="1376" HP="63430" CRI="2000" CRI_MUL="6800" HIT="9500" MISS="500" MOVE_SPEED="100" CRI_DEF="3240" CRI_MUL_DEF="0" HURT_DEF="0" REDUCE_CD_RATE="0" REDUCE_CD="0" HIT_HP="0" HIT_MP="0" KILL_HP="0" KILL_MP="0" SECONDS_HP="0" SECONDS_MP="0" REDUCE_DEF="0" HERO_ATK_SPD="10000"/>
<monsterProperty id="82" STR="0" DEX="0" PHY="0" INT="0" MP="0" ATK="1904" DEF="1392" HP="66651" CRI="2100" CRI_MUL="6900" HIT="9500" MISS="500" MOVE_SPEED="100" CRI_DEF="3280" CRI_MUL_DEF="0" HURT_DEF="0" REDUCE_CD_RATE="0" REDUCE_CD="0" HIT_HP="0" HIT_MP="0" KILL_HP="0" KILL_MP="0" SECONDS_HP="0" SECONDS_MP="0" REDUCE_DEF="0" HERO_ATK_SPD="10000"/>
<monsterProperty id="83" STR="0" DEX="0" PHY="0" INT="0" MP="0" ATK="1950" DEF="1408" HP="70034" CRI="2100" CRI_MUL="7000" HIT="9500" MISS="500" MOVE_SPEED="100" CRI_DEF="3320" CRI_MUL_DEF="0" HURT_DEF="0" REDUCE_CD_RATE="0" REDUCE_CD="0" HIT_HP="0" HIT_MP="0" KILL_HP="0" KILL_MP="0" SECONDS_HP="0" SECONDS_MP="0" REDUCE_DEF="0" HERO_ATK_SPD="10000"/>
<monsterProperty id="84" STR="0" DEX="0" PHY="0" INT="0" MP="0" ATK="1998" DEF="1424" HP="73586" CRI="2100" CRI_MUL="7000" HIT="9500" MISS="500" MOVE_SPEED="100" CRI_DEF="3360" CRI_MUL_DEF="0" HURT_DEF="0" REDUCE_CD_RATE="0" REDUCE_CD="0" HIT_HP="0" HIT_MP="0" KILL_HP="0" KILL_MP="0" SECONDS_HP="0" SECONDS_MP="0" REDUCE_DEF="0" HERO_ATK_SPD="10000"/>
<monsterProperty id="85" STR="0" DEX="0" PHY="0" INT="0" MP="0" ATK="2046" DEF="1440" HP="77315" CRI="2100" CRI_MUL="7100" HIT="9500" MISS="500" MOVE_SPEED="100" CRI_DEF="3400" CRI_MUL_DEF="0" HURT_DEF="0" REDUCE_CD_RATE="0" REDUCE_CD="0" HIT_HP="0" HIT_MP="0" KILL_HP="0" KILL_MP="0" SECONDS_HP="0" SECONDS_MP="0" REDUCE_DEF="0" HERO_ATK_SPD="10000"/>
<monsterProperty id="86" STR="0" DEX="0" PHY="0" INT="0" MP="0" ATK="2095" DEF="1456" HP="81231" CRI="2200" CRI_MUL="7200" HIT="9500" MISS="500" MOVE_SPEED="100" CRI_DEF="3440" CRI_MUL_DEF="0" HURT_DEF="0" REDUCE_CD_RATE="0" REDUCE_CD="0" HIT_HP="0" HIT_MP="0" KILL_HP="0" KILL_MP="0" SECONDS_HP="0" SECONDS_MP="0" REDUCE_DEF="0" HERO_ATK_SPD="10000"/>
<monsterProperty id="87" STR="0" DEX="0" PHY="0" INT="0" MP="0" ATK="2146" DEF="1472" HP="85342" CRI="2200" CRI_MUL="7300" HIT="9500" MISS="500" MOVE_SPEED="100" CRI_DEF="3480" CRI_MUL_DEF="0" HURT_DEF="0" REDUCE_CD_RATE="0" REDUCE_CD="0" HIT_HP="0" HIT_MP="0" KILL_HP="0" KILL_MP="0" SECONDS_HP="0" SECONDS_MP="0" REDUCE_DEF="0" HERO_ATK_SPD="10000"/>
<monsterProperty id="88" STR="0" DEX="0" PHY="0" INT="0" MP="0" ATK="2197" DEF="1488" HP="89659" CRI="2200" CRI_MUL="7400" HIT="9500" MISS="500" MOVE_SPEED="100" CRI_DEF="3520" CRI_MUL_DEF="0" HURT_DEF="0" REDUCE_CD_RATE="0" REDUCE_CD="0" HIT_HP="0" HIT_MP="0" KILL_HP="0" KILL_MP="0" SECONDS_HP="0" SECONDS_MP="0" REDUCE_DEF="0" HERO_ATK_SPD="10000"/>
<monsterProperty id="89" STR="0" DEX="0" PHY="0" INT="0" MP="0" ATK="2249" DEF="1504" HP="94192" CRI="2200" CRI_MUL="7400" HIT="9500" MISS="500" MOVE_SPEED="100" CRI_DEF="3560" CRI_MUL_DEF="0" HURT_DEF="0" REDUCE_CD_RATE="0" REDUCE_CD="0" HIT_HP="0" HIT_MP="0" KILL_HP="0" KILL_MP="0" SECONDS_HP="0" SECONDS_MP="0" REDUCE_DEF="0" HERO_ATK_SPD="10000"/>
<monsterProperty id="90" STR="0" DEX="0" PHY="0" INT="0" MP="0" ATK="2302" DEF="1520" HP="98952" CRI="2300" CRI_MUL="7500" HIT="9500" MISS="500" MOVE_SPEED="100" CRI_DEF="3600" CRI_MUL_DEF="0" HURT_DEF="0" REDUCE_CD_RATE="0" REDUCE_CD="0" HIT_HP="0" HIT_MP="0" KILL_HP="0" KILL_MP="0" SECONDS_HP="0" SECONDS_MP="0" REDUCE_DEF="0" HERO_ATK_SPD="10000"/>
<monsterProperty id="91" STR="0" DEX="0" PHY="0" INT="0" MP="0" ATK="2357" DEF="1536" HP="103949" CRI="2300" CRI_MUL="7600" HIT="9500" MISS="500" MOVE_SPEED="100" CRI_DEF="3640" CRI_MUL_DEF="0" HURT_DEF="0" REDUCE_CD_RATE="0" REDUCE_CD="0" HIT_HP="0" HIT_MP="0" KILL_HP="0" KILL_MP="0" SECONDS_HP="0" SECONDS_MP="0" REDUCE_DEF="0" HERO_ATK_SPD="10000"/>
<monsterProperty id="92" STR="0" DEX="0" PHY="0" INT="0" MP="0" ATK="2412" DEF="1552" HP="109197" CRI="2300" CRI_MUL="7700" HIT="9500" MISS="500" MOVE_SPEED="100" CRI_DEF="3680" CRI_MUL_DEF="0" HURT_DEF="0" REDUCE_CD_RATE="0" REDUCE_CD="0" HIT_HP="0" HIT_MP="0" KILL_HP="0" KILL_MP="0" SECONDS_HP="0" SECONDS_MP="0" REDUCE_DEF="0" HERO_ATK_SPD="10000"/>
<monsterProperty id="93" STR="0" DEX="0" PHY="0" INT="0" MP="0" ATK="2469" DEF="1568" HP="114707" CRI="2300" CRI_MUL="7800" HIT="9500" MISS="500" MOVE_SPEED="100" CRI_DEF="3720" CRI_MUL_DEF="0" HURT_DEF="0" REDUCE_CD_RATE="0" REDUCE_CD="0" HIT_HP="0" HIT_MP="0" KILL_HP="0" KILL_MP="0" SECONDS_HP="0" SECONDS_MP="0" REDUCE_DEF="0" HERO_ATK_SPD="10000"/>
<monsterProperty id="94" STR="0" DEX="0" PHY="0" INT="0" MP="0" ATK="2527" DEF="1584" HP="120492" CRI="2400" CRI_MUL="7800" HIT="9500" MISS="500" MOVE_SPEED="100" CRI_DEF="3760" CRI_MUL_DEF="0" HURT_DEF="0" REDUCE_CD_RATE="0" REDUCE_CD="0" HIT_HP="0" HIT_MP="0" KILL_HP="0" KILL_MP="0" SECONDS_HP="0" SECONDS_MP="0" REDUCE_DEF="0" HERO_ATK_SPD="10000"/>
<monsterProperty id="95" STR="0" DEX="0" PHY="0" INT="0" MP="0" ATK="2585" DEF="1600" HP="126567" CRI="2400" CRI_MUL="7900" HIT="9500" MISS="500" MOVE_SPEED="100" CRI_DEF="3800" CRI_MUL_DEF="0" HURT_DEF="0" REDUCE_CD_RATE="0" REDUCE_CD="0" HIT_HP="0" HIT_MP="0" KILL_HP="0" KILL_MP="0" SECONDS_HP="0" SECONDS_MP="0" REDUCE_DEF="0" HERO_ATK_SPD="10000"/>
<monsterProperty id="96" STR="0" DEX="0" PHY="0" INT="0" MP="0" ATK="2645" DEF="1616" HP="132945" CRI="2400" CRI_MUL="8000" HIT="9500" MISS="500" MOVE_SPEED="100" CRI_DEF="3840" CRI_MUL_DEF="0" HURT_DEF="0" REDUCE_CD_RATE="0" REDUCE_CD="0" HIT_HP="0" HIT_MP="0" KILL_HP="0" KILL_MP="0" SECONDS_HP="0" SECONDS_MP="0" REDUCE_DEF="0" HERO_ATK_SPD="10000"/>
<monsterProperty id="97" STR="0" DEX="0" PHY="0" INT="0" MP="0" ATK="2707" DEF="1632" HP="139642" CRI="2400" CRI_MUL="8100" HIT="9500" MISS="500" MOVE_SPEED="100" CRI_DEF="3880" CRI_MUL_DEF="0" HURT_DEF="0" REDUCE_CD_RATE="0" REDUCE_CD="0" HIT_HP="0" HIT_MP="0" KILL_HP="0" KILL_MP="0" SECONDS_HP="0" SECONDS_MP="0" REDUCE_DEF="0" HERO_ATK_SPD="10000"/>
<monsterProperty id="98" STR="0" DEX="0" PHY="0" INT="0" MP="0" ATK="2769" DEF="1648" HP="146674" CRI="2400" CRI_MUL="8200" HIT="9500" MISS="500" MOVE_SPEED="100" CRI_DEF="3920" CRI_MUL_DEF="0" HURT_DEF="0" REDUCE_CD_RATE="0" REDUCE_CD="0" HIT_HP="0" HIT_MP="0" KILL_HP="0" KILL_MP="0" SECONDS_HP="0" SECONDS_MP="0" REDUCE_DEF="0" HERO_ATK_SPD="10000"/>
<monsterProperty id="99" STR="0" DEX="0" PHY="0" INT="0" MP="0" ATK="2833" DEF="1664" HP="154058" CRI="2500" CRI_MUL="8200" HIT="9500" MISS="500" MOVE_SPEED="100" CRI_DEF="3960" CRI_MUL_DEF="0" HURT_DEF="0" REDUCE_CD_RATE="0" REDUCE_CD="0" HIT_HP="0" HIT_MP="0" KILL_HP="0" KILL_MP="0" SECONDS_HP="0" SECONDS_MP="0" REDUCE_DEF="0" HERO_ATK_SPD="10000"/>
<monsterProperty id="100" STR="0" DEX="0" PHY="0" INT="0" MP="0" ATK="2898" DEF="1680" HP="161811" CRI="2500" CRI_MUL="8300" HIT="9500" MISS="500" MOVE_SPEED="100" CRI_DEF="4000" CRI_MUL_DEF="0" HURT_DEF="0" REDUCE_CD_RATE="0" REDUCE_CD="0" HIT_HP="0" HIT_MP="0" KILL_HP="0" KILL_MP="0" SECONDS_HP="0" SECONDS_MP="0" REDUCE_DEF="0" HERO_ATK_SPD="10000"/>
<monsterProperty id="101" STR="0" DEX="0" PHY="0" INT="0" MP="0" ATK="2964" DEF="1696" HP="169952" CRI="2500" CRI_MUL="8400" HIT="9500" MISS="500" MOVE_SPEED="100" CRI_DEF="4040" CRI_MUL_DEF="0" HURT_DEF="0" REDUCE_CD_RATE="0" REDUCE_CD="0" HIT_HP="0" HIT_MP="0" KILL_HP="0" KILL_MP="0" SECONDS_HP="0" SECONDS_MP="0" REDUCE_DEF="0" HERO_ATK_SPD="10000"/>
<monsterProperty id="102" STR="0" DEX="0" PHY="0" INT="0" MP="0" ATK="3032" DEF="1712" HP="178499" CRI="2500" CRI_MUL="8500" HIT="9500" MISS="500" MOVE_SPEED="100" CRI_DEF="4080" CRI_MUL_DEF="0" HURT_DEF="0" REDUCE_CD_RATE="0" REDUCE_CD="0" HIT_HP="0" HIT_MP="0" KILL_HP="0" KILL_MP="0" SECONDS_HP="0" SECONDS_MP="0" REDUCE_DEF="0" HERO_ATK_SPD="10000"/>
<monsterProperty id="103" STR="0" DEX="0" PHY="0" INT="0" MP="0" ATK="3101" DEF="1728" HP="187474" CRI="2500" CRI_MUL="8600" HIT="9500" MISS="500" MOVE_SPEED="100" CRI_DEF="4120" CRI_MUL_DEF="0" HURT_DEF="0" REDUCE_CD_RATE="0" REDUCE_CD="0" HIT_HP="0" HIT_MP="0" KILL_HP="0" KILL_MP="0" SECONDS_HP="0" SECONDS_MP="0" REDUCE_DEF="0" HERO_ATK_SPD="10000"/>
<monsterProperty id="104" STR="0" DEX="0" PHY="0" INT="0" MP="0" ATK="3171" DEF="1744" HP="196898" CRI="2500" CRI_MUL="8700" HIT="9500" MISS="500" MOVE_SPEED="100" CRI_DEF="4160" CRI_MUL_DEF="0" HURT_DEF="0" REDUCE_CD_RATE="0" REDUCE_CD="0" HIT_HP="0" HIT_MP="0" KILL_HP="0" KILL_MP="0" SECONDS_HP="0" SECONDS_MP="0" REDUCE_DEF="0" HERO_ATK_SPD="10000"/>
<monsterProperty id="105" STR="0" DEX="0" PHY="0" INT="0" MP="0" ATK="3243" DEF="1760" HP="206793" CRI="2500" CRI_MUL="8800" HIT="9500" MISS="500" MOVE_SPEED="100" CRI_DEF="4200" CRI_MUL_DEF="0" HURT_DEF="0" REDUCE_CD_RATE="0" REDUCE_CD="0" HIT_HP="0" HIT_MP="0" KILL_HP="0" KILL_MP="0" SECONDS_HP="0" SECONDS_MP="0" REDUCE_DEF="0" HERO_ATK_SPD="10000"/>
<monsterProperty id="106" STR="0" DEX="0" PHY="0" INT="0" MP="0" ATK="3316" DEF="1776" HP="217182" CRI="2500" CRI_MUL="8900" HIT="9500" MISS="500" MOVE_SPEED="100" CRI_DEF="4240" CRI_MUL_DEF="0" HURT_DEF="0" REDUCE_CD_RATE="0" REDUCE_CD="0" HIT_HP="0" HIT_MP="0" KILL_HP="0" KILL_MP="0" SECONDS_HP="0" SECONDS_MP="0" REDUCE_DEF="0" HERO_ATK_SPD="10000"/>
<monsterProperty id="107" STR="0" DEX="0" PHY="0" INT="0" MP="0" ATK="3391" DEF="1792" HP="228092" CRI="2500" CRI_MUL="9000" HIT="9500" MISS="500" MOVE_SPEED="100" CRI_DEF="4280" CRI_MUL_DEF="0" HURT_DEF="0" REDUCE_CD_RATE="0" REDUCE_CD="0" HIT_HP="0" HIT_MP="0" KILL_HP="0" KILL_MP="0" SECONDS_HP="0" SECONDS_MP="0" REDUCE_DEF="0" HERO_ATK_SPD="10000"/>
<monsterProperty id="108" STR="0" DEX="0" PHY="0" INT="0" MP="0" ATK="3467" DEF="1808" HP="239546" CRI="2500" CRI_MUL="9100" HIT="9500" MISS="500" MOVE_SPEED="100" CRI_DEF="4320" CRI_MUL_DEF="0" HURT_DEF="0" REDUCE_CD_RATE="0" REDUCE_CD="0" HIT_HP="0" HIT_MP="0" KILL_HP="0" KILL_MP="0" SECONDS_HP="0" SECONDS_MP="0" REDUCE_DEF="0" HERO_ATK_SPD="10000"/>
<monsterProperty id="109" STR="0" DEX="0" PHY="0" INT="0" MP="0" ATK="3545" DEF="1824" HP="251573" CRI="2500" CRI_MUL="9200" HIT="9500" MISS="500" MOVE_SPEED="100" CRI_DEF="4360" CRI_MUL_DEF="0" HURT_DEF="0" REDUCE_CD_RATE="0" REDUCE_CD="0" HIT_HP="0" HIT_MP="0" KILL_HP="0" KILL_MP="0" SECONDS_HP="0" SECONDS_MP="0" REDUCE_DEF="0" HERO_ATK_SPD="10000"/>
<monsterProperty id="110" STR="0" DEX="0" PHY="0" INT="0" MP="0" ATK="3624" DEF="1840" HP="264202" CRI="2500" CRI_MUL="9300" HIT="9500" MISS="500" MOVE_SPEED="100" CRI_DEF="4400" CRI_MUL_DEF="0" HURT_DEF="0" REDUCE_CD_RATE="0" REDUCE_CD="0" HIT_HP="0" HIT_MP="0" KILL_HP="0" KILL_MP="0" SECONDS_HP="0" SECONDS_MP="0" REDUCE_DEF="0" HERO_ATK_SPD="10000"/>
<monsterProperty id="111" STR="0" DEX="0" PHY="0" INT="0" MP="0" ATK="3705" DEF="1856" HP="277462" CRI="2500" CRI_MUL="9400" HIT="9500" MISS="500" MOVE_SPEED="100" CRI_DEF="4440" CRI_MUL_DEF="0" HURT_DEF="0" REDUCE_CD_RATE="0" REDUCE_CD="0" HIT_HP="0" HIT_MP="0" KILL_HP="0" KILL_MP="0" SECONDS_HP="0" SECONDS_MP="0" REDUCE_DEF="0" HERO_ATK_SPD="10000"/>
<monsterProperty id="112" STR="0" DEX="0" PHY="0" INT="0" MP="0" ATK="3787" DEF="1872" HP="291385" CRI="2500" CRI_MUL="9500" HIT="9500" MISS="500" MOVE_SPEED="100" CRI_DEF="4480" CRI_MUL_DEF="0" HURT_DEF="0" REDUCE_CD_RATE="0" REDUCE_CD="0" HIT_HP="0" HIT_MP="0" KILL_HP="0" KILL_MP="0" SECONDS_HP="0" SECONDS_MP="0" REDUCE_DEF="0" HERO_ATK_SPD="10000"/>
<monsterProperty id="113" STR="0" DEX="0" PHY="0" INT="0" MP="0" ATK="3871" DEF="1888" HP="306005" CRI="2500" CRI_MUL="9600" HIT="9500" MISS="500" MOVE_SPEED="100" CRI_DEF="4520" CRI_MUL_DEF="0" HURT_DEF="0" REDUCE_CD_RATE="0" REDUCE_CD="0" HIT_HP="0" HIT_MP="0" KILL_HP="0" KILL_MP="0" SECONDS_HP="0" SECONDS_MP="0" REDUCE_DEF="0" HERO_ATK_SPD="10000"/>
<monsterProperty id="114" STR="0" DEX="0" PHY="0" INT="0" MP="0" ATK="3957" DEF="1904" HP="321355" CRI="2500" CRI_MUL="9700" HIT="9500" MISS="500" MOVE_SPEED="100" CRI_DEF="4560" CRI_MUL_DEF="0" HURT_DEF="0" REDUCE_CD_RATE="0" REDUCE_CD="0" HIT_HP="0" HIT_MP="0" KILL_HP="0" KILL_MP="0" SECONDS_HP="0" SECONDS_MP="0" REDUCE_DEF="0" HERO_ATK_SPD="10000"/>
<monsterProperty id="115" STR="0" DEX="0" PHY="0" INT="0" MP="0" ATK="4044" DEF="1920" HP="337473" CRI="2500" CRI_MUL="9800" HIT="9500" MISS="500" MOVE_SPEED="100" CRI_DEF="4600" CRI_MUL_DEF="0" HURT_DEF="0" REDUCE_CD_RATE="0" REDUCE_CD="0" HIT_HP="0" HIT_MP="0" KILL_HP="0" KILL_MP="0" SECONDS_HP="0" SECONDS_MP="0" REDUCE_DEF="0" HERO_ATK_SPD="10000"/>
<monsterProperty id="116" STR="0" DEX="0" PHY="0" INT="0" MP="0" ATK="4133" DEF="1936" HP="354396" CRI="2500" CRI_MUL="9900" HIT="9500" MISS="500" MOVE_SPEED="100" CRI_DEF="4640" CRI_MUL_DEF="0" HURT_DEF="0" REDUCE_CD_RATE="0" REDUCE_CD="0" HIT_HP="0" HIT_MP="0" KILL_HP="0" KILL_MP="0" SECONDS_HP="0" SECONDS_MP="0" REDUCE_DEF="0" HERO_ATK_SPD="10000"/>
<monsterProperty id="117" STR="0" DEX="0" PHY="0" INT="0" MP="0" ATK="4224" DEF="1952" HP="372166" CRI="2500" CRI_MUL="10000" HIT="9500" MISS="500" MOVE_SPEED="100" CRI_DEF="4680" CRI_MUL_DEF="0" HURT_DEF="0" REDUCE_CD_RATE="0" REDUCE_CD="0" HIT_HP="0" HIT_MP="0" KILL_HP="0" KILL_MP="0" SECONDS_HP="0" SECONDS_MP="0" REDUCE_DEF="0" HERO_ATK_SPD="10000"/>
<monsterProperty id="118" STR="0" DEX="0" PHY="0" INT="0" MP="0" ATK="4317" DEF="1968" HP="390824" CRI="2500" CRI_MUL="10100" HIT="9500" MISS="500" MOVE_SPEED="100" CRI_DEF="4720" CRI_MUL_DEF="0" HURT_DEF="0" REDUCE_CD_RATE="0" REDUCE_CD="0" HIT_HP="0" HIT_MP="0" KILL_HP="0" KILL_MP="0" SECONDS_HP="0" SECONDS_MP="0" REDUCE_DEF="0" HERO_ATK_SPD="10000"/>
<monsterProperty id="119" STR="0" DEX="0" PHY="0" INT="0" MP="0" ATK="4412" DEF="1984" HP="410415" CRI="2500" CRI_MUL="10200" HIT="9500" MISS="500" MOVE_SPEED="100" CRI_DEF="4760" CRI_MUL_DEF="0" HURT_DEF="0" REDUCE_CD_RATE="0" REDUCE_CD="0" HIT_HP="0" HIT_MP="0" KILL_HP="0" KILL_MP="0" SECONDS_HP="0" SECONDS_MP="0" REDUCE_DEF="0" HERO_ATK_SPD="10000"/>
<monsterProperty id="120" STR="0" DEX="0" PHY="0" INT="0" MP="0" ATK="4509" DEF="2000" HP="430986" CRI="2500" CRI_MUL="10300" HIT="9500" MISS="500" MOVE_SPEED="100" CRI_DEF="4800" CRI_MUL_DEF="0" HURT_DEF="0" REDUCE_CD_RATE="0" REDUCE_CD="0" HIT_HP="0" HIT_MP="0" KILL_HP="0" KILL_MP="0" SECONDS_HP="0" SECONDS_MP="0" REDUCE_DEF="0" HERO_ATK_SPD="10000"/>
<monsterProperty id="121" STR="0" DEX="0" PHY="0" INT="0" MP="0" ATK="4607" DEF="2016" HP="452586" CRI="2500" CRI_MUL="10400" HIT="9500" MISS="500" MOVE_SPEED="100" CRI_DEF="4840" CRI_MUL_DEF="0" HURT_DEF="0" REDUCE_CD_RATE="0" REDUCE_CD="0" HIT_HP="0" HIT_MP="0" KILL_HP="0" KILL_MP="0" SECONDS_HP="0" SECONDS_MP="0" REDUCE_DEF="0" HERO_ATK_SPD="10000"/>
<monsterProperty id="122" STR="0" DEX="0" PHY="0" INT="0" MP="0" ATK="4708" DEF="2032" HP="475265" CRI="2500" CRI_MUL="10500" HIT="9500" MISS="500" MOVE_SPEED="100" CRI_DEF="4880" CRI_MUL_DEF="0" HURT_DEF="0" REDUCE_CD_RATE="0" REDUCE_CD="0" HIT_HP="0" HIT_MP="0" KILL_HP="0" KILL_MP="0" SECONDS_HP="0" SECONDS_MP="0" REDUCE_DEF="0" HERO_ATK_SPD="10000"/>
<monsterProperty id="123" STR="0" DEX="0" PHY="0" INT="0" MP="0" ATK="4810" DEF="2048" HP="499078" CRI="2500" CRI_MUL="10600" HIT="9500" MISS="500" MOVE_SPEED="100" CRI_DEF="4920" CRI_MUL_DEF="0" HURT_DEF="0" REDUCE_CD_RATE="0" REDUCE_CD="0" HIT_HP="0" HIT_MP="0" KILL_HP="0" KILL_MP="0" SECONDS_HP="0" SECONDS_MP="0" REDUCE_DEF="0" HERO_ATK_SPD="10000"/>
<monsterProperty id="124" STR="0" DEX="0" PHY="0" INT="0" MP="0" ATK="4915" DEF="2064" HP="524082" CRI="2500" CRI_MUL="10700" HIT="9500" MISS="500" MOVE_SPEED="100" CRI_DEF="4960" CRI_MUL_DEF="0" HURT_DEF="0" REDUCE_CD_RATE="0" REDUCE_CD="0" HIT_HP="0" HIT_MP="0" KILL_HP="0" KILL_MP="0" SECONDS_HP="0" SECONDS_MP="0" REDUCE_DEF="0" HERO_ATK_SPD="10000"/>
<monsterProperty id="125" STR="0" DEX="0" PHY="0" INT="0" MP="0" ATK="5021" DEF="2080" HP="550336" CRI="2500" CRI_MUL="10800" HIT="9500" MISS="500" MOVE_SPEED="100" CRI_DEF="5000" CRI_MUL_DEF="0" HURT_DEF="0" REDUCE_CD_RATE="0" REDUCE_CD="0" HIT_HP="0" HIT_MP="0" KILL_HP="0" KILL_MP="0" SECONDS_HP="0" SECONDS_MP="0" REDUCE_DEF="0" HERO_ATK_SPD="10000"/>
<monsterProperty id="126" STR="0" DEX="0" PHY="0" INT="0" MP="0" ATK="64211" DEF="2096" HP="577903" CRI="2500" CRI_MUL="10900" HIT="9500" MISS="500" MOVE_SPEED="100" CRI_DEF="5040" CRI_MUL_DEF="0" HURT_DEF="0" REDUCE_CD_RATE="0" REDUCE_CD="0" HIT_HP="0" HIT_MP="0" KILL_HP="0" KILL_MP="0" SECONDS_HP="0" SECONDS_MP="0" REDUCE_DEF="0" HERO_ATK_SPD="10000"/>
<monsterProperty id="127" STR="0" DEX="0" PHY="0" INT="0" MP="0" ATK="67428" DEF="2112" HP="606848" CRI="2500" CRI_MUL="11000" HIT="9500" MISS="500" MOVE_SPEED="100" CRI_DEF="5080" CRI_MUL_DEF="0" HURT_DEF="0" REDUCE_CD_RATE="0" REDUCE_CD="0" HIT_HP="0" HIT_MP="0" KILL_HP="0" KILL_MP="0" SECONDS_HP="0" SECONDS_MP="0" REDUCE_DEF="0" HERO_ATK_SPD="10000"/>
<monsterProperty id="128" STR="0" DEX="0" PHY="0" INT="0" MP="0" ATK="70804" DEF="2128" HP="637240" CRI="2500" CRI_MUL="11100" HIT="9500" MISS="500" MOVE_SPEED="100" CRI_DEF="5120" CRI_MUL_DEF="0" HURT_DEF="0" REDUCE_CD_RATE="0" REDUCE_CD="0" HIT_HP="0" HIT_MP="0" KILL_HP="0" KILL_MP="0" SECONDS_HP="0" SECONDS_MP="0" REDUCE_DEF="0" HERO_ATK_SPD="10000"/>
<monsterProperty id="129" STR="0" DEX="0" PHY="0" INT="0" MP="0" ATK="74350" DEF="2144" HP="669152" CRI="2500" CRI_MUL="11200" HIT="9500" MISS="500" MOVE_SPEED="100" CRI_DEF="5160" CRI_MUL_DEF="0" HURT_DEF="0" REDUCE_CD_RATE="0" REDUCE_CD="0" HIT_HP="0" HIT_MP="0" KILL_HP="0" KILL_MP="0" SECONDS_HP="0" SECONDS_MP="0" REDUCE_DEF="0" HERO_ATK_SPD="10000"/>
<monsterProperty id="130" STR="0" DEX="0" PHY="0" INT="0" MP="0" ATK="78073" DEF="2160" HP="702660" CRI="2500" CRI_MUL="11300" HIT="9500" MISS="500" MOVE_SPEED="100" CRI_DEF="5200" CRI_MUL_DEF="0" HURT_DEF="0" REDUCE_CD_RATE="0" REDUCE_CD="0" HIT_HP="0" HIT_MP="0" KILL_HP="0" KILL_MP="0" SECONDS_HP="0" SECONDS_MP="0" REDUCE_DEF="0" HERO_ATK_SPD="10000"/>
<monsterProperty id="131" STR="0" DEX="0" PHY="0" INT="0" MP="0" ATK="81983" DEF="2176" HP="737843" CRI="2500" CRI_MUL="11400" HIT="9500" MISS="500" MOVE_SPEED="100" CRI_DEF="5240" CRI_MUL_DEF="0" HURT_DEF="0" REDUCE_CD_RATE="0" REDUCE_CD="0" HIT_HP="0" HIT_MP="0" KILL_HP="0" KILL_MP="0" SECONDS_HP="0" SECONDS_MP="0" REDUCE_DEF="0" HERO_ATK_SPD="10000"/>
<monsterProperty id="132" STR="0" DEX="0" PHY="0" INT="0" MP="0" ATK="86087" DEF="2192" HP="774785" CRI="2500" CRI_MUL="11500" HIT="9500" MISS="500" MOVE_SPEED="100" CRI_DEF="5280" CRI_MUL_DEF="0" HURT_DEF="0" REDUCE_CD_RATE="0" REDUCE_CD="0" HIT_HP="0" HIT_MP="0" KILL_HP="0" KILL_MP="0" SECONDS_HP="0" SECONDS_MP="0" REDUCE_DEF="0" HERO_ATK_SPD="10000"/>
<monsterProperty id="133" STR="0" DEX="0" PHY="0" INT="0" MP="0" ATK="90397" DEF="2208" HP="813575" CRI="2500" CRI_MUL="11600" HIT="9500" MISS="500" MOVE_SPEED="100" CRI_DEF="5320" CRI_MUL_DEF="0" HURT_DEF="0" REDUCE_CD_RATE="0" REDUCE_CD="0" HIT_HP="0" HIT_MP="0" KILL_HP="0" KILL_MP="0" SECONDS_HP="0" SECONDS_MP="0" REDUCE_DEF="0" HERO_ATK_SPD="10000"/>
<monsterProperty id="134" STR="0" DEX="0" PHY="0" INT="0" MP="0" ATK="174290" DEF="2224" HP="854303" CRI="2500" CRI_MUL="11700" HIT="9500" MISS="500" MOVE_SPEED="100" CRI_DEF="5360" CRI_MUL_DEF="0" HURT_DEF="0" REDUCE_CD_RATE="0" REDUCE_CD="0" HIT_HP="0" HIT_MP="0" KILL_HP="0" KILL_MP="0" SECONDS_HP="0" SECONDS_MP="0" REDUCE_DEF="0" HERO_ATK_SPD="10000"/>
<monsterProperty id="135" STR="0" DEX="0" PHY="0" INT="0" MP="0" ATK="183025" DEF="2240" HP="897068" CRI="2500" CRI_MUL="11800" HIT="9500" MISS="500" MOVE_SPEED="100" CRI_DEF="5400" CRI_MUL_DEF="0" HURT_DEF="0" REDUCE_CD_RATE="0" REDUCE_CD="0" HIT_HP="0" HIT_MP="0" KILL_HP="0" KILL_MP="0" SECONDS_HP="0" SECONDS_MP="0" REDUCE_DEF="0" HERO_ATK_SPD="10000"/>
<monsterProperty id="136" STR="0" DEX="0" PHY="0" INT="0" MP="0" ATK="192196" DEF="2256" HP="941972" CRI="2500" CRI_MUL="11900" HIT="9500" MISS="500" MOVE_SPEED="100" CRI_DEF="5440" CRI_MUL_DEF="0" HURT_DEF="0" REDUCE_CD_RATE="0" REDUCE_CD="0" HIT_HP="0" HIT_MP="0" KILL_HP="0" KILL_MP="0" SECONDS_HP="0" SECONDS_MP="0" REDUCE_DEF="0" HERO_ATK_SPD="10000"/>
<monsterProperty id="137" STR="0" DEX="0" PHY="0" INT="0" MP="0" ATK="201826" DEF="2272" HP="989120" CRI="2500" CRI_MUL="12000" HIT="9500" MISS="500" MOVE_SPEED="100" CRI_DEF="5480" CRI_MUL_DEF="0" HURT_DEF="0" REDUCE_CD_RATE="0" REDUCE_CD="0" HIT_HP="0" HIT_MP="0" KILL_HP="0" KILL_MP="0" SECONDS_HP="0" SECONDS_MP="0" REDUCE_DEF="0" HERO_ATK_SPD="10000"/>
<monsterProperty id="138" STR="0" DEX="0" PHY="0" INT="0" MP="0" ATK="211937" DEF="2288" HP="1038626" CRI="2500" CRI_MUL="12100" HIT="9500" MISS="500" MOVE_SPEED="100" CRI_DEF="5520" CRI_MUL_DEF="0" HURT_DEF="0" REDUCE_CD_RATE="0" REDUCE_CD="0" HIT_HP="0" HIT_MP="0" KILL_HP="0" KILL_MP="0" SECONDS_HP="0" SECONDS_MP="0" REDUCE_DEF="0" HERO_ATK_SPD="10000"/>
<monsterProperty id="139" STR="0" DEX="0" PHY="0" INT="0" MP="0" ATK="222554" DEF="2304" HP="1090608" CRI="2500" CRI_MUL="12200" HIT="9500" MISS="500" MOVE_SPEED="100" CRI_DEF="5560" CRI_MUL_DEF="0" HURT_DEF="0" REDUCE_CD_RATE="0" REDUCE_CD="0" HIT_HP="0" HIT_MP="0" KILL_HP="0" KILL_MP="0" SECONDS_HP="0" SECONDS_MP="0" REDUCE_DEF="0" HERO_ATK_SPD="10000"/>
<monsterProperty id="140" STR="0" DEX="0" PHY="0" INT="0" MP="0" ATK="233702" DEF="2320" HP="1145188" CRI="2500" CRI_MUL="12300" HIT="9500" MISS="500" MOVE_SPEED="100" CRI_DEF="5600" CRI_MUL_DEF="0" HURT_DEF="0" REDUCE_CD_RATE="0" REDUCE_CD="0" HIT_HP="0" HIT_MP="0" KILL_HP="0" KILL_MP="0" SECONDS_HP="0" SECONDS_MP="0" REDUCE_DEF="0" HERO_ATK_SPD="10000"/>
<monsterProperty id="141" STR="0" DEX="0" PHY="0" INT="0" MP="0" ATK="245407" DEF="2336" HP="1202498" CRI="2500" CRI_MUL="12400" HIT="9500" MISS="500" MOVE_SPEED="100" CRI_DEF="5640" CRI_MUL_DEF="0" HURT_DEF="0" REDUCE_CD_RATE="0" REDUCE_CD="0" HIT_HP="0" HIT_MP="0" KILL_HP="0" KILL_MP="0" SECONDS_HP="0" SECONDS_MP="0" REDUCE_DEF="0" HERO_ATK_SPD="10000"/>
<monsterProperty id="142" STR="0" DEX="0" PHY="0" INT="0" MP="0" ATK="257697" DEF="2352" HP="1262672" CRI="2500" CRI_MUL="12500" HIT="9500" MISS="500" MOVE_SPEED="100" CRI_DEF="5680" CRI_MUL_DEF="0" HURT_DEF="0" REDUCE_CD_RATE="0" REDUCE_CD="0" HIT_HP="0" HIT_MP="0" KILL_HP="0" KILL_MP="0" SECONDS_HP="0" SECONDS_MP="0" REDUCE_DEF="0" HERO_ATK_SPD="10000"/>
<monsterProperty id="143" STR="0" DEX="0" PHY="0" INT="0" MP="0" ATK="270602" DEF="2368" HP="1325856" CRI="2500" CRI_MUL="12600" HIT="9500" MISS="500" MOVE_SPEED="100" CRI_DEF="5720" CRI_MUL_DEF="0" HURT_DEF="0" REDUCE_CD_RATE="0" REDUCE_CD="0" HIT_HP="0" HIT_MP="0" KILL_HP="0" KILL_MP="0" SECONDS_HP="0" SECONDS_MP="0" REDUCE_DEF="0" HERO_ATK_SPD="10000"/>
<monsterProperty id="144" STR="0" DEX="0" PHY="0" INT="0" MP="0" ATK="284152" DEF="2384" HP="1392199" CRI="2500" CRI_MUL="12700" HIT="9500" MISS="500" MOVE_SPEED="100" CRI_DEF="5760" CRI_MUL_DEF="0" HURT_DEF="0" REDUCE_CD_RATE="0" REDUCE_CD="0" HIT_HP="0" HIT_MP="0" KILL_HP="0" KILL_MP="0" SECONDS_HP="0" SECONDS_MP="0" REDUCE_DEF="0" HERO_ATK_SPD="10000"/>
<monsterProperty id="145" STR="0" DEX="0" PHY="0" INT="0" MP="0" ATK="298380" DEF="2400" HP="1461859" CRI="2500" CRI_MUL="12800" HIT="9500" MISS="500" MOVE_SPEED="100" CRI_DEF="5800" CRI_MUL_DEF="0" HURT_DEF="0" REDUCE_CD_RATE="0" REDUCE_CD="0" HIT_HP="0" HIT_MP="0" KILL_HP="0" KILL_MP="0" SECONDS_HP="0" SECONDS_MP="0" REDUCE_DEF="0" HERO_ATK_SPD="10000"/>
<monsterProperty id="146" STR="0" DEX="0" PHY="0" INT="0" MP="0" ATK="313319" DEF="2416" HP="1535002" CRI="2500" CRI_MUL="12900" HIT="9500" MISS="500" MOVE_SPEED="100" CRI_DEF="5840" CRI_MUL_DEF="0" HURT_DEF="0" REDUCE_CD_RATE="0" REDUCE_CD="0" HIT_HP="0" HIT_MP="0" KILL_HP="0" KILL_MP="0" SECONDS_HP="0" SECONDS_MP="0" REDUCE_DEF="0" HERO_ATK_SPD="10000"/>
<monsterProperty id="147" STR="0" DEX="0" PHY="0" INT="0" MP="0" ATK="329005" DEF="2432" HP="1611802" CRI="2500" CRI_MUL="13000" HIT="9500" MISS="500" MOVE_SPEED="100" CRI_DEF="5880" CRI_MUL_DEF="0" HURT_DEF="0" REDUCE_CD_RATE="0" REDUCE_CD="0" HIT_HP="0" HIT_MP="0" KILL_HP="0" KILL_MP="0" SECONDS_HP="0" SECONDS_MP="0" REDUCE_DEF="0" HERO_ATK_SPD="10000"/>
<monsterProperty id="148" STR="0" DEX="0" PHY="0" INT="0" MP="0" ATK="345475" DEF="2448" HP="1692442" CRI="2500" CRI_MUL="13100" HIT="9500" MISS="500" MOVE_SPEED="100" CRI_DEF="5920" CRI_MUL_DEF="0" HURT_DEF="0" REDUCE_CD_RATE="0" REDUCE_CD="0" HIT_HP="0" HIT_MP="0" KILL_HP="0" KILL_MP="0" SECONDS_HP="0" SECONDS_MP="0" REDUCE_DEF="0" HERO_ATK_SPD="10000"/>
<monsterProperty id="149" STR="0" DEX="0" PHY="0" INT="0" MP="0" ATK="362769" DEF="2464" HP="1773082" CRI="2500" CRI_MUL="13200" HIT="9500" MISS="500" MOVE_SPEED="100" CRI_DEF="5960" CRI_MUL_DEF="0" HURT_DEF="0" REDUCE_CD_RATE="0" REDUCE_CD="0" HIT_HP="0" HIT_MP="0" KILL_HP="0" KILL_MP="0" SECONDS_HP="0" SECONDS_MP="0" REDUCE_DEF="0" HERO_ATK_SPD="10000"/>
<monsterProperty id="150" STR="0" DEX="0" PHY="0" INT="0" MP="0" ATK="380927" DEF="2480" HP="1853722" CRI="2500" CRI_MUL="13300" HIT="9500" MISS="500" MOVE_SPEED="100" CRI_DEF="6000" CRI_MUL_DEF="0" HURT_DEF="0" REDUCE_CD_RATE="0" REDUCE_CD="0" HIT_HP="0" HIT_MP="0" KILL_HP="0" KILL_MP="0" SECONDS_HP="0" SECONDS_MP="0" REDUCE_DEF="0" HERO_ATK_SPD="10000"/>
<monsterProperty id="151" STR="0" DEX="0" PHY="0" INT="0" MP="0" ATK="399993" DEF="2496" HP="1934362" CRI="2500" CRI_MUL="13400" HIT="9500" MISS="500" MOVE_SPEED="100" CRI_DEF="6040" CRI_MUL_DEF="0" HURT_DEF="0" REDUCE_CD_RATE="0" REDUCE_CD="0" HIT_HP="0" HIT_MP="0" KILL_HP="0" KILL_MP="0" SECONDS_HP="0" SECONDS_MP="0" REDUCE_DEF="0" HERO_ATK_SPD="10000"/>
<monsterProperty id="152" STR="0" DEX="0" PHY="0" INT="0" MP="0" ATK="420013" DEF="2512" HP="2015002" CRI="2500" CRI_MUL="13500" HIT="9500" MISS="500" MOVE_SPEED="100" CRI_DEF="6080" CRI_MUL_DEF="0" HURT_DEF="0" REDUCE_CD_RATE="0" REDUCE_CD="0" HIT_HP="0" HIT_MP="0" KILL_HP="0" KILL_MP="0" SECONDS_HP="0" SECONDS_MP="0" REDUCE_DEF="0" HERO_ATK_SPD="10000"/>
<monsterProperty id="153" STR="0" DEX="0" PHY="0" INT="0" MP="0" ATK="441034" DEF="2528" HP="2095642" CRI="2500" CRI_MUL="13600" HIT="9500" MISS="500" MOVE_SPEED="100" CRI_DEF="6120" CRI_MUL_DEF="0" HURT_DEF="0" REDUCE_CD_RATE="0" REDUCE_CD="0" HIT_HP="0" HIT_MP="0" KILL_HP="0" KILL_MP="0" SECONDS_HP="0" SECONDS_MP="0" REDUCE_DEF="0" HERO_ATK_SPD="10000"/>
<monsterProperty id="154" STR="0" DEX="0" PHY="0" INT="0" MP="0" ATK="463106" DEF="2544" HP="2176282" CRI="2500" CRI_MUL="13700" HIT="9500" MISS="500" MOVE_SPEED="100" CRI_DEF="6160" CRI_MUL_DEF="0" HURT_DEF="0" REDUCE_CD_RATE="0" REDUCE_CD="0" HIT_HP="0" HIT_MP="0" KILL_HP="0" KILL_MP="0" SECONDS_HP="0" SECONDS_MP="0" REDUCE_DEF="0" HERO_ATK_SPD="10000"/>
<monsterProperty id="155" STR="0" DEX="0" PHY="0" INT="0" MP="0" ATK="486281" DEF="2560" HP="2256922" CRI="2500" CRI_MUL="13800" HIT="9500" MISS="500" MOVE_SPEED="100" CRI_DEF="6200" CRI_MUL_DEF="0" HURT_DEF="0" REDUCE_CD_RATE="0" REDUCE_CD="0" HIT_HP="0" HIT_MP="0" KILL_HP="0" KILL_MP="0" SECONDS_HP="0" SECONDS_MP="0" REDUCE_DEF="0" HERO_ATK_SPD="10000"/>
<monsterProperty id="156" STR="0" DEX="0" PHY="0" INT="0" MP="0" ATK="510615" DEF="2576" HP="2337562" CRI="2500" CRI_MUL="13900" HIT="9500" MISS="500" MOVE_SPEED="100" CRI_DEF="6240" CRI_MUL_DEF="0" HURT_DEF="0" REDUCE_CD_RATE="0" REDUCE_CD="0" HIT_HP="0" HIT_MP="0" KILL_HP="0" KILL_MP="0" SECONDS_HP="0" SECONDS_MP="0" REDUCE_DEF="0" HERO_ATK_SPD="10000"/>
<monsterProperty id="157" STR="0" DEX="0" PHY="0" INT="0" MP="0" ATK="536166" DEF="2592" HP="2418202" CRI="2500" CRI_MUL="14000" HIT="9500" MISS="500" MOVE_SPEED="100" CRI_DEF="6280" CRI_MUL_DEF="0" HURT_DEF="0" REDUCE_CD_RATE="0" REDUCE_CD="0" HIT_HP="0" HIT_MP="0" KILL_HP="0" KILL_MP="0" SECONDS_HP="0" SECONDS_MP="0" REDUCE_DEF="0" HERO_ATK_SPD="10000"/>
<monsterProperty id="158" STR="0" DEX="0" PHY="0" INT="0" MP="0" ATK="562994" DEF="2608" HP="2498842" CRI="2500" CRI_MUL="14100" HIT="9500" MISS="500" MOVE_SPEED="100" CRI_DEF="6320" CRI_MUL_DEF="0" HURT_DEF="0" REDUCE_CD_RATE="0" REDUCE_CD="0" HIT_HP="0" HIT_MP="0" KILL_HP="0" KILL_MP="0" SECONDS_HP="0" SECONDS_MP="0" REDUCE_DEF="0" HERO_ATK_SPD="10000"/>
<monsterProperty id="159" STR="0" DEX="0" PHY="0" INT="0" MP="0" ATK="591164" DEF="2624" HP="2579482" CRI="2500" CRI_MUL="14200" HIT="9500" MISS="500" MOVE_SPEED="100" CRI_DEF="6360" CRI_MUL_DEF="0" HURT_DEF="0" REDUCE_CD_RATE="0" REDUCE_CD="0" HIT_HP="0" HIT_MP="0" KILL_HP="0" KILL_MP="0" SECONDS_HP="0" SECONDS_MP="0" REDUCE_DEF="0" HERO_ATK_SPD="10000"/>
<monsterProperty id="160" STR="0" DEX="0" PHY="0" INT="0" MP="0" ATK="620742" DEF="2640" HP="2660122" CRI="2500" CRI_MUL="14300" HIT="9500" MISS="500" MOVE_SPEED="100" CRI_DEF="6400" CRI_MUL_DEF="0" HURT_DEF="0" REDUCE_CD_RATE="0" REDUCE_CD="0" HIT_HP="0" HIT_MP="0" KILL_HP="0" KILL_MP="0" SECONDS_HP="0" SECONDS_MP="0" REDUCE_DEF="0" HERO_ATK_SPD="10000"/>
<monsterProperty id="161" STR="0" DEX="0" PHY="0" INT="0" MP="0" ATK="651799" DEF="2656" HP="2740762" CRI="2500" CRI_MUL="14400" HIT="9500" MISS="500" MOVE_SPEED="100" CRI_DEF="6440" CRI_MUL_DEF="0" HURT_DEF="0" REDUCE_CD_RATE="0" REDUCE_CD="0" HIT_HP="0" HIT_MP="0" KILL_HP="0" KILL_MP="0" SECONDS_HP="0" SECONDS_MP="0" REDUCE_DEF="0" HERO_ATK_SPD="10000"/>
<monsterProperty id="162" STR="0" DEX="0" PHY="0" INT="0" MP="0" ATK="684409" DEF="2672" HP="2821402" CRI="2500" CRI_MUL="14500" HIT="9500" MISS="500" MOVE_SPEED="100" CRI_DEF="6480" CRI_MUL_DEF="0" HURT_DEF="0" REDUCE_CD_RATE="0" REDUCE_CD="0" HIT_HP="0" HIT_MP="0" KILL_HP="0" KILL_MP="0" SECONDS_HP="0" SECONDS_MP="0" REDUCE_DEF="0" HERO_ATK_SPD="10000"/>
<monsterProperty id="163" STR="0" DEX="0" PHY="0" INT="0" MP="0" ATK="718649" DEF="2688" HP="2902042" CRI="2500" CRI_MUL="14600" HIT="9500" MISS="500" MOVE_SPEED="100" CRI_DEF="6520" CRI_MUL_DEF="0" HURT_DEF="0" REDUCE_CD_RATE="0" REDUCE_CD="0" HIT_HP="0" HIT_MP="0" KILL_HP="0" KILL_MP="0" SECONDS_HP="0" SECONDS_MP="0" REDUCE_DEF="0" HERO_ATK_SPD="10000"/>
<monsterProperty id="164" STR="0" DEX="0" PHY="0" INT="0" MP="0" ATK="754601" DEF="2704" HP="2982682" CRI="2500" CRI_MUL="14700" HIT="9500" MISS="500" MOVE_SPEED="100" CRI_DEF="6560" CRI_MUL_DEF="0" HURT_DEF="0" REDUCE_CD_RATE="0" REDUCE_CD="0" HIT_HP="0" HIT_MP="0" KILL_HP="0" KILL_MP="0" SECONDS_HP="0" SECONDS_MP="0" REDUCE_DEF="0" HERO_ATK_SPD="10000"/>
<monsterProperty id="165" STR="0" DEX="0" PHY="0" INT="0" MP="0" ATK="792351" DEF="2720" HP="3063322" CRI="2500" CRI_MUL="14800" HIT="9500" MISS="500" MOVE_SPEED="100" CRI_DEF="6600" CRI_MUL_DEF="0" HURT_DEF="0" REDUCE_CD_RATE="0" REDUCE_CD="0" HIT_HP="0" HIT_MP="0" KILL_HP="0" KILL_MP="0" SECONDS_HP="0" SECONDS_MP="0" REDUCE_DEF="0" HERO_ATK_SPD="10000"/>
<monsterProperty id="166" STR="0" DEX="0" PHY="0" INT="0" MP="0" ATK="831989" DEF="2736" HP="3143962" CRI="2500" CRI_MUL="14900" HIT="9500" MISS="500" MOVE_SPEED="100" CRI_DEF="6640" CRI_MUL_DEF="0" HURT_DEF="0" REDUCE_CD_RATE="0" REDUCE_CD="0" HIT_HP="0" HIT_MP="0" KILL_HP="0" KILL_MP="0" SECONDS_HP="0" SECONDS_MP="0" REDUCE_DEF="0" HERO_ATK_SPD="10000"/>
<monsterProperty id="167" STR="0" DEX="0" PHY="0" INT="0" MP="0" ATK="873608" DEF="2752" HP="3224602" CRI="2500" CRI_MUL="15000" HIT="9500" MISS="500" MOVE_SPEED="100" CRI_DEF="6680" CRI_MUL_DEF="0" HURT_DEF="0" REDUCE_CD_RATE="0" REDUCE_CD="0" HIT_HP="0" HIT_MP="0" KILL_HP="0" KILL_MP="0" SECONDS_HP="0" SECONDS_MP="0" REDUCE_DEF="0" HERO_ATK_SPD="10000"/>
<monsterProperty id="168" STR="0" DEX="0" PHY="0" INT="0" MP="0" ATK="917308" DEF="2768" HP="3305242" CRI="2500" CRI_MUL="15100" HIT="9500" MISS="500" MOVE_SPEED="100" CRI_DEF="6720" CRI_MUL_DEF="0" HURT_DEF="0" REDUCE_CD_RATE="0" REDUCE_CD="0" HIT_HP="0" HIT_MP="0" KILL_HP="0" KILL_MP="0" SECONDS_HP="0" SECONDS_MP="0" REDUCE_DEF="0" HERO_ATK_SPD="10000"/>
<monsterProperty id="169" STR="0" DEX="0" PHY="0" INT="0" MP="0" ATK="963193" DEF="2784" HP="3385882" CRI="2500" CRI_MUL="15200" HIT="9500" MISS="500" MOVE_SPEED="100" CRI_DEF="6760" CRI_MUL_DEF="0" HURT_DEF="0" REDUCE_CD_RATE="0" REDUCE_CD="0" HIT_HP="0" HIT_MP="0" KILL_HP="0" KILL_MP="0" SECONDS_HP="0" SECONDS_MP="0" REDUCE_DEF="0" HERO_ATK_SPD="10000"/>
<monsterProperty id="170" STR="0" DEX="0" PHY="0" INT="0" MP="0" ATK="1011373" DEF="2800" HP="3466522" CRI="2500" CRI_MUL="15300" HIT="9500" MISS="500" MOVE_SPEED="100" CRI_DEF="6800" CRI_MUL_DEF="0" HURT_DEF="0" REDUCE_CD_RATE="0" REDUCE_CD="0" HIT_HP="0" HIT_MP="0" KILL_HP="0" KILL_MP="0" SECONDS_HP="0" SECONDS_MP="0" REDUCE_DEF="0" HERO_ATK_SPD="10000"/>
<monsterProperty id="171" STR="0" DEX="0" PHY="0" INT="0" MP="0" ATK="1061962" DEF="2816" HP="3547162" CRI="2500" CRI_MUL="15400" HIT="9500" MISS="500" MOVE_SPEED="100" CRI_DEF="6840" CRI_MUL_DEF="0" HURT_DEF="0" REDUCE_CD_RATE="0" REDUCE_CD="0" HIT_HP="0" HIT_MP="0" KILL_HP="0" KILL_MP="0" SECONDS_HP="0" SECONDS_MP="0" REDUCE_DEF="0" HERO_ATK_SPD="10000"/>
<monsterProperty id="172" STR="0" DEX="0" PHY="0" INT="0" MP="0" ATK="1115080" DEF="2832" HP="3627802" CRI="2500" CRI_MUL="15500" HIT="9500" MISS="500" MOVE_SPEED="100" CRI_DEF="6880" CRI_MUL_DEF="0" HURT_DEF="0" REDUCE_CD_RATE="0" REDUCE_CD="0" HIT_HP="0" HIT_MP="0" KILL_HP="0" KILL_MP="0" SECONDS_HP="0" SECONDS_MP="0" REDUCE_DEF="0" HERO_ATK_SPD="10000"/>
<monsterProperty id="173" STR="0" DEX="0" PHY="0" INT="0" MP="0" ATK="1170854" DEF="2848" HP="3708442" CRI="2500" CRI_MUL="15600" HIT="9500" MISS="500" MOVE_SPEED="100" CRI_DEF="6920" CRI_MUL_DEF="0" HURT_DEF="0" REDUCE_CD_RATE="0" REDUCE_CD="0" HIT_HP="0" HIT_MP="0" KILL_HP="0" KILL_MP="0" SECONDS_HP="0" SECONDS_MP="0" REDUCE_DEF="0" HERO_ATK_SPD="10000"/>
<monsterProperty id="174" STR="0" DEX="0" PHY="0" INT="0" MP="0" ATK="1229417" DEF="2864" HP="3789082" CRI="2500" CRI_MUL="15700" HIT="9500" MISS="500" MOVE_SPEED="100" CRI_DEF="6960" CRI_MUL_DEF="0" HURT_DEF="0" REDUCE_CD_RATE="0" REDUCE_CD="0" HIT_HP="0" HIT_MP="0" KILL_HP="0" KILL_MP="0" SECONDS_HP="0" SECONDS_MP="0" REDUCE_DEF="0" HERO_ATK_SPD="10000"/>
<monsterProperty id="175" STR="0" DEX="0" PHY="0" INT="0" MP="0" ATK="1290908" DEF="2880" HP="3869722" CRI="2500" CRI_MUL="15800" HIT="9500" MISS="500" MOVE_SPEED="100" CRI_DEF="7000" CRI_MUL_DEF="0" HURT_DEF="0" REDUCE_CD_RATE="0" REDUCE_CD="0" HIT_HP="0" HIT_MP="0" KILL_HP="0" KILL_MP="0" SECONDS_HP="0" SECONDS_MP="0" REDUCE_DEF="0" HERO_ATK_SPD="10000"/>
<monsterProperty id="176" STR="0" DEX="0" PHY="0" INT="0" MP="0" ATK="1355473" DEF="2896" HP="3950362" CRI="2500" CRI_MUL="15900" HIT="9500" MISS="500" MOVE_SPEED="100" CRI_DEF="7040" CRI_MUL_DEF="0" HURT_DEF="0" REDUCE_CD_RATE="0" REDUCE_CD="0" HIT_HP="0" HIT_MP="0" KILL_HP="0" KILL_MP="0" SECONDS_HP="0" SECONDS_MP="0" REDUCE_DEF="0" HERO_ATK_SPD="10000"/>
<monsterProperty id="177" STR="0" DEX="0" PHY="0" INT="0" MP="0" ATK="1423267" DEF="2912" HP="4031002" CRI="2500" CRI_MUL="16000" HIT="9500" MISS="500" MOVE_SPEED="100" CRI_DEF="7080" CRI_MUL_DEF="0" HURT_DEF="0" REDUCE_CD_RATE="0" REDUCE_CD="0" HIT_HP="0" HIT_MP="0" KILL_HP="0" KILL_MP="0" SECONDS_HP="0" SECONDS_MP="0" REDUCE_DEF="0" HERO_ATK_SPD="10000"/>
<monsterProperty id="178" STR="0" DEX="0" PHY="0" INT="0" MP="0" ATK="1494450" DEF="2928" HP="4111642" CRI="2500" CRI_MUL="16100" HIT="9500" MISS="500" MOVE_SPEED="100" CRI_DEF="7120" CRI_MUL_DEF="0" HURT_DEF="0" REDUCE_CD_RATE="0" REDUCE_CD="0" HIT_HP="0" HIT_MP="0" KILL_HP="0" KILL_MP="0" SECONDS_HP="0" SECONDS_MP="0" REDUCE_DEF="0" HERO_ATK_SPD="10000"/>
<monsterProperty id="179" STR="0" DEX="0" PHY="0" INT="0" MP="0" ATK="1569193" DEF="2944" HP="4192282" CRI="2500" CRI_MUL="16200" HIT="9500" MISS="500" MOVE_SPEED="100" CRI_DEF="7160" CRI_MUL_DEF="0" HURT_DEF="0" REDUCE_CD_RATE="0" REDUCE_CD="0" HIT_HP="0" HIT_MP="0" KILL_HP="0" KILL_MP="0" SECONDS_HP="0" SECONDS_MP="0" REDUCE_DEF="0" HERO_ATK_SPD="10000"/>
<monsterProperty id="180" STR="0" DEX="0" PHY="0" INT="0" MP="0" ATK="1647673" DEF="2960" HP="4272922" CRI="2500" CRI_MUL="16300" HIT="9500" MISS="500" MOVE_SPEED="100" CRI_DEF="7200" CRI_MUL_DEF="0" HURT_DEF="0" REDUCE_CD_RATE="0" REDUCE_CD="0" HIT_HP="0" HIT_MP="0" KILL_HP="0" KILL_MP="0" SECONDS_HP="0" SECONDS_MP="0" REDUCE_DEF="0" HERO_ATK_SPD="10000"/>
<monsterProperty id="181" STR="0" DEX="0" PHY="0" INT="0" MP="0" ATK="1730077" DEF="2976" HP="4353562" CRI="2500" CRI_MUL="16400" HIT="9500" MISS="500" MOVE_SPEED="100" CRI_DEF="7240" CRI_MUL_DEF="0" HURT_DEF="0" REDUCE_CD_RATE="0" REDUCE_CD="0" HIT_HP="0" HIT_MP="0" KILL_HP="0" KILL_MP="0" SECONDS_HP="0" SECONDS_MP="0" REDUCE_DEF="0" HERO_ATK_SPD="10000"/>
<monsterProperty id="182" STR="0" DEX="0" PHY="0" INT="0" MP="0" ATK="1816601" DEF="2992" HP="4434202" CRI="2500" CRI_MUL="16500" HIT="9500" MISS="500" MOVE_SPEED="100" CRI_DEF="7280" CRI_MUL_DEF="0" HURT_DEF="0" REDUCE_CD_RATE="0" REDUCE_CD="0" HIT_HP="0" HIT_MP="0" KILL_HP="0" KILL_MP="0" SECONDS_HP="0" SECONDS_MP="0" REDUCE_DEF="0" HERO_ATK_SPD="10000"/>
<monsterProperty id="183" STR="0" DEX="0" PHY="0" INT="0" MP="0" ATK="1907451" DEF="3008" HP="4514842" CRI="2500" CRI_MUL="16600" HIT="9500" MISS="500" MOVE_SPEED="100" CRI_DEF="7320" CRI_MUL_DEF="0" HURT_DEF="0" REDUCE_CD_RATE="0" REDUCE_CD="0" HIT_HP="0" HIT_MP="0" KILL_HP="0" KILL_MP="0" SECONDS_HP="0" SECONDS_MP="0" REDUCE_DEF="0" HERO_ATK_SPD="10000"/>
<monsterProperty id="184" STR="0" DEX="0" PHY="0" INT="0" MP="0" ATK="2002844" DEF="3024" HP="4595482" CRI="2500" CRI_MUL="16700" HIT="9500" MISS="500" MOVE_SPEED="100" CRI_DEF="7360" CRI_MUL_DEF="0" HURT_DEF="0" REDUCE_CD_RATE="0" REDUCE_CD="0" HIT_HP="0" HIT_MP="0" KILL_HP="0" KILL_MP="0" SECONDS_HP="0" SECONDS_MP="0" REDUCE_DEF="0" HERO_ATK_SPD="10000"/>
<monsterProperty id="185" STR="0" DEX="0" PHY="0" INT="0" MP="0" ATK="2103006" DEF="3040" HP="4676122" CRI="2500" CRI_MUL="16800" HIT="9500" MISS="500" MOVE_SPEED="100" CRI_DEF="7400" CRI_MUL_DEF="0" HURT_DEF="0" REDUCE_CD_RATE="0" REDUCE_CD="0" HIT_HP="0" HIT_MP="0" KILL_HP="0" KILL_MP="0" SECONDS_HP="0" SECONDS_MP="0" REDUCE_DEF="0" HERO_ATK_SPD="10000"/>
<monsterProperty id="186" STR="0" DEX="0" PHY="0" INT="0" MP="0" ATK="2208176" DEF="3056" HP="4756762" CRI="2500" CRI_MUL="16900" HIT="9500" MISS="500" MOVE_SPEED="100" CRI_DEF="7440" CRI_MUL_DEF="0" HURT_DEF="0" REDUCE_CD_RATE="0" REDUCE_CD="0" HIT_HP="0" HIT_MP="0" KILL_HP="0" KILL_MP="0" SECONDS_HP="0" SECONDS_MP="0" REDUCE_DEF="0" HERO_ATK_SPD="10000"/>
<monsterProperty id="187" STR="0" DEX="0" PHY="0" INT="0" MP="0" ATK="2318605" DEF="3072" HP="4837402" CRI="2500" CRI_MUL="17000" HIT="9500" MISS="500" MOVE_SPEED="100" CRI_DEF="7480" CRI_MUL_DEF="0" HURT_DEF="0" REDUCE_CD_RATE="0" REDUCE_CD="0" HIT_HP="0" HIT_MP="0" KILL_HP="0" KILL_MP="0" SECONDS_HP="0" SECONDS_MP="0" REDUCE_DEF="0" HERO_ATK_SPD="10000"/>
<monsterProperty id="188" STR="0" DEX="0" PHY="0" INT="0" MP="0" ATK="2434555" DEF="3088" HP="4918042" CRI="2500" CRI_MUL="17100" HIT="9500" MISS="500" MOVE_SPEED="100" CRI_DEF="7520" CRI_MUL_DEF="0" HURT_DEF="0" REDUCE_CD_RATE="0" REDUCE_CD="0" HIT_HP="0" HIT_MP="0" KILL_HP="0" KILL_MP="0" SECONDS_HP="0" SECONDS_MP="0" REDUCE_DEF="0" HERO_ATK_SPD="10000"/>
<monsterProperty id="189" STR="0" DEX="0" PHY="0" INT="0" MP="0" ATK="2556303" DEF="3104" HP="4998682" CRI="2500" CRI_MUL="17200" HIT="9500" MISS="500" MOVE_SPEED="100" CRI_DEF="7560" CRI_MUL_DEF="0" HURT_DEF="0" REDUCE_CD_RATE="0" REDUCE_CD="0" HIT_HP="0" HIT_MP="0" KILL_HP="0" KILL_MP="0" SECONDS_HP="0" SECONDS_MP="0" REDUCE_DEF="0" HERO_ATK_SPD="10000"/>
<monsterProperty id="190" STR="0" DEX="0" PHY="0" INT="0" MP="0" ATK="2684138" DEF="3120" HP="5079322" CRI="2500" CRI_MUL="17300" HIT="9500" MISS="500" MOVE_SPEED="100" CRI_DEF="7600" CRI_MUL_DEF="0" HURT_DEF="0" REDUCE_CD_RATE="0" REDUCE_CD="0" HIT_HP="0" HIT_MP="0" KILL_HP="0" KILL_MP="0" SECONDS_HP="0" SECONDS_MP="0" REDUCE_DEF="0" HERO_ATK_SPD="10000"/>
<monsterProperty id="191" STR="0" DEX="0" PHY="0" INT="0" MP="0" ATK="2818365" DEF="3136" HP="5159962" CRI="2500" CRI_MUL="17400" HIT="9500" MISS="500" MOVE_SPEED="100" CRI_DEF="7640" CRI_MUL_DEF="0" HURT_DEF="0" REDUCE_CD_RATE="0" REDUCE_CD="0" HIT_HP="0" HIT_MP="0" KILL_HP="0" KILL_MP="0" SECONDS_HP="0" SECONDS_MP="0" REDUCE_DEF="0" HERO_ATK_SPD="10000"/>
<monsterProperty id="192" STR="0" DEX="0" PHY="0" INT="0" MP="0" ATK="2959303" DEF="3152" HP="5240602" CRI="2500" CRI_MUL="17500" HIT="9500" MISS="500" MOVE_SPEED="100" CRI_DEF="7680" CRI_MUL_DEF="0" HURT_DEF="0" REDUCE_CD_RATE="0" REDUCE_CD="0" HIT_HP="0" HIT_MP="0" KILL_HP="0" KILL_MP="0" SECONDS_HP="0" SECONDS_MP="0" REDUCE_DEF="0" HERO_ATK_SPD="10000"/>
<monsterProperty id="193" STR="0" DEX="0" PHY="0" INT="0" MP="0" ATK="3107288" DEF="3168" HP="5321242" CRI="2500" CRI_MUL="17600" HIT="9500" MISS="500" MOVE_SPEED="100" CRI_DEF="7720" CRI_MUL_DEF="0" HURT_DEF="0" REDUCE_CD_RATE="0" REDUCE_CD="0" HIT_HP="0" HIT_MP="0" KILL_HP="0" KILL_MP="0" SECONDS_HP="0" SECONDS_MP="0" REDUCE_DEF="0" HERO_ATK_SPD="10000"/>
<monsterProperty id="194" STR="0" DEX="0" PHY="0" INT="0" MP="0" ATK="3262672" DEF="3184" HP="5401882" CRI="2500" CRI_MUL="17700" HIT="9500" MISS="500" MOVE_SPEED="100" CRI_DEF="7760" CRI_MUL_DEF="0" HURT_DEF="0" REDUCE_CD_RATE="0" REDUCE_CD="0" HIT_HP="0" HIT_MP="0" KILL_HP="0" KILL_MP="0" SECONDS_HP="0" SECONDS_MP="0" REDUCE_DEF="0" HERO_ATK_SPD="10000"/>
<monsterProperty id="195" STR="0" DEX="0" PHY="0" INT="0" MP="0" ATK="3425826" DEF="3200" HP="5482522" CRI="2500" CRI_MUL="17800" HIT="9500" MISS="500" MOVE_SPEED="100" CRI_DEF="7800" CRI_MUL_DEF="0" HURT_DEF="0" REDUCE_CD_RATE="0" REDUCE_CD="0" HIT_HP="0" HIT_MP="0" KILL_HP="0" KILL_MP="0" SECONDS_HP="0" SECONDS_MP="0" REDUCE_DEF="0" HERO_ATK_SPD="10000"/>
<monsterProperty id="196" STR="0" DEX="0" PHY="0" INT="0" MP="0" ATK="3597137" DEF="3216" HP="5563162" CRI="2500" CRI_MUL="17900" HIT="9500" MISS="500" MOVE_SPEED="100" CRI_DEF="7840" CRI_MUL_DEF="0" HURT_DEF="0" REDUCE_CD_RATE="0" REDUCE_CD="0" HIT_HP="0" HIT_MP="0" KILL_HP="0" KILL_MP="0" SECONDS_HP="0" SECONDS_MP="0" REDUCE_DEF="0" HERO_ATK_SPD="10000"/>
<monsterProperty id="197" STR="0" DEX="0" PHY="0" INT="0" MP="0" ATK="3777014" DEF="3232" HP="5643802" CRI="2500" CRI_MUL="18000" HIT="9500" MISS="500" MOVE_SPEED="100" CRI_DEF="7880" CRI_MUL_DEF="0" HURT_DEF="0" REDUCE_CD_RATE="0" REDUCE_CD="0" HIT_HP="0" HIT_MP="0" KILL_HP="0" KILL_MP="0" SECONDS_HP="0" SECONDS_MP="0" REDUCE_DEF="0" HERO_ATK_SPD="10000"/>
<monsterProperty id="198" STR="0" DEX="0" PHY="0" INT="0" MP="0" ATK="3965885" DEF="3248" HP="5724442" CRI="2500" CRI_MUL="18100" HIT="9500" MISS="500" MOVE_SPEED="100" CRI_DEF="7920" CRI_MUL_DEF="0" HURT_DEF="0" REDUCE_CD_RATE="0" REDUCE_CD="0" HIT_HP="0" HIT_MP="0" KILL_HP="0" KILL_MP="0" SECONDS_HP="0" SECONDS_MP="0" REDUCE_DEF="0" HERO_ATK_SPD="10000"/>
<monsterProperty id="199" STR="0" DEX="0" PHY="0" INT="0" MP="0" ATK="4164199" DEF="3264" HP="5805082" CRI="2500" CRI_MUL="18200" HIT="9500" MISS="500" MOVE_SPEED="100" CRI_DEF="7960" CRI_MUL_DEF="0" HURT_DEF="0" REDUCE_CD_RATE="0" REDUCE_CD="0" HIT_HP="0" HIT_MP="0" KILL_HP="0" KILL_MP="0" SECONDS_HP="0" SECONDS_MP="0" REDUCE_DEF="0" HERO_ATK_SPD="10000"/>
<monsterProperty id="200" STR="0" DEX="0" PHY="0" INT="0" MP="0" ATK="4372429" DEF="3280" HP="5885722" CRI="2500" CRI_MUL="18300" HIT="9500" MISS="500" MOVE_SPEED="100" CRI_DEF="8000" CRI_MUL_DEF="0" HURT_DEF="0" REDUCE_CD_RATE="0" REDUCE_CD="0" HIT_HP="0" HIT_MP="0" KILL_HP="0" KILL_MP="0" SECONDS_HP="0" SECONDS_MP="0" REDUCE_DEF="0" HERO_ATK_SPD="10000"/>
<monsterProperty id="10001" STR="0" DEX="0" PHY="0" INT="0" MP="0" ATK="6000" DEF="1864" HP="10000000" CRI="13" CRI_MUL="54" HIT="9000" MISS="5" MOVE_SPEED="100" CRI_DEF="0" CRI_MUL_DEF="0" HURT_DEF="0" REDUCE_CD_RATE="0" REDUCE_CD="0" HIT_HP="0" HIT_MP="0" KILL_HP="0" KILL_MP="0" SECONDS_HP="0" SECONDS_MP="0" REDUCE_DEF="0" HERO_ATK_SPD="10000"/>
<monsterProperty id="1000" STR="0" DEX="0" PHY="0" INT="0" MP="0" ATK="30" DEF="75" HP="1219" CRI="1" CRI_MUL="5" HIT="9000" MISS="5" MOVE_SPEED="100" CRI_DEF="0" CRI_MUL_DEF="0" HURT_DEF="0" REDUCE_CD_RATE="0" REDUCE_CD="0" HIT_HP="0" HIT_MP="0" KILL_HP="0" KILL_MP="0" SECONDS_HP="0" SECONDS_MP="0" REDUCE_DEF="0" HERO_ATK_SPD="10000"/>
<monsterProperty id="1001" STR="0" DEX="0" PHY="0" INT="0" MP="0" ATK="10" DEF="59" HP="166" CRI="1" CRI_MUL="4" HIT="9000" MISS="5" MOVE_SPEED="100" CRI_DEF="0" CRI_MUL_DEF="0" HURT_DEF="0" REDUCE_CD_RATE="0" REDUCE_CD="0" HIT_HP="0" HIT_MP="0" KILL_HP="0" KILL_MP="0" SECONDS_HP="0" SECONDS_MP="0" REDUCE_DEF="0" HERO_ATK_SPD="10000"/>
<monsterProperty id="1002" STR="0" DEX="0" PHY="0" INT="0" MP="0" ATK="10" DEF="59" HP="150" CRI="1" CRI_MUL="4" HIT="9000" MISS="5" MOVE_SPEED="100" CRI_DEF="0" CRI_MUL_DEF="0" HURT_DEF="0" REDUCE_CD_RATE="0" REDUCE_CD="0" HIT_HP="0" HIT_MP="0" KILL_HP="0" KILL_MP="0" SECONDS_HP="0" SECONDS_MP="0" REDUCE_DEF="0" HERO_ATK_SPD="10000"/>
<monsterProperty id="10009" STR="0" DEX="0" PHY="0" INT="0" MP="0" ATK="1" DEF="1864" HP="99999999" CRI="13" CRI_MUL="54" HIT="9000" MISS="5" MOVE_SPEED="100" CRI_DEF="0" CRI_MUL_DEF="0" HURT_DEF="0" REDUCE_CD_RATE="0" REDUCE_CD="0" HIT_HP="0" HIT_MP="0" KILL_HP="0" KILL_MP="0" SECONDS_HP="0" SECONDS_MP="0" REDUCE_DEF="0" HERO_ATK_SPD="10000"/>
<monsterProperty id="20001" STR="0" DEX="0" PHY="0" INT="0" MP="0" ATK="10" DEF="1" HP="500000" CRI="13" CRI_MUL="54" HIT="9000" MISS="5" MOVE_SPEED="100" CRI_DEF="0" CRI_MUL_DEF="0" HURT_DEF="0" REDUCE_CD_RATE="0" REDUCE_CD="0" HIT_HP="0" HIT_MP="0" KILL_HP="0" KILL_MP="0" SECONDS_HP="0" SECONDS_MP="0" REDUCE_DEF="0" HERO_ATK_SPD="10000"/>
<monsterProperty id="20002" STR="0" DEX="0" PHY="0" INT="0" MP="0" ATK="15" DEF="100000000" HP="10" CRI="13" CRI_MUL="54" HIT="9000" MISS="5" MOVE_SPEED="100" CRI_DEF="0" CRI_MUL_DEF="0" HURT_DEF="0" REDUCE_CD_RATE="0" REDUCE_CD="0" HIT_HP="0" HIT_MP="0" KILL_HP="0" KILL_MP="0" SECONDS_HP="0" SECONDS_MP="0" REDUCE_DEF="0" HERO_ATK_SPD="10000"/>
<monsterProperty id="20010" STR="0" DEX="0" PHY="0" INT="0" MP="0" ATK="0" DEF="880" HP="6460" CRI="0" CRI_MUL="0" HIT="0" MISS="0" MOVE_SPEED="0" CRI_DEF="0" CRI_MUL_DEF="0" HURT_DEF="0" REDUCE_CD_RATE="0" REDUCE_CD="0" HIT_HP="0" HIT_MP="0" KILL_HP="0" KILL_MP="0" SECONDS_HP="0" SECONDS_MP="0" REDUCE_DEF="0" HERO_ATK_SPD="0"/>
<monsterProperty id="20011" STR="0" DEX="0" PHY="0" INT="0" MP="0" ATK="0" DEF="960" HP="7754" CRI="0" CRI_MUL="0" HIT="0" MISS="0" MOVE_SPEED="0" CRI_DEF="0" CRI_MUL_DEF="0" HURT_DEF="0" REDUCE_CD_RATE="0" REDUCE_CD="0" HIT_HP="0" HIT_MP="0" KILL_HP="0" KILL_MP="0" SECONDS_HP="0" SECONDS_MP="0" REDUCE_DEF="0" HERO_ATK_SPD="0"/>
<monsterProperty id="20012" STR="0" DEX="0" PHY="0" INT="0" MP="0" ATK="0" DEF="1040" HP="9255" CRI="0" CRI_MUL="0" HIT="0" MISS="0" MOVE_SPEED="0" CRI_DEF="0" CRI_MUL_DEF="0" HURT_DEF="0" REDUCE_CD_RATE="0" REDUCE_CD="0" HIT_HP="0" HIT_MP="0" KILL_HP="0" KILL_MP="0" SECONDS_HP="0" SECONDS_MP="0" REDUCE_DEF="0" HERO_ATK_SPD="0"/>
<monsterProperty id="20013" STR="0" DEX="0" PHY="0" INT="0" MP="0" ATK="0" DEF="1120" HP="10995" CRI="0" CRI_MUL="0" HIT="0" MISS="0" MOVE_SPEED="0" CRI_DEF="0" CRI_MUL_DEF="0" HURT_DEF="0" REDUCE_CD_RATE="0" REDUCE_CD="0" HIT_HP="0" HIT_MP="0" KILL_HP="0" KILL_MP="0" SECONDS_HP="0" SECONDS_MP="0" REDUCE_DEF="0" HERO_ATK_SPD="0"/>
<monsterProperty id="20014" STR="0" DEX="0" PHY="0" INT="0" MP="0" ATK="0" DEF="1200" HP="13011" CRI="0" CRI_MUL="0" HIT="0" MISS="0" MOVE_SPEED="0" CRI_DEF="0" CRI_MUL_DEF="0" HURT_DEF="0" REDUCE_CD_RATE="0" REDUCE_CD="0" HIT_HP="0" HIT_MP="0" KILL_HP="0" KILL_MP="0" SECONDS_HP="0" SECONDS_MP="0" REDUCE_DEF="0" HERO_ATK_SPD="0"/>
<monsterProperty id="20015" STR="0" DEX="0" PHY="0" INT="0" MP="0" ATK="0" DEF="1280" HP="15349" CRI="0" CRI_MUL="0" HIT="0" MISS="0" MOVE_SPEED="0" CRI_DEF="0" CRI_MUL_DEF="0" HURT_DEF="0" REDUCE_CD_RATE="0" REDUCE_CD="0" HIT_HP="0" HIT_MP="0" KILL_HP="0" KILL_MP="0" SECONDS_HP="0" SECONDS_MP="0" REDUCE_DEF="0" HERO_ATK_SPD="0"/>
<monsterProperty id="20016" STR="0" DEX="0" PHY="0" INT="0" MP="0" ATK="0" DEF="1360" HP="18059" CRI="0" CRI_MUL="0" HIT="0" MISS="0" MOVE_SPEED="0" CRI_DEF="0" CRI_MUL_DEF="0" HURT_DEF="0" REDUCE_CD_RATE="0" REDUCE_CD="0" HIT_HP="0" HIT_MP="0" KILL_HP="0" KILL_MP="0" SECONDS_HP="0" SECONDS_MP="0" REDUCE_DEF="0" HERO_ATK_SPD="0"/>
<monsterProperty id="20020" STR="0" DEX="0" PHY="0" INT="0" MP="0" ATK="587" DEF="880" HP="6460" CRI="1300" CRI_MUL="4300" HIT="9500" MISS="500" MOVE_SPEED="0" CRI_DEF="0" CRI_MUL_DEF="0" HURT_DEF="0" REDUCE_CD_RATE="0" REDUCE_CD="0" HIT_HP="0" HIT_MP="0" KILL_HP="0" KILL_MP="0" SECONDS_HP="0" SECONDS_MP="0" REDUCE_DEF="0" HERO_ATK_SPD="10000"/>
<monsterProperty id="20021" STR="0" DEX="0" PHY="0" INT="0" MP="0" ATK="679" DEF="960" HP="7754" CRI="1400" CRI_MUL="4700" HIT="9500" MISS="500" MOVE_SPEED="0" CRI_DEF="0" CRI_MUL_DEF="0" HURT_DEF="0" REDUCE_CD_RATE="0" REDUCE_CD="0" HIT_HP="0" HIT_MP="0" KILL_HP="0" KILL_MP="0" SECONDS_HP="0" SECONDS_MP="0" REDUCE_DEF="0" HERO_ATK_SPD="10000"/>
<monsterProperty id="20022" STR="0" DEX="0" PHY="0" INT="0" MP="0" ATK="781" DEF="1040" HP="9255" CRI="1500" CRI_MUL="5100" HIT="9500" MISS="500" MOVE_SPEED="0" CRI_DEF="0" CRI_MUL_DEF="0" HURT_DEF="0" REDUCE_CD_RATE="0" REDUCE_CD="0" HIT_HP="0" HIT_MP="0" KILL_HP="0" KILL_MP="0" SECONDS_HP="0" SECONDS_MP="0" REDUCE_DEF="0" HERO_ATK_SPD="10000"/>
<monsterProperty id="20023" STR="0" DEX="0" PHY="0" INT="0" MP="0" ATK="893" DEF="1120" HP="10995" CRI="1700" CRI_MUL="5500" HIT="9500" MISS="500" MOVE_SPEED="0" CRI_DEF="0" CRI_MUL_DEF="0" HURT_DEF="0" REDUCE_CD_RATE="0" REDUCE_CD="0" HIT_HP="0" HIT_MP="0" KILL_HP="0" KILL_MP="0" SECONDS_HP="0" SECONDS_MP="0" REDUCE_DEF="0" HERO_ATK_SPD="10000"/>
<monsterProperty id="20024" STR="0" DEX="0" PHY="0" INT="0" MP="0" ATK="1017" DEF="1200" HP="13011" CRI="1800" CRI_MUL="5900" HIT="9500" MISS="500" MOVE_SPEED="0" CRI_DEF="0" CRI_MUL_DEF="0" HURT_DEF="0" REDUCE_CD_RATE="0" REDUCE_CD="0" HIT_HP="0" HIT_MP="0" KILL_HP="0" KILL_MP="0" SECONDS_HP="0" SECONDS_MP="0" REDUCE_DEF="0" HERO_ATK_SPD="10000"/>
<monsterProperty id="20025" STR="0" DEX="0" PHY="0" INT="0" MP="0" ATK="1155" DEF="1280" HP="15349" CRI="1900" CRI_MUL="6300" HIT="9500" MISS="500" MOVE_SPEED="0" CRI_DEF="0" CRI_MUL_DEF="0" HURT_DEF="0" REDUCE_CD_RATE="0" REDUCE_CD="0" HIT_HP="0" HIT_MP="0" KILL_HP="0" KILL_MP="0" SECONDS_HP="0" SECONDS_MP="0" REDUCE_DEF="0" HERO_ATK_SPD="10000"/>
<monsterProperty id="20026" STR="0" DEX="0" PHY="0" INT="0" MP="0" ATK="1306" DEF="1360" HP="18059" CRI="2000" CRI_MUL="6700" HIT="9500" MISS="500" MOVE_SPEED="0" CRI_DEF="0" CRI_MUL_DEF="0" HURT_DEF="0" REDUCE_CD_RATE="0" REDUCE_CD="0" HIT_HP="0" HIT_MP="0" KILL_HP="0" KILL_MP="0" SECONDS_HP="0" SECONDS_MP="0" REDUCE_DEF="0" HERO_ATK_SPD="10000"/>
</root>