<root>
  <newAct id ="1" name="超值月卡" icon="p0" titleIcn="t0"/>
  <newAct id ="2" name="寻宝送豪礼" icon="p2" titleIcn="t2"/>
  <newAct id ="3" name="充值有奖" icon="p3" titleIcn="t3"/>
  <newAct id ="4" name="冲级大奖" icon="p4" titleIcn="t4"/>
  <newAct id ="5" name="战力礼包" icon="p5" titleIcn="t5"/>
  <newAct id ="6" name="限购礼包" icon="p6" titleIcn="t6"/>
  <newAct id ="7" name="充值大返利" icon="p7" titleIcn="t7"/>
  <newAct id ="8" name="全民竞技" icon="p8" titleIcn="t8"/>
  <newAct id ="9" name="寻宝打折" icon="p9" titleIcn="t9"/>
</root>