<root>
  <newfunction id="1" name="对话任务追踪引导" openTemp="功能引导,1" openId="2" openfunction="0" iconName="zhiyin" desc="点击[fc4a32]任务追踪[-]前去领取奖励" uiRoot="1" buttonRoad="TaskTraceBar/offset/bg" effectName="MoveBg3" scale_canshu="1.1000000000000001" effect_canshu="0.8" isLockScreen="1" talk_expression="5" spriteName="m_left" positonX="-195" positonY="46" positonZ="0" spriteType="0" delayed="0"/>
  <newfunction id="2" name="交任务引导" openTemp="null" openId="3" openfunction="0" iconName="zhiyin" desc="点击[fc4a32]领取奖励[-]" uiRoot="2" buttonRoad="TaskFinishUI(Clone)/Offset/BtnFinish" effectName="MoveBg3" scale_canshu="1.1000000000000001" effect_canshu="0.8" isLockScreen="1" talk_expression="2" spriteName="s_up" positonX="417" positonY="-265" positonZ="" spriteType="0" delayed="0"/>
  <newfunction id="3" name="对话任务追踪引导" openTemp="null" openId="4" openfunction="0" iconName="zhiyin" desc="点击[fc4a32]任务追踪[-]前去领取奖励" uiRoot="1" buttonRoad="TaskTraceBar/offset/bg" effectName="MoveBg3" scale_canshu="1.1000000000000001" effect_canshu="0.8" isLockScreen="1" talk_expression="5" spriteName="m_left" positonX="-195" positonY="46" positonZ="0" spriteType="0" delayed="2"/>
  <newfunction id="4" name="交任务引导" openTemp="null" openId="5" openfunction="0" iconName="zhiyin" desc="点击[fc4a32]领取奖励[-]" uiRoot="2" buttonRoad="TaskFinishUI(Clone)/Offset/BtnFinish" effectName="MoveBg3" scale_canshu="1.1000000000000001" effect_canshu="0.8" isLockScreen="1" talk_expression="5" spriteName="s_up" positonX="417" positonY="-265" positonZ="0" spriteType="0" delayed="0"/>
  <newfunction id="5" name="获得新装备" openTemp="null" openId="6" openfunction="0" iconName="zhiyin" desc="点击[fc4a32]立即穿戴[-]装备强力武器" uiRoot="3" buttonRoad="Util/TipsBox/EquipNewUI(Clone)/Offset/BtnOn" effectName="MoveBgTip" scale_canshu="1.1000000000000001" effect_canshu="0.8" isLockScreen="1" talk_expression="5" spriteName="m_right" positonX="19" positonY="-177" positonZ="0" spriteType="0" delayed="0"/>
  <newfunction id="6" name="任务追踪2" openTemp="null" openId="7" openfunction="0" iconName="zhiyin" desc="点击[fc4a32]任务追踪[-]前去打败守卫" uiRoot="1" buttonRoad="TaskTraceBar/offset/bg" effectName="MoveBg3" scale_canshu="1.1000000000000001" effect_canshu="0.8" isLockScreen="1" talk_expression="5" spriteName="m_left" positonX="-195" positonY="46" positonZ="0" spriteType="0" delayed="0"/>
  <newfunction id="7" name="进副本引导" openTemp="null" openId="-1" openfunction="0" iconName="zhiyin" desc="点击[fc4a32]开始战斗[-]" uiRoot="2" buttonRoad="FubenEnterWin(Clone)/offset/BattleEnter" effectName="MoveBg3" scale_canshu="1.1000000000000001" effect_canshu="0.8" isLockScreen="1" talk_expression="5" spriteName="s_down" positonX="419" positonY="-190" positonZ="0" spriteType="0" delayed="0"/>
  <newfunction id="8" name="打开强化界面" openTemp="功能引导,6" openId="9" openfunction="0" iconName="zhiyin" desc="点击进入[fc4a32]强化界面[-]" uiRoot="1" buttonRoad="ActivityBottom_Bar/Offset/btns/BtnStreng" effectName="MoveBg3" scale_canshu="1.1000000000000001" effect_canshu="1" isLockScreen="1" talk_expression="5" spriteName="m_down" positonX="105" positonY="-203" positonZ="0" spriteType="0" delayed="0"/>
  <newfunction id="9" name="点击强化" openTemp="null" openId="10" openfunction="0" iconName="zhiyin" desc="点击[fc4a32]强化[-]提升装备战力" uiRoot="2" buttonRoad="GemUI(Clone)/Offset/UIStrengEquip/BtnStreng" effectName="MoveBg3" scale_canshu="1.1000000000000001" effect_canshu="1" isLockScreen="1" talk_expression="5" spriteName="m_down" positonX="-322" positonY="-226" positonZ="0" spriteType="0" delayed="0"/>
  <newfunction id="10" name="关闭强化" openTemp="null" openId="11" openfunction="0" iconName="zhiyin" desc="强化可以瞬间增强装备能力,并且是[78FFF4]100%成功[-]哦！" uiRoot="2" buttonRoad="GemUI(Clone)/Offset/AnChor/TopBg/CloseButton" effectName="MoveBg" scale_canshu="1.1000000000000001" effect_canshu="1" isLockScreen="1" talk_expression="0" spriteName="smallLeft" positonX="-322" positonY="-226" positonZ="0" spriteType="0" delayed="0"/>
  <newfunction id="11" name="对话任务追踪引导" openTemp="null" openId="12" openfunction="0" iconName="zhiyin" desc="点击[fc4a32]任务追踪[-]前去领取奖励" uiRoot="1" buttonRoad="TaskTraceBar/offset/bg" effectName="MoveBg3" scale_canshu="1.1000000000000001" effect_canshu="0.8" isLockScreen="1" talk_expression="5" spriteName="m_left" positonX="-195" positonY="46" positonZ="0" spriteType="0" delayed="0"/>
  <newfunction id="12" name="交任务引导" openTemp="null" openId="13" openfunction="0" iconName="zhiyin" desc="点击[fc4a32]领取奖励[-]" uiRoot="2" buttonRoad="TaskFinishUI(Clone)/Offset/BtnFinish" effectName="MoveBg3" scale_canshu="1.1000000000000001" effect_canshu="0.8" isLockScreen="1" talk_expression="2" spriteName="s_up" positonX="417" positonY="-265" positonZ="" spriteType="0" delayed="0"/>
  <newfunction id="13" name="对话任务追踪引导" openTemp="任务引导,101005" openId="14" openfunction="0" iconName="zhiyin" desc="点击[fc4a32]任务追踪[-]前去新城之原" uiRoot="1" buttonRoad="TaskTraceBar/offset/bg" effectName="MoveBg3" scale_canshu="1.1000000000000001" effect_canshu="0.8" isLockScreen="1" talk_expression="5" spriteName="m_left" positonX="-195" positonY="46" positonZ="0" spriteType="0" delayed="1"/>
  <newfunction id="14" name="进副本引导" openTemp="null" openId="15" openfunction="0" iconName="zhiyin" desc="点击[fc4a32]开始战斗[-]" uiRoot="2" buttonRoad="FubenEnterWin(Clone)/offset/BattleEnter" effectName="MoveBg3" scale_canshu="1.1000000000000001" effect_canshu="0.8" isLockScreen="1" talk_expression="5" spriteName="s_down" positonX="419" positonY="-190" positonZ="0" spriteType="0" delayed="0"/>
  <newfunction id="15" name="对话任务追踪引导" openTemp="null" openId="16" openfunction="0" iconName="zhiyin" desc="点击[fc4a32]任务追踪[-]前去领取奖励" uiRoot="1" buttonRoad="TaskTraceBar/offset/bg" effectName="MoveBg3" scale_canshu="1.1000000000000001" effect_canshu="0.8" isLockScreen="1" talk_expression="5" spriteName="m_left" positonX="-195" positonY="46" positonZ="0" spriteType="0" delayed="1"/>
  <newfunction id="16" name="交任务引导" openTemp="null" openId="-1" openfunction="0" iconName="zhiyin" desc="点击[fc4a32]领取奖励[-]" uiRoot="2" buttonRoad="TaskFinishUI(Clone)/Offset/BtnFinish" effectName="MoveBg3" scale_canshu="1.1000000000000001" effect_canshu="0.8" isLockScreen="1" talk_expression="5" spriteName="s_up" positonX="417" positonY="-265" positonZ="0" spriteType="0" delayed="0"/>
  <newfunction id="17" name="打开技能面板" openTemp="功能引导,5" openId="18" openfunction="1" iconName="zhiyin" desc="点击进入[fc4a32]技能界面[-]" uiRoot="1" buttonRoad="ActivityBottom_Bar/Offset/btns/BtnSkill" effectName="MoveBg3" scale_canshu="1.1000000000000001" effect_canshu="0.8" isLockScreen="1" talk_expression="5" spriteName="m_down" positonX="203" positonY="-203" positonZ="0" spriteType="0" delayed="1"/>
  <newfunction id="18" name="选择技能" openTemp="null" openId="19" openfunction="0" iconName="zhiyin" desc="请[fc4a32]选择[-]主公技能" uiRoot="2" buttonRoad="SkillUIWindow(Clone)/Offset/Item_skill/gird/1" effectName="MoveBg3" scale_canshu="1.1000000000000001" effect_canshu="1" isLockScreen="1" talk_expression="5" spriteName="s_up" positonX="-407" positonY="-43" positonZ="0" spriteType="0" delayed="0"/>
  <newfunction id="19" name="点击技能I升级" openTemp="null" openId="20" openfunction="0" iconName="zhiyin" desc="请[fc4a32]升级[-]主公技能" uiRoot="2" buttonRoad="SkillUIWindow(Clone)/Offset/ItemSkillDetail/BtnAdd" effectName="MoveBg3" scale_canshu="1.1000000000000001" effect_canshu="1" isLockScreen="1" talk_expression="7" spriteName="s_up" positonX="440" positonY="23" positonZ="0" spriteType="0" delayed="0"/>
  <newfunction id="20" name="关闭技能界面" openTemp="null" openId="21" openfunction="0" iconName="zhiyin" desc="关闭技能界面" uiRoot="2" buttonRoad="SkillUIWindow(Clone)/Offset/AnChor/TopBg/CloseButton" effectName="MoveBg" scale_canshu="1.1000000000000001" effect_canshu="1" isLockScreen="1" talk_expression="0" spriteName="smallLeft" positonX="-195" positonY="46" positonZ="0" spriteType="0" delayed="0"/>
  <newfunction id="21" name="对话任务追踪引导" openTemp="任务引导101007" openId="22" openfunction="0" iconName="zhiyin" desc="点击[fc4a32]任务追踪[-]前往领取奖励" uiRoot="1" buttonRoad="TaskTraceBar/offset/bg" effectName="MoveBg3" scale_canshu="1.1000000000000001" effect_canshu="1" isLockScreen="1" talk_expression="5" spriteName="m_left" positonX="-195" positonY="46" positonZ="0" spriteType="0" delayed="0"/>
  <newfunction id="22" name="交任务引导" openTemp="null" openId="23" openfunction="0" iconName="zhiyin" desc="点击[fc4a32]领取奖励[-]" uiRoot="2" buttonRoad="TaskFinishUI(Clone)/Offset/BtnFinish" effectName="MoveBg3" scale_canshu="1.1000000000000001" effect_canshu="1" isLockScreen="1" talk_expression="5" spriteName="s_up" positonX="417" positonY="-265" positonZ="" spriteType="0" delayed="0"/>
  <newfunction id="23" name="对话任务追踪引导" openTemp="null" openId="24" openfunction="0" iconName="zhiyin" desc="点击[fc4a32]任务追踪[-]前往领取奖励" uiRoot="1" buttonRoad="TaskTraceBar/offset/bg" effectName="MoveBg3" scale_canshu="1.1000000000000001" effect_canshu="1" isLockScreen="1" talk_expression="5" spriteName="m_left" positonX="-195" positonY="46" positonZ="0" spriteType="0" delayed="2"/>
  <newfunction id="24" name="进入副本" openTemp="null" openId="-1" openfunction="0" iconName="zhiyin" desc="点击[fc4a32]开始战斗[-]" uiRoot="2" buttonRoad="FubenEnterWin(Clone)/offset/BattleEnter" effectName="MoveBg3" scale_canshu="1.1000000000000001" effect_canshu="0.8" isLockScreen="1" talk_expression="5" spriteName="s_down" positonX="419" positonY="-190" positonZ="0" spriteType="0" delayed="0"/>
  <newfunction id="25" name="对话任务追踪引导" openTemp="任务引导101009" openId="26" openfunction="0" iconName="zhiyin" desc="点击[fc4a32]任务追踪[-]前往战斗" uiRoot="1" buttonRoad="TaskTraceBar/offset/bg" effectName="MoveBg3" scale_canshu="1.1000000000000001" effect_canshu="1" isLockScreen="1" talk_expression="5" spriteName="m_left" positonX="-195" positonY="46" positonZ="0" spriteType="0" delayed="1"/>
  <newfunction id="26" name="交任务引导" openTemp="null" openId="-1" openfunction="0" iconName="zhiyin" desc="点击[fc4a32]领取奖励[-]" uiRoot="2" buttonRoad="TaskFinishUI(Clone)/Offset/BtnFinish" effectName="MoveBg3" scale_canshu="1.1000000000000001" effect_canshu="1" isLockScreen="1" talk_expression="5" spriteName="s_up" positonX="417" positonY="-265" positonZ="0" spriteType="0" delayed="0"/>
  <newfunction id="27" name="打开寻宝" openTemp="功能引导,27" openId="28" openfunction="0" iconName="zhiyin" desc="神秘[fc4a32]寻宝[-]已开启,快去寻找属于你的宝藏吧" uiRoot="1" buttonRoad="TaskTraceBar/offset/BtnGang" effectName="MoveBg3" scale_canshu="1.1000000000000001" effect_canshu="1" isLockScreen="1" talk_expression="5" spriteName="b_zuoshang" positonX="-431" positonY="66" positonZ="0" spriteType="0" delayed="0.5"/>
  <newfunction id="28" name="点击高级寻宝" openTemp="null" openId="29" openfunction="0" iconName="zhiyin" desc="点击进行[fc4a32]钻石探索[-]" uiRoot="2" buttonRoad="DrawLuckUI(Clone)/Offset/bg/Sprite_zhong/Scroll ViewRmb/Grid/touming/Button_oneRmb" effectName="MoveBg3" scale_canshu="1.1000000000000001" effect_canshu="1" isLockScreen="1" talk_expression="5" spriteName="m_down" positonX="-88" positonY="-86" positonZ="0" spriteType="0" delayed="0"/>
  <newfunction id="29" name="召唤武将" openTemp="null" openId="30" openfunction="0" iconName="zhiyin" desc="点击[fc4a32]召唤[-]武将" uiRoot="3" buttonRoad="Util/TipsBox/NewPetUIWin(Clone)/Offset/BtnOn" effectName="MoveBgTip" scale_canshu="1.1000000000000001" effect_canshu="1.1000000000000001" isLockScreen="1" talk_expression="5" spriteName="s_right" positonX="122" positonY="-195" positonZ="0" spriteType="0" delayed="0"/>
  <newfunction id="30" name="关闭召唤界面" openTemp="null" openId="31" openfunction="0" iconName="zhiyin" desc="点击[fc4a32]确认[-]返回" uiRoot="2" buttonRoad="PetShowUI(Clone)/Offset/BtnFight" effectName="MoveBg3" scale_canshu="1.1000000000000001" effect_canshu="1" isLockScreen="1" talk_expression="5" spriteName="s_down" positonX="471.5" positonY="-188.5" positonZ="0" spriteType="0" delayed="0"/>
  <newfunction id="31" name="打开武将界面" openTemp="null" openId="32" openfunction="0" iconName="zhiyin" desc="点击进入[fc4a32]武将界面[-]" uiRoot="1" buttonRoad="ActivityBottom_Bar/Offset/btns/BtnEntourage" effectName="MoveBg3" scale_canshu="1.1000000000000001" effect_canshu="1" isLockScreen="1" talk_expression="5" spriteName="m_down" positonX="8" positonY="-203" positonZ="0" spriteType="0" delayed="0"/>
  <newfunction id="32" name="武将升级" openTemp="null" openId="33" openfunction="1" iconName="zhiyin" desc="点击[fc4a32]升级[-]武将" uiRoot="2" buttonRoad="PetUIWindow(Clone)/Offset/PetAttr/BtnLevelUp" effectName="MoveBg3" scale_canshu="1.1000000000000001" effect_canshu="1" isLockScreen="1" talk_expression="5" spriteName="s_down" positonX="280" positonY="-236" positonZ="0" spriteType="0" delayed="0"/>
  <newfunction id="33" name="关闭武将界面" openTemp="null" openId="34" openfunction="0" iconName="zhiyin" desc="动动手指就能让石头变成黄金,嘿嘿。" uiRoot="2" buttonRoad="PetUIWindow(Clone)/Offset/AnChor/TopBg/CloseButton" effectName="MoveBg" scale_canshu="1.1000000000000001" effect_canshu="1" isLockScreen="1" talk_expression="0" spriteName="s_down" positonX="280" positonY="-230" positonZ="0" spriteType="0" delayed="0"/>
  <newfunction id="34" name="对话任务追踪引导" openTemp="任务引导,101010" openId="35" openfunction="0" iconName="zhiyin" desc="点击[fc4a32]任务追踪[-]前去领取奖励" uiRoot="1" buttonRoad="TaskTraceBar/offset/bg" effectName="MoveBg3" scale_canshu="1.1000000000000001" effect_canshu="0.8" isLockScreen="1" talk_expression="5" spriteName="m_left" positonX="-195" positonY="46" positonZ="0" spriteType="0" delayed="0"/>
  <newfunction id="35" name="交任务引导" openTemp="null" openId="36" openfunction="0" iconName="zhiyin" desc="点击[fc4a32]领取奖励[-]" uiRoot="2" buttonRoad="TaskFinishUI(Clone)/Offset/BtnFinish" effectName="MoveBg3" scale_canshu="1.1000000000000001" effect_canshu="0.8" isLockScreen="1" talk_expression="2" spriteName="s_up" positonX="417" positonY="-265" positonZ="" spriteType="0" delayed="0"/>
  <newfunction id="36" name="对话任务追踪引导" openTemp="null" openId="37" openfunction="0" iconName="zhiyin" desc="点击[fc4a32]任务追踪[-]前去领取奖励" uiRoot="1" buttonRoad="TaskTraceBar/offset/bg" effectName="MoveBg3" scale_canshu="1.1000000000000001" effect_canshu="0.8" isLockScreen="1" talk_expression="5" spriteName="m_left" positonX="-195" positonY="46" positonZ="0" spriteType="0" delayed="2"/>
  <newfunction id="37" name="进副本引导" openTemp="null" openId="-1" openfunction="0" iconName="zhiyin" desc="点击[fc4a32]开始战斗[-]" uiRoot="2" buttonRoad="FubenEnterWin(Clone)/offset/BattleEnter" effectName="MoveBg3" scale_canshu="1.1000000000000001" effect_canshu="0.8" isLockScreen="1" talk_expression="5" spriteName="s_down" positonX="419" positonY="-190" positonZ="0" spriteType="0" delayed="0"/>
  <newfunction id="38" name="打开武将界面" openTemp="任务引导,101011" openId="39" openfunction="0" iconName="zhiyin" desc="点击进入[fc4a32]武将界面[-]" uiRoot="1" buttonRoad="ActivityBottom_Bar/Offset/btns/BtnEntourage" effectName="MoveBg3" scale_canshu="1.1000000000000001" effect_canshu="1" isLockScreen="1" talk_expression="5" spriteName="m_down" positonX="8" positonY="-203" positonZ="0" spriteType="0" delayed="0"/>
  <newfunction id="39" name="点击武将装备" openTemp="null" openId="40" openfunction="0" iconName="zhiyin" desc="点击[fc4a32]装备[-]" uiRoot="2" buttonRoad="PetUIWindow(Clone)/Offset/tabBtn/bts/BtnEquip" effectName="MoveBg3" scale_canshu="1.1000000000000001" effect_canshu="1" isLockScreen="1" talk_expression="5" spriteName="s_up" positonX="466" positonY="153" positonZ="0" spriteType="0" delayed="0"/>
  <newfunction id="40" name="点击穿装备" openTemp="null" openId="41" openfunction="0" iconName="zhiyin" desc="点击[fc4a32]立即装备[-]" uiRoot="2" buttonRoad="PetUIWindow(Clone)/Offset/EquipUI/BtnOn" effectName="MoveBg3" scale_canshu="1.1000000000000001" effect_canshu="1" isLockScreen="1" talk_expression="5" spriteName="s_down1" positonX="151" positonY="-236" positonZ="0" spriteType="0" delayed="0"/>
  <newfunction id="41" name="关闭武将界面" openTemp="null" openId="-1" openfunction="0" iconName="zhiyin" desc="动动手指就能让石头变成黄金,嘿嘿。" uiRoot="2" buttonRoad="PetUIWindow(Clone)/Offset/AnChor/TopBg/CloseButton" effectName="MoveBg" scale_canshu="1.1000000000000001" effect_canshu="1" isLockScreen="1" talk_expression="0" spriteName="s_down" positonX="280" positonY="-230" positonZ="0" spriteType="0"/>
  <newfunction id="42" name="点击穿装备" openTemp="null" openId="43" openfunction="0" iconName="zhiyin" desc="关闭武将界面。" uiRoot="2" buttonRoad="PetUIWindow(Clone)/Offset/BtnClose" effectName="MoveBg" scale_canshu="1.1000000000000001" effect_canshu="1" isLockScreen="1" talk_expression="0"/>
  <newfunction id="43" name="关闭武将界面" openTemp="null" openId="44" openfunction="0" iconName="zhiyin" desc="动动手指就能让石头变成黄金,嘿嘿。" uiRoot="2" buttonRoad="ActivityBottom_Bar/Offset/AnChor/TopBg/CloseButton" effectName="MoveBg" scale_canshu="1.1000000000000001" effect_canshu="1" isLockScreen="1" talk_expression="0" spriteName="s_down" positonX="280" positonY="-230" positonZ="0" spriteType="0"/>
  <newfunction id="44" name="关闭武将界面" openTemp="null" openId="45" openfunction="0" iconName="zhiyin" desc="动动手指就能让石头变成黄金,嘿嘿。" uiRoot="2" buttonRoad="ActivityBottom_Bar/Offset/AnChor/TopBg/CloseButton" effectName="MoveBg" scale_canshu="1.1000000000000001" effect_canshu="1" isLockScreen="1" talk_expression="0" spriteName="s_down" positonX="280" positonY="-230" positonZ="0" spriteType="0"/>
  <newfunction id="45" name="点击符文学习" openTemp="null" openId="-1" openfunction="0" iconName="zhiyin" desc="点击这里学习[78FFF4]符文[-],这会让技能变得更加[78FFF4]厉害[-]！" uiRoot="2" buttonRoad="SkillUIWindow(Clone)/Offset/Item/gird/0/BtnAdd" effectName="MoveBg" scale_canshu="1.1000000000000001" effect_canshu="1" isLockScreen="1" talk_expression="10"/>
  <newfunction id="46" name="抽奖" openTemp="功能引导,27" openId="-1" openfunction="0" iconName="zhiyin" desc="[3CF019][抽奖][-]会有意想不到的[78FFF4]惊喜[-]哦。" uiRoot="1" buttonRoad="FuncBar/offset/FuncSp/BtnGang" effectName="MoveBg3" scale_canshu="1.1000000000000001" effect_canshu="1" isLockScreen="1" talk_expression="0"/>
  <newfunction id="47" name="活动-幻境" openTemp="功能引导,28" openId="48" openfunction="0" iconName="zhiyin" desc="[78FFF4]活动[-]好多哦,15级[3CF019][幻境][-]就已经开启了,快来玩吧！" uiRoot="1" buttonRoad="ActivityTopBar/Offset/BtnActivityfuben" effectName="MoveBg" scale_canshu="1.1000000000000001" effect_canshu="1" isLockScreen="1" talk_expression="10"/>
  <newfunction id="48" name="打开活动界面" openTemp="null" openId="-1" openfunction="0" iconName="zhiyin" desc="每天参加[78FFF4]幻境[-]会有不同的惊喜。" uiRoot="2" buttonRoad="Activity_IntoFubenUI(Clone)/Offset/Scroll View/Grid/幻境试炼/Button" effectName="MoveBg" scale_canshu="1.1000000000000001" effect_canshu="1" isLockScreen="1" talk_expression="4"/>
  <newfunction id="49" name="每日必做" openTemp="null" openId="-1" openfunction="0" iconName="zhiyin" desc="[3CF019][每日必做][-]完成后,会获得[78FFF4]道具、金钱[-]奖励呦！" uiRoot="1" buttonRoad="ActivityTopBar/Offset/Btndayly" effectName="MoveBg" scale_canshu="1.1000000000000001" effect_canshu="1" isLockScreen="0" talk_expression="9"/>
  <newfunction id="50" name="竞技场" openTemp="功能引导,21" openId="-1" openfunction="0" iconName="zhiyin" desc="英雄,展现你实力的时刻到了,要战便战！" uiRoot="1" buttonRoad="FuncBar/offset/FuncSp/BtnArena" effectName="MoveBg" scale_canshu="1.1000000000000001" effect_canshu="1" isLockScreen="1" talk_expression="7"/>
  <newfunction id="51" name="精英副本" openTemp="任务引导,101060" openId="52" openfunction="1" iconName="zhiyin" desc="[78FFF4]精英副本[-]属于挑战型副本,快来挑战吧。" uiRoot="1" buttonRoad="FuncBar/offset/FuncSp/BtnFuben" effectName="MoveBg" scale_canshu="1.1000000000000001" effect_canshu="1" isLockScreen="1" talk_expression="0"/>
  <newfunction id="52" name="选择精英副本" openTemp="null" openId="53" openfunction="0" iconName="zhiyin" desc="在这里选择[78FFF4]精英副本[-]章节。" uiRoot="2" buttonRoad="WorldMapUI(Clone)/Offset/DiffcultBg/Button_JY" effectName="MoveBg" scale_canshu="1.1000000000000001" effect_canshu="1" isLockScreen="1" talk_expression="0"/>
  <newfunction id="53" name="进入战斗" openTemp="null" openId="-1" openfunction="0" iconName="zhiyin" desc="英雄,快去挑战吧！" uiRoot="2" buttonRoad="WorldMapUI(Clone)/Offset/PanelItem/Scroll_Item/Grid/21100/21100" effectName="MoveBg" scale_canshu="1.1000000000000001" effect_canshu="1" isLockScreen="1" talk_expression="2"/>
  <newfunction id="54" name="开启支线任务" openTemp="任务引导,102001" openId="55" openfunction="1" iconName="zhiyin" desc="[78FFF4]支线任务[-]开启了,任务越来越多啦,快去看看吧。" uiRoot="1" buttonRoad="FuncBar/offset/FuncSp/BtnTask" effectName="MoveBg" scale_canshu="1.1000000000000001" effect_canshu="1" isLockScreen="1" talk_expression="0"/>
  <newfunction id="55" name="追踪任务" openTemp="null" openId="56" openfunction="0" iconName="zhiyin" desc="开始追踪支线任务吧。" uiRoot="2" buttonRoad="TaskUI(Clone)/Offset/Details/taskAward/BtnGo" effectName="MoveBg" scale_canshu="1.1000000000000001" effect_canshu="1" isLockScreen="1" talk_expression="0"/>
  <newfunction id="56" name="完成当前任务" openTemp="null" openId="-1" openfunction="0" iconName="zhiyin" desc="支线任务马上就要完成了！" uiRoot="2" buttonRoad="TaskFinishUI(Clone)/Offset/BtnFinish" effectName="MoveBg" scale_canshu="1.1000000000000001" effect_canshu="1" isLockScreen="1" talk_expression="0"/>
  <newfunction id="57" name="人物培养" openTemp="功能引导,30" openId="58" openfunction="0" iconName="zhiyin" desc="培养开启了,快去看看吧。" uiRoot="1" buttonRoad="FuncBar/offset/FuncSp/BtnTrain" effectName="MoveBg" scale_canshu="1.1000000000000001" effect_canshu="1" isLockScreen="1" talk_expression="1"/>
  <newfunction id="58" name="培养按钮" openTemp="null" openId="59" openfunction="0" iconName="zhiyin" desc="原来[3CF019][培养][-]在这里,点开看看吧。" uiRoot="2" buttonRoad="RoleAttrUI(Clone)/Offset/btns/1" effectName="MoveBg" scale_canshu="1.1000000000000001" effect_canshu="1" isLockScreen="1" talk_expression="0"/>
  <newfunction id="59" name="激活培养" openTemp="null" openId="60" openfunction="0" iconName="zhiyin" desc="要有[3CF019]培养卷轴[-]才能进行培养哦！" uiRoot="2" buttonRoad="RoleAttrUI(Clone)/Offset/RoleTrainUI/Btn" effectName="MoveBg" scale_canshu="1.1000000000000001" effect_canshu="1" isLockScreen="1" talk_expression="1"/>
  <newfunction id="60" name="关闭按钮" openTemp="null" openId="-1" openfunction="0" iconName="zhiyin" desc="点击关闭按钮" uiRoot="2" buttonRoad="RoleAttrUI(Clone)/Offset/BtnClose" effectName="MoveBg" scale_canshu="1.1000000000000001" effect_canshu="1" isLockScreen="1" talk_expression="0"/>
  <newfunction id="61" name="打开强化界面" openTemp="功能引导,8" openId="62" openfunction="0" iconName="zhiyin" desc="[3CF019]宝石[-]功能开启了,15级宝石等你拿点开看看吧。" uiRoot="1" buttonRoad="FuncBar/offset/FuncSp/BtnStreng" effectName="MoveBg" scale_canshu="1.1000000000000001" effect_canshu="1" isLockScreen="1" talk_expression="0"/>
  <newfunction id="62" name="宝石合成" openTemp="null" openId="63" openfunction="0" iconName="zhiyin" desc="[3CF019]宝石合成[-]在这里,英雄,合成之后能不能送我一颗？" uiRoot="2" buttonRoad="GemUI(Clone)/Offset/btns/2" effectName="MoveBg" scale_canshu="1.1000000000000001" effect_canshu="1" isLockScreen="1" talk_expression="4"/>
  <newfunction id="63" name="点击宝石" openTemp="null" openId="64" openfunction="0" iconName="zhiyin" desc="2颗同样宝石,可以合成1颗[78FFF4]高级宝石[-]呦！" uiRoot="2" buttonRoad="GemUI(Clone)/Offset/UIGemCompose/ItemGemUp/0" effectName="MoveBg" scale_canshu="1.1000000000000001" effect_canshu="1" isLockScreen="1" talk_expression="7"/>
  <newfunction id="64" name="返回强化界面" openTemp="null" openId="65" openfunction="0" iconName="zhiyin" desc="返回强化界面" uiRoot="2" buttonRoad="GemUI(Clone)/Offset/BtnReturn" effectName="MoveBg" scale_canshu="1.1000000000000001" effect_canshu="1" isLockScreen="1" talk_expression="0"/>
  <newfunction id="65" name="点击宝石镶嵌按钮" openTemp="null" openId="66" openfunction="0" iconName="zhiyin" desc="将高级宝石[78FFF4]镶嵌[-]到装备上,看看用着是否顺手。" uiRoot="2" buttonRoad="GemUI(Clone)/Offset/btns/1" effectName="MoveBg" scale_canshu="1.1000000000000001" effect_canshu="1" isLockScreen="1" talk_expression="2"/>
  <newfunction id="66" name="选择镶嵌孔" openTemp="null" openId="-1" openfunction="0" iconName="zhiyin" desc="点击[78FFF4]镶嵌孔[-]后,才能镶嵌对应宝石。" uiRoot="2" buttonRoad="GemUI(Clone)/Offset/UIGemSet/ItemAttrs/ItemGemAttr_1" effectName="MoveBg" scale_canshu="1.1000000000000001" effect_canshu="1" isLockScreen="1" talk_expression="6"/>
  <newfunction id="67" name="伏魔塔" openTemp="功能引导,20" openId="68" openfunction="0" iconName="zhiyin" desc="30级的[3CF019]伏魔塔[-]活动开启了,据说这是一个很有挑战性的活动。" uiRoot="1" buttonRoad="ActivityTopBar/Offset/BtnActivityfuben" effectName="MoveBg" scale_canshu="1.1000000000000001" effect_canshu="1" isLockScreen="1" talk_expression="0"/>
  <newfunction id="68" name="打开活动界面" openTemp="null" openId="-1" openfunction="0" iconName="zhiyin" desc="进入[78FFF4]伏魔塔[-]界面,看看具体介绍吧。" uiRoot="2" buttonRoad="Activity_IntoFubenUI(Clone)/Offset/Scroll View/Grid/挑战伏魔塔/Button" effectName="MoveBg" scale_canshu="1.1000000000000001" effect_canshu="1" isLockScreen="1" talk_expression="7"/>
  <newfunction id="69" name="挑战伏魔塔" openTemp="null" openId="-1" openfunction="0" iconName="zhiyin" desc="点击[3CF019]挑战[-]伏魔塔。" uiRoot="2" buttonRoad="MonsterTowerUI(Clone)/Offset/Button_Into" effectName="MoveBg" scale_canshu="1.1000000000000001" effect_canshu="1" isLockScreen="1" talk_expression="8"/>
  <newfunction id="70" name="世界BOSS" openTemp="功能引导,32" openId="71" openfunction="0" iconName="zhiyin" desc="35级的[3CF019]世界BOSS[-]开启了,这个BOSS好厉害,英雄能否帮我消灭它。" uiRoot="1" buttonRoad="ActivityTopBar/Offset/BtnActivityfuben" effectName="MoveBg" scale_canshu="1.1000000000000001" effect_canshu="1" isLockScreen="1" talk_expression="0"/>
  <newfunction id="71" name="挑战世界BOSS" openTemp="null" openId="-1" openfunction="0" iconName="zhiyin" desc="这个BOSS好厉害,英雄能否帮我消灭它。" uiRoot="2" buttonRoad="Activity_IntoFubenUI(Clone)/Offset/Scroll View/Grid/世界BOSS/Button" effectName="MoveBg" scale_canshu="1.1000000000000001" effect_canshu="1" isLockScreen="1" talk_expression="0"/>
  <newfunction id="72" name="人物培养界面" openTemp="功能引导,16" openId="73" openfunction="0" iconName="zhiyin" desc="[78FFF4]天赋[-]开启,英雄,看下培养后能给你增加多少战力值保护我！" uiRoot="1" buttonRoad="FuncBar/offset/FuncSp/BtnTrain" effectName="MoveBg" scale_canshu="1.1000000000000001" effect_canshu="1" isLockScreen="1" talk_expression="7"/>
  <newfunction id="73" name="选择天赋按钮" openTemp="null" openId="74" openfunction="0" iconName="zhiyin" desc="学习[3CF019][天赋][-],是需要天书的,先看看能不能学习。" uiRoot="2" buttonRoad="RoleAttrUI(Clone)/Offset/btns/2" effectName="MoveBg" scale_canshu="1.1000000000000001" effect_canshu="1" isLockScreen="1" talk_expression="9"/>
  <newfunction id="74" name="点击天赋书" openTemp="null" openId="-1" openfunction="0" iconName="zhiyin" desc="点击[3CF019]天赋书[-]就可以领悟天赋了。" uiRoot="2" buttonRoad="RoleAttrUI(Clone)/Offset/RoleTalentUI/understandTalent/prop/ItemTalentProp" effectName="MoveBg" scale_canshu="1.1000000000000001" effect_canshu="1" isLockScreen="1" talk_expression="7"/>
  <newfunction id="75" name="深渊副本" openTemp="null" openId="76" openfunction="0" iconName="zhiyin" desc="点击进入副本地图" uiRoot="1" buttonRoad="FuncBar/offset/FuncSp/BtnAchieve" effectName="MoveBg" scale_canshu="1.1000000000000001" effect_canshu="1" isLockScreen="1" talk_expression="0"/>
  <newfunction id="76" name="选择深渊副本" openTemp="null" openId="77" openfunction="0" iconName="zhiyin" desc="选择深渊副本" uiRoot="2" buttonRoad="MapUI(Clone)/Offset/Button_SY" effectName="MoveBg" scale_canshu="1.1000000000000001" effect_canshu="1" isLockScreen="1" talk_expression="0"/>
  <newfunction id="77" name="选择关卡" openTemp="null" openId="-1" openfunction="0" iconName="zhiyin" desc="选择关卡" uiRoot="2" buttonRoad="MapUI(Clone)/Offset/Scroll View/Grid/1_1/13" effectName="MoveBg" scale_canshu="1.1000000000000001" effect_canshu="1" isLockScreen="1" talk_expression="0"/>
  <newfunction id="78" name="长按攻击键可以持续攻击" openTemp="null" openId="-1" openfunction="0" iconName="zhiyin" desc="长按[fc4a32]攻击按钮[-]可持续进行攻击" uiRoot="1" buttonRoad="SkillBar/offset/BtnAttack" effectName="MoveBg3" scale_canshu="1.1000000000000001" effect_canshu="1" isLockScreen="1" talk_expression="5" spriteName="m_right" positonX="321" positonY="-280" positonZ="0" spriteType="0"/>
  <newfunction id="101" name="移动" openTemp="null" openId="-1" openfunction="0" iconName="zhiyin" desc="使用[fc4a32]方向键[-]控制主公移动" uiRoot="1" buttonRoad="Bottom-Anchor/stick_hiden/stick_back" effectName="MoveBg" scale_canshu="1.1000000000000001" effect_canshu="1.2" isLockScreen="1" talk_expression="13" spriteName="smallLeft" positonX="" positonY="" positonZ="" spriteType="1"/>
  <newfunction id="102" name="箭头" openTemp="null" openId="-1" openfunction="0" iconName="zhiyin" desc="点击冲刺" uiRoot="1" buttonRoad="FindBar/Offset/icon" effectName="MoveBg" scale_canshu="1.1000000000000001" effect_canshu="0.4" isLockScreen="0" talk_expression="" spriteName="smallLeft" positonX="" positonY="" positonZ="" spriteType="1"/>
  <newfunction id="103" name="普攻" openTemp="null" openId="-1" openfunction="0" iconName="zhiyin" desc="点击[fc4a32]攻击按钮[-]可进行攻击" uiRoot="1" buttonRoad="SkillBar/offset/BtnAttack" effectName="MoveBg" scale_canshu="1.1000000000000001" effect_canshu="1.2" isLockScreen="1" talk_expression="13" spriteName="smallLeft" positonX="" positonY="" positonZ="" spriteType="1"/>
  <newfunction id="104" name="武士技能" openTemp="null" openId="-1" openfunction="0" iconName="zhiyin" desc="点击[fc4a32]技能按钮[-]可释放强力技能" uiRoot="1" buttonRoad="SkillBar/offset/ItemRoll1/btn" effectName="MoveBg" scale_canshu="1.1000000000000001" effect_canshu="1" isLockScreen="1" talk_expression="13" spriteName="smallLeft" positonX="" positonY="" positonZ="" spriteType="1"/>
  <newfunction id="105" name="弓手技能" openTemp="null" openId="-1" openfunction="0" iconName="zhiyin" desc="点击[fc4a32]技能按钮[-]可释放强力技能" uiRoot="1" buttonRoad="SkillBar/offset/ItemRoll1/btn" effectName="MoveBg" scale_canshu="1.1000000000000001" effect_canshu="1" isLockScreen="1" talk_expression="13" spriteName="smallLeft" positonX="" positonY="" positonZ="" spriteType="1"/>
  <newfunction id="106" name="加血指引" openTemp="null" openId="-1" openfunction="0" iconName="zhiyin" desc="点击[fc4a32]药瓶[-]可回复血量" uiRoot="1" buttonRoad="CostPropBar/Offset/BtnCostProp(Clone)/btn" effectName="MoveBg" scale_canshu="1.1000000000000001" effect_canshu="1" isLockScreen="0" talk_expression="0" spriteName="smallLeft" positonX="" positonY="" positonZ="" spriteType="1"/>
  <newfunction id="107" name="通关抽奖指引" openTemp="null" openId="-1" openfunction="0" iconName="zhiyin" desc="点击[fc4a32]宝箱[-]进行抽奖可获得额外奖励" uiRoot="2" buttonRoad="CleaRanceBoxUI(Clone)/Offset/boxs/1" effectName="MoveBg" scale_canshu="1.1000000000000001" effect_canshu="1" isLockScreen="1" talk_expression="5" spriteName="m_up" positonX="-2.1" positonY="-175.1" positonZ="0" spriteType="0"/>
  <newfunction id="108" name="觉醒技能" openTemp="null" openId="-1" openfunction="0" iconName="zhiyin" desc="点击[fc4a32]觉醒技能[-]可获得强大的攻击力" uiRoot="1" buttonRoad="RoleBar/Angrey/btn" effectName="MoveBg" scale_canshu="1.1000000000000001" effect_canshu="1" isLockScreen="1" talk_expression="7" spriteName="smallLeft" positonX="" positonY="" positonZ="" spriteType="1"/>
</root>