<root>
<npc id="101001" npcName="雪昭昭" Npc_title="[FFFF00]接待员[-]" Whether_Urban="1" map="100000" x="-45" y="0.1" z="-34" attribution="2" shopId="0" npcBust="NPC_tx_18" sound="null" model="Npc_02" dir="135" isSee="1" talkid="1058,1091,1092" Dialogue_rate="100"/>
<npc id="101002" npcName="李儒" Npc_title="null" Whether_Urban="-1" map="100000" x="58" y="2" z="-56" attribution="1" shopId="0" npcBust="NPC_tx_12" sound="null" model="Npc_04" dir="127" isSee="1" talkid="null" Dialogue_rate="100"/>
<npc id="101003" npcName="孙策" Npc_title="null" Whether_Urban="-1" map="100000" x="78" y="2" z="-37" attribution="1" shopId="0" npcBust="NPC_tx_8" sound="null" model="Npc_05" dir="76" isSee="1" talkid="1058" Dialogue_rate="100"/>
<npc id="101004" npcName="张飞" Npc_title="null" Whether_Urban="-1" map="100000" x="-10" y="-3" z="1" attribution="-1" shopId="0" npcBust="NPC_tx_3" sound="null" model="Npc_05" dir="60" isSee="1" talkid="null" Dialogue_rate="100"/>
<npc id="101005" npcName="吉平" Npc_title="null" Whether_Urban="1" map="100000" x="30" y="0" z="-40" attribution="2" shopId="0" npcBust="NPC_tx_13" sound="null" model="Npc_10" dir="-8" isSee="1" talkid="1075,1076" Dialogue_rate="100"/>
<npc id="101006" npcName="甄宓" Npc_title="[FFFF00]荣誉商人[-]" Whether_Urban="1" map="100000" x="-7" y="0" z="53" attribution="2" shopId="1" npcBust="NPC_tx_17" sound="null" model="Npc_06" dir="-38" isSee="1" talkid="null" Dialogue_rate="100"/>
<npc id="101007" npcName="曹操" Npc_title="null" Whether_Urban="1" map="100000" x="-60" y="8.1999999999999993" z="59" attribution="2" shopId="0" npcBust="NPC_tx_8" sound="null" model="Npc_01" dir="130" isSee="1" talkid="1097,1098,1099" Dialogue_rate="100"/>
<npc id="101008" npcName="郭嘉" Npc_title="null" Whether_Urban="1" map="100000" x="-56" y="5" z="23" attribution="2" shopId="0" npcBust="NPC_tx_6" sound="null" model="Npc_11" dir="69" isSee="1" talkid="1051,1052" Dialogue_rate="100"/>
<npc id="101009" npcName="荣誉校尉" Npc_title="null" Whether_Urban="1" map="100000" x="14" y="0.2" z="66" attribution="2" shopId="0" npcBust="NPC_tx_13" sound="null" model="Npc_07" dir="152" isSee="1" talkid="1021,1022" Dialogue_rate="100"/>
<npc id="101010" npcName="校尉先锋" Npc_title="null" Whether_Urban="1" map="100000" x="30" y="0" z="13" attribution="2" shopId="0" npcBust="NPC_tx_5" sound="null" model="Npc_04" dir="-65" isSee="1" talkid="1027,1028" Dialogue_rate="100"/>
<npc id="101011" npcName="校尉头领" Npc_title="null" Whether_Urban="1" map="100000" x="-28" y="0" z="7" attribution="1" shopId="0" npcBust="NPC_tx_11" sound="null" model="Npc_07" dir="147" isSee="1" talkid="1045,1046" Dialogue_rate="100"/>
<npc id="101012" npcName="太史慈" Npc_title="null" Whether_Urban="1" map="100000" x="-32" y="4.4000000000000004" z="68" attribution="2" shopId="0" npcBust="NPC_tx_2" sound="null" model="Npc_10" dir="-147" isSee="1" talkid="1063,1064,1065" Dialogue_rate="100"/>
<npc id="101013" npcName="夏侯惇" Npc_title="null" Whether_Urban="1" map="100000" x="-37" y="0" z="-66" attribution="1" shopId="0" npcBust="NPC_tx_11" sound="null" model="Npc_04" dir="35" isSee="1" talkid="1069,1070" Dialogue_rate="100"/>
<npc id="101014" npcName="孙尚香" Npc_title="null" Whether_Urban="1" map="100000" x="-1" y="0" z="-55" attribution="1" shopId="0" npcBust="NPC_tx_17" sound="null" model="Npc_09" dir="-34" isSee="1" talkid="1094,1095,1096" Dialogue_rate="100"/>
<npc id="101015" npcName="左慈" Npc_title="null" Whether_Urban="1" map="100000" x="32" y="0" z="71" attribution="2" shopId="0" npcBust="NPC_tx_14" sound="null" model="Npc_08" dir="-106" isSee="1" talkid="1015,1016,1017" Dialogue_rate="100"/>
<npc id="101016" npcName="陵墓幽魂" Npc_title="null" Whether_Urban="-1" map="-1" x="-117" y="27" z="117" attribution="-1" shopId="0" npcBust="NPC_tx_3" sound="null" model="Npc_04" dir="240" isSee="1" talkid="null" Dialogue_rate="100"/>
<npc id="101017" npcName="冥王使者" Npc_title="null" Whether_Urban="-1" map="-1" x="218" y="122" z="232" attribution="-1" shopId="0" npcBust="NPC_tx_3" sound="null" model="Npc_04" dir="0" isSee="1" talkid="null" Dialogue_rate="100"/>
<npc id="101018" npcName="幽暗使者" Npc_title="null" Whether_Urban="-1" map="-1" x="-161" y="2" z="-3" attribution="-1" shopId="0" npcBust="NPC_tx_3" sound="null" model="Npc_04" dir="0" isSee="1" talkid="null" Dialogue_rate="100"/>
<npc id="101019" npcName="豫领使者" Npc_title="null" Whether_Urban="-1" map="-1" x="145" y="1" z="4" attribution="-1" shopId="0" npcBust="NPC_tx_3" sound="null" model="Npc_04" dir="0" isSee="1" talkid="null" Dialogue_rate="100"/>
<npc id="101020" npcName="玉峰使者" Npc_title="null" Whether_Urban="-1" map="-1" x="213" y="66" z="-117" attribution="-1" shopId="0" npcBust="NPC_tx_3" sound="null" model="Npc_04" dir="0" isSee="1" talkid="null" Dialogue_rate="100"/>
<npc id="101021" npcName="豫关使者" Npc_title="null" Whether_Urban="-1" map="-1" x="218" y="122" z="232" attribution="-1" shopId="0" npcBust="NPC_tx_3" sound="null" model="Npc_04" dir="300" isSee="1" talkid="null" Dialogue_rate="100"/>
<npc id="101022" npcName="回廊使者" Npc_title="null" Whether_Urban="-1" map="-1" x="-117" y="27" z="117" attribution="-1" shopId="0" npcBust="NPC_tx_3" sound="null" model="Npc_04" dir="0" isSee="1" talkid="null" Dialogue_rate="100"/>
<npc id="101023" npcName="龙域使者" Npc_title="null" Whether_Urban="-1" map="-1" x="-117" y="27" z="117" attribution="-1" shopId="0" npcBust="NPC_tx_3" sound="null" model="Npc_04" dir="0" isSee="1" talkid="null" Dialogue_rate="100"/>
<npc id="101024" npcName="幽暗使者" Npc_title="null" Whether_Urban="-1" map="-1" x="-32" y="2" z="-48" attribution="-1" shopId="0" npcBust="NPC_tx_3" sound="null" model="Npc_04" dir="0" isSee="1" talkid="null" Dialogue_rate="100"/>
<npc id="101025" npcName="陵宫使者" Npc_title="null" Whether_Urban="-1" map="-1" x="134" y="13" z="-173" attribution="-1" shopId="0" npcBust="NPC_tx_3" sound="null" model="Npc_04" dir="0" isSee="1" talkid="null" Dialogue_rate="100"/>
<npc id="101026" npcName="无缘道人" Npc_title="null" Whether_Urban="-1" map="-1" x="16" y="-3" z="-53" attribution="-1" shopId="0" npcBust="NPC_tx_20" sound="null" model="Npc_01" dir="0" isSee="1" talkid="null" Dialogue_rate="100"/>
<npc id="101027" npcName="关云长" Npc_title="null" Whether_Urban="1" map="100000" x="-41" y="0.5" z="-8" attribution="2" shopId="0" npcBust="NPC_tx_21" sound="null" model="npc_guanyu" dir="94" isSee="-1" talkid="null" Dialogue_rate="100"/>
<npc id="101028" npcName="元素卡片箱" Npc_title="null" Whether_Urban="-1" map="-1" x="9" y="0" z="23" attribution="-1" shopId="0" npcBust="NPC_tx_3" sound="null" model="Npc_baoxiang" dir="-70" isSee="1" talkid="null" Dialogue_rate="10000"/>
<npc id="101029" npcName="金三胖" Npc_title="[FFFF00]黑市商人[-]" Whether_Urban="1" map="100000" x="-39" y="5.2" z="28" attribution="1" shopId="2" npcBust="NPC_tx_3" sound="null" model="Npc_12" dir="-77" isSee="-1" talkid="null" Dialogue_rate="100"/>
</root>