<root>
<nvshenre id="1" itemDrop="4002," tsk="金币装备抽奖"/>
<nvshenre id="2" itemDrop="4003," tsk="小金袋"/>
<nvshenre id="3" itemDrop="4004," tsk="金袋"/>
<nvshenre id="4" itemDrop="4005," tsk="金创药"/>
<nvshenre id="5" itemDrop="4006,4001," tsk="黑市刷新券"/>
<nvshenre id="6" itemDrop="4007,4001," tsk="神炼石"/>
<nvshenre id="7" itemDrop="4008,4001," tsk="普通天书"/>
<nvshenre id="8" itemDrop="4009,4001,4017," tsk="一级力量宝石"/>
<nvshenre id="9" itemDrop="4010,4001,4017," tsk="一级敏捷宝石"/>
<nvshenre id="10" itemDrop="4011,4001,4017,1002," tsk="一级力量宝石"/>
<nvshenre id="11" itemDrop="4012,4001,4017,1002," tsk="一级体力宝石"/>
<nvshenre id="12" itemDrop="4013,4001,4017,1002," tsk="二级红宝石"/>
<nvshenre id="13" itemDrop="4014,4001,4017,4018,4019,1001,1002," tsk="金币装备抽奖"/>
<nvshenre id="14" itemDrop="4014,4001,4017,4018,4019,1001,1002," tsk="小金袋"/>
<nvshenre id="15" itemDrop="4016,4001,4017,4018,4019,1002,1001,1002," tsk="金袋"/>
</root>