<root>
<openFunction id="1" name="任务" openLevel="2" taskId="-1" uiRoot="1" buttonRoad="ActivityBottom_Bar/Offset/btns/BtnTask"/>
<openFunction id="2" name="副本" openLevel="-1" taskId="-1" uiRoot="1" buttonRoad="ActivityTopBar/Offset/BtnFuben"/>
<openFunction id="3" name="背包" openLevel="1" taskId="-1" uiRoot="1" buttonRoad="ActivityBottom_Bar/Offset/btns/BtnPack"/>
<openFunction id="4" name="签到" openLevel="1" taskId="-1" uiRoot="2" buttonRoad="ActivityTopBar/Offset/BtnSignIn"/>
<openFunction id="5" name="技能" openLevel="5" taskId="-1" uiRoot="1" buttonRoad="ActivityBottom_Bar/Offset/btns/BtnSkill"/>
<openFunction id="6" name="强化" openLevel="3" taskId="-1" uiRoot="1" buttonRoad="ActivityBottom_Bar/Offset/btns/BtnStreng"/>
<!--<openFunction id="7" name="点金" openLevel="2" taskId="-1" uiRoot="4" buttonRoad="GoldBar/Offset/goldmc"/>-->
<openFunction id="7" name="点金" openLevel="1" taskId="-1" uiRoot="4" buttonRoad="ActivityTopBar/Offset/BtnTurnGold"/>
<openFunction id="8" name="镶嵌" openLevel="13" taskId="-1" uiRoot="1" buttonRoad="ActivityBottom_Bar/Offset/btns/BtnStreng"/>
<openFunction id="9" name="合成" openLevel="28" taskId="-1" uiRoot="1" buttonRoad="ActivityBottom_Bar/Offset/btns/BtnStreng"/>
<openFunction id="10" name="邮箱" openLevel="-1" taskId="-1" uiRoot="2" buttonRoad="null"/>
<openFunction id="11" name="每日必做" openLevel="-1" taskId="-1" uiRoot="3" buttonRoad="ActivityBottom_Bar/Offset/btns/BtnTask"/>
<openFunction id="12" name="成就" openLevel="-1" taskId="-1" uiRoot="1" buttonRoad="null"/>
<openFunction id="13" name="商城" openLevel="-1" taskId="-1" uiRoot="3" buttonRoad="ActivityTopBar/Offset/BtnShop"/>
<openFunction id="14" name="神秘商人" openLevel="-1" taskId="-1" uiRoot="2" buttonRoad="null"/>
<openFunction id="15" name="荣誉商人" openLevel="-1" taskId="-1" uiRoot="2" buttonRoad="null"/>
<openFunction id="16" name="兵法" openLevel="45" taskId="-1" uiRoot="1" buttonRoad="ActivityBottom_Bar/Offset/btns/BtnTrain"/>
<openFunction id="17" name="熔炼" openLevel="25" taskId="-1" uiRoot="1" buttonRoad="ActivityBottom_Bar/Offset/btns/BtnTrain"/>
<openFunction id="18" name="团队副本" openLevel="-1" taskId="-1" uiRoot="2" buttonRoad="null"/>
<openFunction id="19" name="远征" openLevel="-1" taskId="-1" uiRoot="2" buttonRoad="null"/>
<openFunction id="20" name="伏魔塔" openLevel="30" taskId="-1" uiRoot="3" buttonRoad="ActivityTopBar/Offset/BtnActivityfuben"/>
<openFunction id="21" name="竞技场" openLevel="10" taskId="-1" uiRoot="1" buttonRoad="ActivityTopBar/Offset/BtnArena"/>
<openFunction id="22" name="帮派" openLevel="20" taskId="-1" uiRoot="1" buttonRoad="ActivityBottom_Bar/Offset/btns/BtnClan"/>
<openFunction id="23" name="充值" openLevel="-1" taskId="-1" uiRoot="2" buttonRoad="null"/>
<openFunction id="24" name="活动页面" openLevel="1" taskId="-1" uiRoot="2" buttonRoad="ActivityTopBar/Offset/BtnActivityfuben"/>
<openFunction id="25" name="游戏攻略" openLevel="-1" taskId="-1" uiRoot="1" buttonRoad="null"/>
<openFunction id="26" name="武将" openLevel="-1" taskId="-1" uiRoot="1" buttonRoad="ActivityBottom_Bar/Offset/btns/BtnEntourage"/>
<openFunction id="27" name="寻宝" openLevel="6" taskId="-1" uiRoot="1" buttonRoad="TaskTraceBar/offset/BtnGang"/>
<openFunction id="28" name="幻境活动" openLevel="15" taskId="-1" uiRoot="3" buttonRoad="ActivityTopBar/Offset/BtnActivityfuben"/>
<openFunction id="29" name="武将抽奖" openLevel="8" taskId="-1" uiRoot="3" buttonRoad="null"/>
<openFunction id="30" name="人物培养" openLevel="35" taskId="-1" uiRoot="1" buttonRoad="ActivityBottom_Bar/Offset/btns/BtnTrain"/>
<openFunction id="31" name="精英副本" openLevel="25" taskId="-1" uiRoot="1" buttonRoad="ActivityTopBar/Offset/BtnFuben"/>
<openFunction id="32" name="世界BOSS" openLevel="28" taskId="-1" uiRoot="3" buttonRoad="ActivityTopBar/Offset/BtnActivityfuben"/>
<openFunction id="33" name="深渊副本" openLevel="81" taskId="-1" uiRoot="1" buttonRoad="FuncBar/offset/FuncSp/BtnAchieve"/>
<openFunction id="34" name="技能-符文" openLevel="10" taskId="-1" uiRoot="1" buttonRoad="ActivityBottom_Bar/Offset/btns/BtnSkill"/>
<openFunction id="35" name="武将进阶" openLevel="36" taskId="-1" uiRoot="1" buttonRoad="null"/>
<openFunction id="36" name="技能1" openLevel="7" taskId="-1" uiRoot="1" buttonRoad="FuncBar/offset/FuncSp/ItemRoll0"/>
<openFunction id="37" name="技能2" openLevel="1" taskId="-1" uiRoot="1" buttonRoad="FuncBar/offset/FuncSp/ItemRoll1"/>
<openFunction id="38" name="技能3" openLevel="3" taskId="-1" uiRoot="1" buttonRoad="FuncBar/offset/FuncSp/ItemRoll2"/>
<openFunction id="39" name="技能4" openLevel="10" taskId="-1" uiRoot="1" buttonRoad="FuncBar/offset/FuncSp/ItemRoll3"/>
<openFunction id="40" name="排行榜" openLevel="1" taskId="-1" uiRoot="3" buttonRoad="TaskTraceBar/offset/BtnAllRank"/>
<openFunction id="41" name="武将进星" openLevel="31" taskId="-1" uiRoot="1" buttonRoad="null"/>
<openFunction id="42" name="守护女神" openLevel="50" taskId="-1" uiRoot="3" buttonRoad="null"/>
</root>