<root>
  <OperatingActivities id="2001" name="第1天" type="2" typename="七天登录" icon=" " desc="第1天" args="1" awards="100004:1" number="0" start="null" end="null"/>
  <OperatingActivities id="2002" name="第2天" type="2" typename="七天登录" icon=" " desc="第2天" args="2" awards="1090003:1" number="0" start="null" end="null"/>
  <OperatingActivities id="2003" name="第3天" type="2" typename="七天登录" icon=" " desc="第3天" args="3" awards="108021:1" number="0" start="null" end="null"/>
  <OperatingActivities id="2004" name="第4天" type="2" typename="七天登录" icon=" " desc="第4天" args="4" awards="101006:5" number="0" start="null" end="null"/>
  <OperatingActivities id="2005" name="第5天" type="2" typename="七天登录" icon=" " desc="第5天" args="5" awards="108021:3" number="0" start="null" end="null"/>
  <OperatingActivities id="2006" name="第6天" type="2" typename="七天登录" icon=" " desc="第6天" args="6" awards="101009:3" number="0" start="null" end="null"/>
  <OperatingActivities id="2007" name="第7天" type="2" typename="七天登录" icon=" " desc="第7天" args="7" awards="103001:1" number="0" start="null" end="null"/>
  <OperatingActivities id="3001" name="升级20级奖励" type="3" typename="等级礼包" icon="huodong_7" desc="等级达到20级获得奖励" args="20" awards="1200001:1;" number="0" start="null" end="null"/>
  <OperatingActivities id="3002" name="升级30级奖励" type="3" typename="等级礼包" icon="huodong_7" desc="等级达到30级获得奖励" args="30" awards="1200003:1;" number="0" start="null" end="null"/>
  <OperatingActivities id="3003" name="升级40级奖励" type="3" typename="等级礼包" icon="huodong_7" desc="等级达到40级获得奖励" args="40" awards="1200011:1;" number="0" start="null" end="null"/>
  <OperatingActivities id="3004" name="升级50级奖励" type="3" typename="等级礼包" icon="huodong_7" desc="等级达到50级获得奖励" args="50" awards="1200012:1;" number="0" start="null" end="null"/>
  <OperatingActivities id="3005" name="升级60级奖励" type="3" typename="等级礼包" icon="huodong_7" desc="等级达到60级获得奖励" args="60" awards="1200013:1;" number="0" start="null" end="null"/>
  <OperatingActivities id="4001" name="预充值200%倾情返利" type="4" typename="节日活动" icon="huodong_2" desc="封测预充值，不删档内测200%惊爆返利" args="2015-1-16" awards="101004:5;101007:10;" number="0" start="2015-6-1" end="2015-6-5"/>
  <OperatingActivities id="4002" name="测试充值返利" type="4" typename="节日活动" icon="huodong_2" desc="测试期间消费50钻石获得奖励" args="50" awards="102011:1;101001:3;" number="0" start="2015-6-1" end="2015-6-5"/>
  <OperatingActivities id="4003" name="测试登陆奖励" type="4" typename="节日活动" icon="huodong_2" desc="测试期间登陆5天获得奖励" args="5" awards="101005:3;101201:2;" number="0" start="2015-6-1" end="2015-6-5"/>
  <OperatingActivities id="4004" name="测试冲级礼包" type="4" typename="节日活动" icon="huodong_2" desc="测试期间达到50级获得奖励" args="5" awards="101202:3;101201:5;101001:5;" number="0" start="2015-6-1" end="2015-6-5"/>
  <OperatingActivities id="4005" name="测试消费礼包" type="4" typename="节日活动" icon="huodong_2" desc="测试期间消费500钻石获得奖励" args="500" awards="102007:1;101007:3;101008:3;" number="0" start="2015-6-1" end="2015-6-5"/>
  <OperatingActivities id="5001" name="累计充值50元" type="5" typename="累计返利" icon="huodong_4" desc="累计充值50元获得奖励" args="50" awards="106017:1;108015:1;101001:10;" number="0" start="null" end="null"/>
  <OperatingActivities id="5002" name="累计充值100元" type="5" typename="累计返利" icon="huodong_4" desc="累计充值100元获得奖励" args="100" awards="102011:5;108016:1;101001:20;" number="0" start="null" end="null"/>
  <OperatingActivities id="5003" name="累计充值300元" type="5" typename="累计返利" icon="huodong_4" desc="累计充值300元获得奖励" args="300" awards="106017:5;108009:1;101006:20;" number="0" start="null" end="null"/>
  <OperatingActivities id="5004" name="累计充值500元" type="5" typename="累计返利" icon="huodong_4" desc="累计充值500元获得奖励" args="500" awards="106017:10;108017:1;101006:30;" number="0" start="null" end="null"/>
  <OperatingActivities id="5005" name="累计充值1000元" type="5" typename="累计返利" icon="huodong_4" desc="累计充值1000元获得奖励" args="1000" awards="105001:20;106017:15;101008:20;108008:1;" number="0" start="null" end="null"/>
  <OperatingActivities id="5006" name="累计充值2000元" type="5" typename="累计返利" icon="huodong_4" desc="累计充值2000元获得奖励" args="2000" awards="105001:30;106017:20;101008:30;108018:1;" number="0" start="null" end="null"/>
  <OperatingActivities id="5007" name="累计充值5000元" type="5" typename="累计返利" icon="huodong_4" desc="累计充值5000元获得奖励" args="5000" awards="105004:70;106017:25;101009:30;108019:1;" number="0" start="null" end="null"/>
  <OperatingActivities id="5008" name="累计充值10000元" type="5" typename="累计返利" icon="huodong_4" desc="累计充值10000元获得奖励" args="10000" awards="105004:80;106017:30;101009:50;108020:1;" number="0" start="null" end="null"/>
  <OperatingActivities id="6001" name="单笔充值68元" type="6" typename="单笔返利" icon="huodong_7" desc="单笔充值68元获得奖励" args="68" awards="1200009:1;105103:10;" number="0" start="null" end="null"/>
  <OperatingActivities id="6002" name="单笔充值168元" type="6" typename="单笔返利" icon="huodong_7" desc="单笔充值168元获得奖励" args="168" awards="1200010:1;105103:20;" number="0" start="null" end="null"/>
  <OperatingActivities id="6003" name="单笔充值328元" type="6" typename="单笔返利" icon="huodong_7" desc="单笔充值328元获得奖励" args="328" awards="108007:1;105103:20;" number="0" start="null" end="null"/>
  <OperatingActivities id="7001" name="每日消耗2000钻石" type="7" typename="消费返利" icon="huodong_2" desc="每日消耗2000钻石获得奖励" args="2000" awards="106017:10;" number="0" start="null" end="null"/>
  <OperatingActivities id="8001" name="每日充值6元" type="8" typename="每日返利" icon="huodong_4" desc="每日充值6元获得奖励" args="6" awards="100003:1;101007:5;" number="0" start="null" end="null"/>
  <OperatingActivities id="8002" name="每日充值30元" type="8" typename="每日返利" icon="huodong_4" desc="每日充值30元获得奖励" args="30" awards="106017:1;101007:10;" number="0" start="null" end="null"/>
  <OperatingActivities id="8003" name="每日充值68元" type="8" typename="每日返利" icon="huodong_4" desc="每日充值68元获得奖励" args="68" awards="102011:5;101008:10;" number="0" start="null" end="null"/>
  <OperatingActivities id="8004" name="每日充值168元" type="8" typename="每日返利" icon="huodong_4" desc="每日充值168元获得奖励" args="168" awards="106017:5;101009:10;" number="0" start="null" end="null"/>
  <OperatingActivities id="9001" name="等级达到30级" type="9" typename="成长基金" icon="huodong_1" desc="等级达到30级获得奖励" args="30" awards="null" number="1000" start="null" end="null"/>
  <OperatingActivities id="9002" name="等级达到40级" type="9" typename="成长基金" icon="huodong_1" desc="等级达到40级获得奖励" args="40" awards="null" number="1000" start="null" end="null"/>
  <OperatingActivities id="9003" name="等级达到50级" type="9" typename="成长基金" icon="huodong_1" desc="等级达到50级获得奖励" args="50" awards="null" number="1000" start="null" end="null"/>
  <OperatingActivities id="9004" name="等级达到60级" type="9" typename="成长基金" icon="huodong_1" desc="等级达到60级获得奖励" args="60" awards="null" number="1000" start="null" end="null"/>
  <OperatingActivities id="9005" name="等级达到70级" type="9" typename="成长基金" icon="huodong_1" desc="等级达到70级获得奖励" args="70" awards="null" number="2000" start="null" end="null"/>
  <OperatingActivities id="9006" name="等级达到80级" type="9" typename="成长基金" icon="huodong_1" desc="等级达到80级获得奖励" args="80" awards="null" number="2000" start="null" end="null"/>
  <OperatingActivities id="10001" name="十连抽限时折扣" type="10" typename="周期活动" icon="huodong_1" desc="活动期间，钻石十连抽宝箱8折优惠！" args="0" awards="null" number="0" start="null" end="null"/>
  <OperatingActivities id="10002" name="体力翻倍送" type="10" typename="周期活动" icon="huodong_1" desc="活动期间，每日免费领取双倍体力！" args="0" awards="null" number="0" start="null" end="null"/>
  <OperatingActivities id="10003" name="体力翻倍送" type="10" typename="周期活动" icon="huodong_1" desc="活动期间，每日免费领取双倍体力！" args="0" awards="20101:1" number="0" start="null" end="null"/>
</root>