<root>
<part id="11100" partName="炎山火岭" section="0" Difficulty_level="1" mapId="1" number ="999" time="-1" LV="0" physical="10" roomID="11001#11002" hasBoss="1" part_map_res="Fuben23" partDesc="曹操初次大败，连儿子曹昂都阵亡了，只因缺钱少粮，不得招收大军！至此，曹操开始招收摸金校尉盗墓筹钱！" award="11006,11006," Prepart="0" nextpart="11101" itemDrop="101001,100002," NPC_ID="null" sceneItems="null" talkID="0"/>
<part id="11101" partName="迷幻魔林" section="1" Difficulty_level="1" mapId="2" number ="999" time="-1" LV="0" physical="10" roomID="11110#11111" hasBoss="0" part_map_res="Fuben19" partDesc="黄巾军混的最惨的灾民，死后依然最惨！" award="14000,14000,12013," Prepart="0" nextpart="11102" itemDrop="1031103,1041103,101001,100001," NPC_ID="null" sceneItems="1,5," talkID="0"/>
<part id="11102" partName="新城之原" section="1" Difficulty_level="1" mapId="2" number ="999" time="-1" LV="0" physical="10" roomID="11120#11121" hasBoss="0" part_map_res="Fuben16" partDesc="黄巾军精锐，想在精锐灾民手中夺食可不容易！" award="14000,14000,12013," Prepart="11101" nextpart="11103" itemDrop="1031103,1041103,101001,100001," NPC_ID="null" sceneItems="1,5," talkID="0"/>
<part id="11103" partName="丘陵地宫" section="1" Difficulty_level="1" mapId="2" number ="999" time="-1" LV="0" physical="10" roomID="11130#11131#11132" hasBoss="1" part_map_res="Fuben4" partDesc="此处为大贤良师张角衣冠冢，黄巾军战魂不灭，守卫财宝！ " award="14000,14000,12013," Prepart="11102" nextpart="11201" itemDrop="1031103,1041103,101001,100001," NPC_ID="null" sceneItems="1,5," talkID="0"/>
<part id="11201" partName="黑暗陵寝" section="1" Difficulty_level="1" mapId="3" number ="999" time="-1" LV="0" physical="10" roomID="11210#11211" hasBoss="0" part_map_res="Fuben7" partDesc="此处为大贤良师张角衣冠冢，黄巾军战魂不灭，守卫财宝！ " award="14000,14000,12013," Prepart="11103" nextpart="11202" itemDrop="1021103,101001,100001," NPC_ID="null" sceneItems="1,5," talkID="0"/>
<part id="11202" partName="月影墓地" section="1" Difficulty_level="1" mapId="3" number ="999" time="-1" LV="0" physical="10" roomID="11220#11221" hasBoss="0" part_map_res="Fuben14" partDesc="此处为大贤良师张角衣冠冢，黄巾军战魂不灭，守卫财宝！ " award="14000,14000,12013," Prepart="11201" nextpart="11203" itemDrop="1021103,101001,100001," NPC_ID="null" sceneItems="1,5," talkID="0"/>
<part id="11203" partName="地下陵宫" section="1" Difficulty_level="1" mapId="3" number ="999" time="-1" LV="0" physical="10" roomID="11230#11231" hasBoss="1" part_map_res="Fuben7" partDesc="此处为大贤良师张角衣冠冢，黄巾军战魂不灭，守卫财宝！ " award="14000,14000,12013," Prepart="11202" nextpart="11301" itemDrop="1021103,101001,100001," NPC_ID="null" sceneItems="1,5," talkID="0"/>
<part id="11301" partName="亡者之林" section="1" Difficulty_level="1" mapId="4" number ="999" time="-1" LV="0" physical="10" roomID="11310#11311#11312" hasBoss="0" part_map_res="Fuben17" partDesc="此处为大贤良师张角衣冠冢，黄巾军战魂不灭，守卫财宝！ " award="14000,14000,12013," Prepart="11203" nextpart="11302" itemDrop="1081103,101001,100001," NPC_ID="null" sceneItems="1,5," talkID="0"/>
<part id="11302" partName="幽暗荒漠" section="1" Difficulty_level="1" mapId="4" number ="999" time="-1" LV="0" physical="10" roomID="11320#11321" hasBoss="0" part_map_res="Fuben13" partDesc="此处为大贤良师张角衣冠冢，黄巾军战魂不灭，守卫财宝！ " award="14000,14000,12013," Prepart="11301" nextpart="11303" itemDrop="1081103,101001,100001," NPC_ID="null" sceneItems="1,5," talkID="0"/>
<part id="11303" partName="陵祭平原" section="1" Difficulty_level="1" mapId="4" number ="999" time="-1" LV="0" physical="10" roomID="11330#11331#11332" hasBoss="1" part_map_res="Fuben16" partDesc="此处为大贤良师张角衣冠冢，黄巾军战魂不灭，守卫财宝！ " award="14000,14000,12013," Prepart="11302" nextpart="11401" itemDrop="1081103,101001,100001," NPC_ID="null" sceneItems="1,5," talkID="0"/>
<part id="11401" partName="洪荒墓地" section="1" Difficulty_level="1" mapId="5" number ="999" time="-1" LV="0" physical="10" roomID="11410#11411" hasBoss="0" part_map_res="Fuben14" partDesc="此处为大贤良师张角衣冠冢，黄巾军战魂不灭，守卫财宝！ " award="14000,14000,12013," Prepart="11303" nextpart="11402" itemDrop="1011103,101001,100001," NPC_ID="null" sceneItems="1,5," talkID="0"/>
<part id="11402" partName="武帝寝宫" section="1" Difficulty_level="1" mapId="5" number ="999" time="-1" LV="0" physical="10" roomID="11420#11421" hasBoss="0" part_map_res="Fuben7" partDesc="此处为大贤良师张角衣冠冢，黄巾军战魂不灭，守卫财宝！ " award="14000,14000,12013," Prepart="11401" nextpart="11403" itemDrop="1011103,101001,100001," NPC_ID="null" sceneItems="1,5," talkID="0"/>
<part id="11403" partName="永陵地宫" section="1" Difficulty_level="1" mapId="5" number ="999" time="-1" LV="0" physical="10" roomID="11430#11431#11432" hasBoss="0" part_map_res="Fuben4" partDesc="此处为大贤良师张角衣冠冢，黄巾军战魂不灭，守卫财宝！ " award="14000,14000,12013," Prepart="11402" nextpart="11404" itemDrop="1011103,101001,100001," NPC_ID="null" sceneItems="1,5," talkID="0"/>
<part id="11404" partName="迷幻之林" section="1" Difficulty_level="1" mapId="5" number ="999" time="-1" LV="0" physical="10" roomID="11440#11441" hasBoss="1" part_map_res="Fuben22" partDesc="此处为大贤良师张角衣冠冢，黄巾军战魂不灭，守卫财宝！ " award="14000,14000,12013," Prepart="11403" nextpart="11501" itemDrop="1011103,101001,100001," NPC_ID="null" sceneItems="1,5," talkID="0"/>
<part id="11501" partName="密林平原" section="1" Difficulty_level="1" mapId="6" number ="999" time="-1" LV="0" physical="10" roomID="11510#11511" hasBoss="0" part_map_res="Fuben19" partDesc="此处为大贤良师张角衣冠冢，黄巾军战魂不灭，守卫财宝！ " award="14000,14000,12013," Prepart="11404" nextpart="11502" itemDrop="1071103,101001,100001," NPC_ID="null" sceneItems="1,5," talkID="0"/>
<part id="11502" partName="韩陵寝宫" section="1" Difficulty_level="1" mapId="6" number ="999" time="-1" LV="0" physical="10" roomID="11520#11521" hasBoss="0" part_map_res="Fuben7" partDesc="此处为大贤良师张角衣冠冢，黄巾军战魂不灭，守卫财宝！ " award="14000,14000,12013," Prepart="11501" nextpart="11503" itemDrop="1071103,101001,100001," NPC_ID="null" sceneItems="1,5," talkID="0"/>
<part id="11503" partName="幽暗之陵" section="1" Difficulty_level="1" mapId="6" number ="999" time="-1" LV="0" physical="10" roomID="11530#11531" hasBoss="0" part_map_res="Fuben14" partDesc="此处为大贤良师张角衣冠冢，黄巾军战魂不灭，守卫财宝！ " award="14000,14000,12013," Prepart="11502" nextpart="11504" itemDrop="1071103,101001,100001," NPC_ID="null" sceneItems="1,5," talkID="0"/>
<part id="11504" partName="乌桓祖陵" section="1" Difficulty_level="1" mapId="6" number ="999" time="-1" LV="0" physical="10" roomID="11540#11541#11542" hasBoss="0" part_map_res="Fuben4" partDesc="此处为大贤良师张角衣冠冢，黄巾军战魂不灭，守卫财宝！ " award="14000,14000,12013," Prepart="11503" nextpart="11505" itemDrop="1071103,101001,100001," NPC_ID="null" sceneItems="1,5," talkID="0"/>
<part id="11505" partName="死亡之林" section="1" Difficulty_level="1" mapId="6" number ="999" time="-1" LV="0" physical="10" roomID="11550#11551" hasBoss="1" part_map_res="Fuben22" partDesc="此处为大贤良师张角衣冠冢，黄巾军战魂不灭，守卫财宝！ " award="14000,14000,12013," Prepart="11504" nextpart="12100,21100" itemDrop="1071103,101001,100001," NPC_ID="null" sceneItems="1,5," talkID="0"/>
<part id="12100" partName="丘陵之城" section="2" Difficulty_level="1" mapId="7" number ="999" time="-1" LV="25" physical="10" roomID="21110#21111" hasBoss="0" part_map_res="Fuben13" partDesc="此处为大贤良师张角衣冠冢，黄巾军战魂不灭，守卫财宝！ " award="14000,14000,12014," Prepart="11505" nextpart="12101" itemDrop="1031203,1041203,101001,100001," NPC_ID="null" sceneItems="1,5," talkID="0"/>
<part id="12101" partName="蛮荒平原" section="2" Difficulty_level="1" mapId="7" number ="999" time="-1" LV="25" physical="10" roomID="21120#21121#21122" hasBoss="0" part_map_res="Fuben16" partDesc="此处为大贤良师张角衣冠冢，黄巾军战魂不灭，守卫财宝！ " award="14000,14000,12014," Prepart="12100" nextpart="12102" itemDrop="1031203,1041203,101001,100001," NPC_ID="null" sceneItems="1,5," talkID="0"/>
<part id="12102" partName="封穴禅台" section="2" Difficulty_level="1" mapId="7" number ="999" time="-1" LV="25" physical="10" roomID="21130#21131" hasBoss="0" part_map_res="Fuben7" partDesc="此处为大贤良师张角衣冠冢，黄巾军战魂不灭，守卫财宝！ " award="14000,14000,12014," Prepart="12101" nextpart="12103" itemDrop="1031203,1041203,101001,100001," NPC_ID="null" sceneItems="1,5," talkID="0"/>
<part id="12103" partName="江陵地窟" section="2" Difficulty_level="1" mapId="7" number ="999" time="-1" LV="25" physical="10" roomID="21140#21141#21142" hasBoss="1" part_map_res="Fuben4" partDesc="此处为大贤良师张角衣冠冢，黄巾军战魂不灭，守卫财宝！ " award="14000,14000,12014," Prepart="12102" nextpart="12200,22100" itemDrop="1031203,1041203,101001,100001," NPC_ID="null" sceneItems="1,5," talkID="0"/>
<part id="12200" partName="蛮荒之墓" section="2" Difficulty_level="1" mapId="8" number ="999" time="-1" LV="25" physical="10" roomID="21210#21211" hasBoss="0" part_map_res="Fuben14" partDesc="此处为大贤良师张角衣冠冢，黄巾军战魂不灭，守卫财宝！ " award="14000,14000,12014," Prepart="12103" nextpart="12201" itemDrop="1021203,101001,100001," NPC_ID="null" sceneItems="1,5," talkID="0"/>
<part id="12201" partName="魔域林" section="2" Difficulty_level="1" mapId="8" number ="999" time="-1" LV="25" physical="10" roomID="21220#21221#21222" hasBoss="0" part_map_res="Fuben17" partDesc="此处为大贤良师张角衣冠冢，黄巾军战魂不灭，守卫财宝！ " award="14000,14000,12014," Prepart="12200" nextpart="12202" itemDrop="1021203,101001,100001," NPC_ID="null" sceneItems="1,5," talkID="0"/>
<part id="12202" partName="黄金之城" section="2" Difficulty_level="1" mapId="8" number ="999" time="-1" LV="25" physical="10" roomID="21230#21231" hasBoss="0" part_map_res="Fuben13" partDesc="此处为大贤良师张角衣冠冢，黄巾军战魂不灭，守卫财宝！ " award="14000,14000,12014," Prepart="12201" nextpart="12203" itemDrop="1021203,101001,100001," NPC_ID="null" sceneItems="1,5," talkID="0"/>
<part id="12203" partName="冥雪之林" section="2" Difficulty_level="1" mapId="8" number ="999" time="-1" LV="25" physical="10" roomID="21240#21241#21242" hasBoss="1" part_map_res="Fuben12" partDesc="此处为大贤良师张角衣冠冢，黄巾军战魂不灭，守卫财宝！ " award="14000,14000,12014," Prepart="12202" nextpart="12300,22200" itemDrop="1021203,101001,100001," NPC_ID="null" sceneItems="1,5," talkID="0"/>
<part id="12300" partName="墓穴之陵" section="2" Difficulty_level="1" mapId="9" number ="999" time="-1" LV="25" physical="10" roomID="21310#21311#21312" hasBoss="0" part_map_res="Fuben4" partDesc="此处为大贤良师张角衣冠冢，黄巾军战魂不灭，守卫财宝！ " award="14000,14000,12014," Prepart="12203" nextpart="12301" itemDrop="1081203,101001,100001," NPC_ID="null" sceneItems="2,5," talkID="0"/>
<part id="12301" partName="诸陵地宫" section="2" Difficulty_level="1" mapId="9" number ="999" time="-1" LV="25" physical="10" roomID="21320#21321" hasBoss="0" part_map_res="Fuben7" partDesc="此处为大贤良师张角衣冠冢，黄巾军战魂不灭，守卫财宝！ " award="14000,14000,12014," Prepart="12300" nextpart="12302" itemDrop="1081203,101001,100001," NPC_ID="null" sceneItems="2,5," talkID="0"/>
<part id="12302" partName="黑暗陵宫" section="2" Difficulty_level="1" mapId="9" number ="999" time="-1" LV="25" physical="10" roomID="21330#21331" hasBoss="1" part_map_res="Fuben14" partDesc="此处为大贤良师张角衣冠冢，黄巾军战魂不灭，守卫财宝！ " award="14000,14000,12014," Prepart="12301" nextpart="12400,22300" itemDrop="1081203,101001,100001," NPC_ID="null" sceneItems="2,5," talkID="0"/>
<part id="12400" partName="幽暗冥地" section="2" Difficulty_level="1" mapId="10" number ="999" time="-1" LV="30" physical="10" roomID="21410#21411" hasBoss="0" part_map_res="Fuben22" partDesc="此处为大贤良师张角衣冠冢，黄巾军战魂不灭，守卫财宝！ " award="14001,14001,12014," Prepart="12302" nextpart="12401" itemDrop="1011203,201001,202001,101001,100001," NPC_ID="null" sceneItems="2,5," talkID="0"/>
<part id="12401" partName="苍莽密林" section="2" Difficulty_level="1" mapId="10" number ="999" time="-1" LV="30" physical="10" roomID="21420#21421" hasBoss="0" part_map_res="Fuben19" partDesc="此处为大贤良师张角衣冠冢，黄巾军战魂不灭，守卫财宝！ " award="14001,14001,12014," Prepart="12400" nextpart="12402" itemDrop="1011203,201001,202001,101001,100001," NPC_ID="null" sceneItems="2,5," talkID="0"/>
<part id="12402" partName="东郡墓陵" section="2" Difficulty_level="1" mapId="10" number ="999" time="-1" LV="30" physical="10" roomID="21430#21431#21432" hasBoss="0" part_map_res="Fuben4" partDesc="此处为大贤良师张角衣冠冢，黄巾军战魂不灭，守卫财宝！ " award="14001,14001,12014," Prepart="12401" nextpart="12403" itemDrop="1011203,201001,202001,101001,100001," NPC_ID="null" sceneItems="2,5," talkID="0"/>
<part id="12403" partName="暗雪阁" section="2" Difficulty_level="1" mapId="10" number ="999" time="-1" LV="30" physical="10" roomID="21440#21441#21442" hasBoss="1" part_map_res="Fuben12" partDesc="此处为大贤良师张角衣冠冢，黄巾军战魂不灭，守卫财宝！ " award="14001,14001,12014," Prepart="12402" nextpart="12500,22400" itemDrop="1011203,201001,202001,101001,100001," NPC_ID="null" sceneItems="2,5," talkID="0"/>
<part id="12500" partName="祁山之岭" section="2" Difficulty_level="1" mapId="11" number ="999" time="-1" LV="30" physical="10" roomID="21510#21511#21512" hasBoss="0" part_map_res="Fuben16" partDesc="此处为大贤良师张角衣冠冢，黄巾军战魂不灭，守卫财宝！ " award="14001,14001,12014," Prepart="12403" nextpart="12501" itemDrop="1001703,201001,202001,101001,100001," NPC_ID="null" sceneItems="3,5," talkID="0"/>
<part id="12501" partName="御龙林" section="2" Difficulty_level="1" mapId="11" number ="999" time="-1" LV="30" physical="10" roomID="21520#21521#21522" hasBoss="0" part_map_res="Fuben17" partDesc="此处为大贤良师张角衣冠冢，黄巾军战魂不灭，守卫财宝！ " award="14001,14001,12014," Prepart="12500" nextpart="12502" itemDrop="1001703,201001,202001,101001,100001," NPC_ID="null" sceneItems="3,5," talkID="0"/>
<part id="12502" partName="魔冥宫" section="2" Difficulty_level="1" mapId="11" number ="999" time="-1" LV="30" physical="10" roomID="21530#21531" hasBoss="1" part_map_res="Fuben14" partDesc="此处为大贤良师张角衣冠冢，黄巾军战魂不灭，守卫财宝！ " award="14001,14001,12014," Prepart="12501" nextpart="12600,22500" itemDrop="1001703,201001,202001,101001,100001," NPC_ID="null" sceneItems="3,5," talkID="0"/>
<part id="12600" partName="苍茫密林" section="2" Difficulty_level="1" mapId="12" number ="999" time="-1" LV="35" physical="10" roomID="21610#21611" hasBoss="0" part_map_res="Fuben22" partDesc="此处为大贤良师张角衣冠冢，黄巾军战魂不灭，守卫财宝！ " award="14002,14002,12014," Prepart="12502" nextpart="12601" itemDrop="1001203,201001,202001,101001,100001," NPC_ID="null" sceneItems="3,5," talkID="0"/>
<part id="12601" partName="亡灵墓寝" section="2" Difficulty_level="1" mapId="12" number ="999" time="-1" LV="35" physical="10" roomID="21620#21621#21622" hasBoss="0" part_map_res="Fuben4" partDesc="此处为大贤良师张角衣冠冢，黄巾军战魂不灭，守卫财宝！ " award="14002,14002,12014," Prepart="12600" nextpart="12602" itemDrop="1001203,201001,202001,101001,100001," NPC_ID="null" sceneItems="3,5," talkID="0"/>
<part id="12602" partName="幽暗巢穴" section="2" Difficulty_level="1" mapId="12" number ="999" time="-1" LV="35" physical="10" roomID="21630#21631" hasBoss="0" part_map_res="Fuben19" partDesc="黄巾军混的最惨的灾民，死后依然最惨！" award="14002,14002,12014," Prepart="12601" nextpart="12603" itemDrop="1001203,201001,202001,101001,100001," NPC_ID="null" sceneItems="3,5," talkID="0"/>
<part id="12603" partName="黑暗走廊" section="2" Difficulty_level="1" mapId="12" number ="999" time="-1" LV="35" physical="10" roomID="21640#21641" hasBoss="1" part_map_res="Fuben14" partDesc="黄巾军精锐，想在精锐灾民手中夺食可不容易！" award="14002,14002,12014," Prepart="12602" nextpart="13101,22600" itemDrop="1001203,201001,202001,101001,100001," NPC_ID="null" sceneItems="3,5," talkID="0"/>
<part id="13101" partName="王陵走廊" section="3" Difficulty_level="1" mapId="35" number ="999" time="-1" LV="38" physical="10" roomID="31110#31111" hasBoss="0" part_map_res="Fuben15" partDesc="黄巾军混的最惨的灾民，死后依然最惨！" award="14002,14002,12014," Prepart="12603" nextpart="13102" itemDrop="1031403,1041403,203001,204001,101001,100001," NPC_ID="null" sceneItems="5," talkID="0"/>
<part id="13102" partName="奇宝阁" section="3" Difficulty_level="1" mapId="35" number ="999" time="-1" LV="38" physical="10" roomID="31120#31121#31122" hasBoss="0" part_map_res="Fuben4" partDesc="黄巾军精锐，想在精锐灾民手中夺食可不容易！" award="14002,14002,12014," Prepart="13101" nextpart="13103" itemDrop="1031403,1041403,203001,204001,101001,100001," NPC_ID="null" sceneItems="3,5," talkID="0"/>
<part id="13103" partName="王陵暗阁" section="3" Difficulty_level="1" mapId="35" number ="999" time="-1" LV="38" physical="10" roomID="31130#31131" hasBoss="0" part_map_res="Fuben14" partDesc="此处为大贤良师张角衣冠冢，黄巾军战魂不灭，守卫财宝！ " award="14002,14002,12014," Prepart="13102" nextpart="13104" itemDrop="1031403,1041403,203001,204001,101001,100001," NPC_ID="null" sceneItems="3,5," talkID="0"/>
<part id="13104" partName="魏王宝殿" section="3" Difficulty_level="1" mapId="35" number ="999" time="-1" LV="38" physical="10" roomID="31140#31141" hasBoss="1" part_map_res="Fuben7" partDesc="此处为大贤良师张角衣冠冢，黄巾军战魂不灭，守卫财宝！ " award="14002,14002,12014," Prepart="13103" nextpart="13201,23100" itemDrop="1031403,1041403,203001,204001,101001,100001," NPC_ID="null" sceneItems="3,5," talkID="0"/>
<part id="13201" partName="陵墓回廊" section="3" Difficulty_level="1" mapId="36" number ="999" time="-1" LV="40" physical="10" roomID="31210#31211#31212" hasBoss="0" part_map_res="Fuben12" partDesc="此处为大贤良师张角衣冠冢，黄巾军战魂不灭，守卫财宝！ " award="14002,14002,12015," Prepart="13104" nextpart="13202" itemDrop="1021403,1041403,203001,204001,101001,100001," NPC_ID="null" sceneItems="3,5," talkID="0"/>
<part id="13202" partName="暗幽阁" section="3" Difficulty_level="1" mapId="36" number ="999" time="-1" LV="40" physical="10" roomID="31220#31221#31222" hasBoss="0" part_map_res="Fuben16" partDesc="此处为大贤良师张角衣冠冢，黄巾军战魂不灭，守卫财宝！ " award="14002,14002,12015," Prepart="13201" nextpart="13203" itemDrop="1021403,1041403,203001,204001,101001,100001," NPC_ID="null" sceneItems="3,5," talkID="0"/>
<part id="13203" partName="冥墓殿" section="3" Difficulty_level="1" mapId="36" number ="999" time="-1" LV="40" physical="10" roomID="31230#31231#31232" hasBoss="1" part_map_res="Fuben17" partDesc="此处为大贤良师张角衣冠冢，黄巾军战魂不灭，守卫财宝！ " award="14002,14002,12015," Prepart="13202" nextpart="13301,23200" itemDrop="1021403,1041403,203001,204001,101001,100001," NPC_ID="null" sceneItems="3,5," talkID="0"/>
<part id="13301" partName="蛮荒林" section="3" Difficulty_level="1" mapId="37" number ="999" time="-1" LV="40" physical="10" roomID="31310#31311" hasBoss="0" part_map_res="Fuben22" partDesc="此处为大贤良师张角衣冠冢，黄巾军战魂不灭，守卫财宝！ " award="14002,14002,12015," Prepart="13203" nextpart="13302" itemDrop="1081403,1041403,203001,204001,101001,100001," NPC_ID="null" sceneItems="3,5," talkID="0"/>
<part id="13302" partName="暗幽潭" section="3" Difficulty_level="1" mapId="37" number ="999" time="-1" LV="40" physical="10" roomID="31320#31321" hasBoss="1" part_map_res="Fuben19" partDesc="此处为大贤良师张角衣冠冢，黄巾军战魂不灭，守卫财宝！ " award="14002,14002,12015," Prepart="13301" nextpart="13303" itemDrop="1081403,1041403,203001,204001,101001,100001," NPC_ID="null" sceneItems="3,5," talkID="0"/>
<part id="13303" partName="蛮荒过道 " section="3" Difficulty_level="1" mapId="37" number ="999" time="-1" LV="40" physical="10" roomID="31330#31331" hasBoss="0" part_map_res="Fuben7" partDesc="此处为大贤良师张角衣冠冢，黄巾军战魂不灭，守卫财宝！ " award="14002,14002,12015," Prepart="13302" nextpart="13304" itemDrop="1081403,1041403,203001,204001,101001,100001," NPC_ID="null" sceneItems="3,5," talkID="0"/>
<part id="13304" partName="幽暗林殿" section="3" Difficulty_level="1" mapId="37" number ="999" time="-1" LV="40" physical="10" roomID="31340#31341#31342" hasBoss="1" part_map_res="Fuben4" partDesc="此处为大贤良师张角衣冠冢，黄巾军战魂不灭，守卫财宝！ " award="14002,14002,12015," Prepart="13303" nextpart="13401,23300" itemDrop="1081403,1041403,203001,204001,101001,100001," NPC_ID="null" sceneItems="3,5," talkID="0"/>
<part id="13401" partName="陵宫回廊" section="3" Difficulty_level="1" mapId="38" number ="999" time="-1" LV="45" physical="10" roomID="31410#31411#31412" hasBoss="0" part_map_res="Fuben12" partDesc="此处为大贤良师张角衣冠冢，黄巾军战魂不灭，守卫财宝！ " award="14002,14002,12015," Prepart="13304" nextpart="13402" itemDrop="1011403,1041403,203001,204001,101006," NPC_ID="null" sceneItems="4,5," talkID="0"/>
<part id="13402" partName="幽暗之地" section="3" Difficulty_level="1" mapId="38" number ="999" time="-1" LV="45" physical="10" roomID="31420#31421" hasBoss="1" part_map_res="Fuben15" partDesc="此处为大贤良师张角衣冠冢，黄巾军战魂不灭，守卫财宝！ " award="14002,14002,12015," Prepart="13401" nextpart="13403" itemDrop="1011403,1041403,203001,204001,101006," NPC_ID="null" sceneItems="5," talkID="0"/>
<part id="13403" partName="幽暗密室" section="3" Difficulty_level="1" mapId="38" number ="999" time="-1" LV="45" physical="10" roomID="31430#31431" hasBoss="0" part_map_res="Fuben7" partDesc="此处为大贤良师张角衣冠冢，黄巾军战魂不灭，守卫财宝！ " award="14002,14002,12015," Prepart="13402" nextpart="13404" itemDrop="1011403,1041403,203001,204001,101006," NPC_ID="null" sceneItems="4,5," talkID="0"/>
<part id="13404" partName="韩陵寝宫" section="3" Difficulty_level="1" mapId="38" number ="999" time="-1" LV="45" physical="10" roomID="31440#31441#31442" hasBoss="1" part_map_res="Fuben14" partDesc="此处为大贤良师张角衣冠冢，黄巾军战魂不灭，守卫财宝！ " award="14002,14002,12015," Prepart="13403" nextpart="13501,23400" itemDrop="1011403,1041403,203001,204001,101006," NPC_ID="null" sceneItems="4,5," talkID="0"/>
<part id="13501" partName="永陵阁" section="3" Difficulty_level="1" mapId="39" number ="999" time="-1" LV="45" physical="10" roomID="31510#31511" hasBoss="0" part_map_res="Fuben13" partDesc="此处为大贤良师张角衣冠冢，黄巾军战魂不灭，守卫财宝！ " award="14002,14002,12015," Prepart="13404" nextpart="13502" itemDrop="1071403,1041403,203001,204001,101006," NPC_ID="null" sceneItems="4,5," talkID="0"/>
<part id="13502" partName="幽暗回廊" section="3" Difficulty_level="1" mapId="39" number ="999" time="-1" LV="45" physical="10" roomID="31520#31521#31522" hasBoss="0" part_map_res="Fuben17" partDesc="此处为大贤良师张角衣冠冢，黄巾军战魂不灭，守卫财宝！ " award="14002,14002,12015," Prepart="13501" nextpart="13503" itemDrop="1071403,1041403,203001,204001,101006," NPC_ID="null" sceneItems="4,5," talkID="0"/>
<part id="13503" partName="蛮荒之墓" section="3" Difficulty_level="1" mapId="39" number ="999" time="-1" LV="45" physical="10" roomID="31530#31531#31532" hasBoss="1" part_map_res="Fuben16" partDesc="此处为大贤良师张角衣冠冢，黄巾军战魂不灭，守卫财宝！ " award="14002,14002,12015," Prepart="13502" nextpart="13504" itemDrop="1071403,1041403,203001,204001,101006," NPC_ID="null" sceneItems="4,5," talkID="0"/>
<part id="13504" partName="幽冥路" section="3" Difficulty_level="1" mapId="39" number ="999" time="-1" LV="45" physical="10" roomID="31540#31541" hasBoss="0" part_map_res="Fuben22" partDesc="此处为大贤良师张角衣冠冢，黄巾军战魂不灭，守卫财宝！ " award="14002,14002,12015," Prepart="13503" nextpart="13505" itemDrop="1071403,1041403,203001,204001,101006," NPC_ID="null" sceneItems="4,5," talkID="0"/>
<part id="13505" partName="永陵殿" section="3" Difficulty_level="1" mapId="39" number ="999" time="-1" LV="45" physical="10" roomID="31550#31551" hasBoss="1" part_map_res="Fuben19" partDesc="此处为大贤良师张角衣冠冢，黄巾军战魂不灭，守卫财宝！ " award="14002,14002,12015," Prepart="13504" nextpart="13601,23500" itemDrop="1071403,1041403,203001,204001,101006," NPC_ID="null" sceneItems="4,5," talkID="0"/>
<part id="13601" partName="幽灵路" section="3" Difficulty_level="1" mapId="40" number ="999" time="-1" LV="45" physical="10" roomID="31610#31611#31612" hasBoss="0" part_map_res="Fuben12" partDesc="此处为大贤良师张角衣冠冢，黄巾军战魂不灭，守卫财宝！ " award="14003,14003,12015," Prepart="13505" nextpart="13602" itemDrop="1001403,1041403,203001,204001,101006," NPC_ID="null" sceneItems="4,5," talkID="0"/>
<part id="13602" partName="蛮荒阁" section="3" Difficulty_level="1" mapId="40" number ="999" time="-1" LV="45" physical="10" roomID="31620#31621" hasBoss="1" part_map_res="Fuben15" partDesc="此处为大贤良师张角衣冠冢，黄巾军战魂不灭，守卫财宝！ " award="14003,14003,12015," Prepart="13601" nextpart="13603" itemDrop="1001403,1041403,203001,204001,101006," NPC_ID="null" sceneItems="5," talkID="0"/>
<part id="13603" partName="幽灵走廊" section="3" Difficulty_level="1" mapId="40" number ="999" time="-1" LV="45" physical="10" roomID="31630#31631" hasBoss="0" part_map_res="Fuben7" partDesc="此处为大贤良师张角衣冠冢，黄巾军战魂不灭，守卫财宝！ " award="14003,14003,12015," Prepart="13602" nextpart="13604" itemDrop="1001403,1041403,203001,204001,101006," NPC_ID="null" sceneItems="4,5," talkID="0"/>
<part id="13604" partName="幽暗密林" section="3" Difficulty_level="1" mapId="40" number ="999" time="-1" LV="45" physical="10" roomID="31640#31641#31642" hasBoss="0" part_map_res="Fuben4" partDesc="此处为大贤良师张角衣冠冢，黄巾军战魂不灭，守卫财宝！ " award="14003,14003,12015," Prepart="13603" nextpart="13605" itemDrop="1001403,1041403,203001,204001,101006," NPC_ID="null" sceneItems="4,5," talkID="0"/>
<part id="13605" partName="蛮荒殿" section="3" Difficulty_level="1" mapId="40" number ="999" time="-1" LV="50" physical="10" roomID="31650#31651" hasBoss="1" part_map_res="Fuben14" partDesc="此处为大贤良师张角衣冠冢，黄巾军战魂不灭，守卫财宝！ " award="14003,14003,12015," Prepart="13604" nextpart="14100,23600" itemDrop="1001403,1041403,203001,204001,101006," NPC_ID="null" sceneItems="4,5," talkID="0"/>
<part id="14100" partName="陵墓殿 " section="4" Difficulty_level="1" mapId="53" number ="999" time="-1" LV="50" physical="10" roomID="41110#41111" hasBoss="0" part_map_res="Fuben13" partDesc="此处为大贤良师张角衣冠冢，黄巾军战魂不灭，守卫财宝！ " award="14003,14003,12015," Prepart="13605" nextpart="14101" itemDrop="1031403,1041403,205001,206001,101006," NPC_ID="null" sceneItems="4,5," talkID="0"/>
<part id="14101" partName="靖王墓道" section="4" Difficulty_level="1" mapId="53" number ="999" time="-1" LV="50" physical="10" roomID="41120#41121#41122" hasBoss="1" part_map_res="Fuben17" partDesc="此处为大贤良师张角衣冠冢，黄巾军战魂不灭，守卫财宝！ " award="14003,14003,12015," Prepart="14100" nextpart="14102" itemDrop="1031403,1041403,205001,206001,101006," NPC_ID="null" sceneItems="4,5," talkID="0"/>
<part id="14102" partName="藏宝阁 " section="4" Difficulty_level="1" mapId="53" number ="999" time="-1" LV="50" physical="10" roomID="41130#41131#41132" hasBoss="0" part_map_res="Fuben16" partDesc="此处为大贤良师张角衣冠冢，黄巾军战魂不灭，守卫财宝！ " award="14003,14003,12015," Prepart="14101" nextpart="14103" itemDrop="1031403,1041403,205001,206001,101006," NPC_ID="null" sceneItems="4,5," talkID="0"/>
<part id="14103" partName="陵墓之心" section="4" Difficulty_level="1" mapId="53" number ="999" time="-1" LV="50" physical="10" roomID="41140#41141" hasBoss="1" part_map_res="Fuben22" partDesc="此处为大贤良师张角衣冠冢，黄巾军战魂不灭，守卫财宝！ " award="14003,14003,12015," Prepart="14102" nextpart="14200,24100" itemDrop="1031403,1041403,205001,206001,101006," NPC_ID="null" sceneItems="4,5," talkID="0"/>
<part id="14200" partName="仙藏殿" section="4" Difficulty_level="1" mapId="54" number ="999" time="-1" LV="50" physical="10" roomID="41150#41151" hasBoss="0" part_map_res="Fuben19" partDesc="此处为大贤良师张角衣冠冢，黄巾军战魂不灭，守卫财宝！ " award="14003,14003,12015," Prepart="14103" nextpart="14201" itemDrop="1021403,1041403,205001,206001,101006," NPC_ID="null" sceneItems="4,5," talkID="0"/>
<part id="14201" partName="不死之路" section="4" Difficulty_level="1" mapId="54" number ="999" time="-1" LV="50" physical="10" roomID="41160#41161" hasBoss="1" part_map_res="Fuben7" partDesc="此处为大贤良师张角衣冠冢，黄巾军战魂不灭，守卫财宝！ " award="14003,14003,12015," Prepart="14200" nextpart="14202" itemDrop="1021403,1041403,205001,206001,101006," NPC_ID="null" sceneItems="4,5," talkID="0"/>
<part id="14202" partName="水晶宝阁" section="4" Difficulty_level="1" mapId="54" number ="999" time="-1" LV="50" physical="10" roomID="41170#41171#41172" hasBoss="0" part_map_res="Fuben4" partDesc="此处为大贤良师张角衣冠冢，黄巾军战魂不灭，守卫财宝！ " award="14003,14003,12015," Prepart="14201" nextpart="14203" itemDrop="1021403,1041403,205001,206001,101006," NPC_ID="null" sceneItems="4,5," talkID="0"/>
<part id="14203" partName="魔冥宫" section="4" Difficulty_level="1" mapId="54" number ="999" time="-1" LV="50" physical="10" roomID="41180#41181#41182" hasBoss="1" part_map_res="Fuben12" partDesc="此处为大贤良师张角衣冠冢，黄巾军战魂不灭，守卫财宝！ " award="14003,14003,12015," Prepart="14202" nextpart="14300,24200" itemDrop="1021403,1041403,205001,206001,101006," NPC_ID="null" sceneItems="4,5," talkID="0"/>
<part id="14300" partName="魔陵殿" section="4" Difficulty_level="1" mapId="55" number ="999" time="-1" LV="50" physical="10" roomID="41190#41191" hasBoss="0" part_map_res="Fuben15" partDesc="此处为大贤良师张角衣冠冢，黄巾军战魂不灭，守卫财宝！ " award="14003,14003,12015," Prepart="14203" nextpart="14301" itemDrop="1081403,1041403,205001,206001,101006," NPC_ID="null" sceneItems="5," talkID="0"/>
<part id="14301" partName="冥啸阁" section="4" Difficulty_level="1" mapId="55" number ="999" time="-1" LV="50" physical="10" roomID="41200#41201#41202" hasBoss="0" part_map_res="Fuben14" partDesc="此处为大贤良师张角衣冠冢，黄巾军战魂不灭，守卫财宝！ " award="14003,14003,12015," Prepart="14300" nextpart="14302" itemDrop="1081403,1041403,205001,206001,101006," NPC_ID="null" sceneItems="4,5," talkID="0"/>
<part id="14302" partName="魔冥陵宫" section="4" Difficulty_level="1" mapId="55" number ="999" time="-1" LV="50" physical="10" roomID="41210#41211" hasBoss="1" part_map_res="Fuben7" partDesc="此处为大贤良师张角衣冠冢，黄巾军战魂不灭，守卫财宝！ " award="14003,14003,12015," Prepart="14301" nextpart="14400,24300" itemDrop="1081403,1041403,205001,206001,101006," NPC_ID="null" sceneItems="4,5," talkID="0"/>
<part id="14400" partName="冥墓殿" section="4" Difficulty_level="1" mapId="56" number ="999" time="-1" LV="55" physical="10" roomID="41220#41221" hasBoss="0" part_map_res="Fuben13" partDesc="此处为大贤良师张角衣冠冢，黄巾军战魂不灭，守卫财宝！ " award="14003,14003,12015," Prepart="14302" nextpart="14401" itemDrop="1011403,1041403,205001,206001,101007," NPC_ID="null" sceneItems="4,5," talkID="0"/>
<part id="14401" partName="陵宫宝阁" section="4" Difficulty_level="1" mapId="56" number ="999" time="-1" LV="55" physical="10" roomID="41230#41231#41232" hasBoss="1" part_map_res="Fuben17" partDesc="此处为大贤良师张角衣冠冢，黄巾军战魂不灭，守卫财宝！ " award="14003,14003,12015," Prepart="14400" nextpart="14402" itemDrop="1011403,1041403,205001,206001,101007," NPC_ID="null" sceneItems="4,5," talkID="0"/>
<part id="14402" partName="墓穴过道" section="4" Difficulty_level="1" mapId="56" number ="999" time="-1" LV="55" physical="10" roomID="41240#41241#41242" hasBoss="0" part_map_res="Fuben16" partDesc="此处为大贤良师张角衣冠冢，黄巾军战魂不灭，守卫财宝！ " award="14003,14003,12015," Prepart="14401" nextpart="14403" itemDrop="1011403,1041403,205001,206001,101007," NPC_ID="null" sceneItems="4,5," talkID="0"/>
<part id="14403" partName="陵宫魔殿" section="4" Difficulty_level="1" mapId="56" number ="999" time="-1" LV="55" physical="10" roomID="41250#41251" hasBoss="1" part_map_res="Fuben22" partDesc="此处为大贤良师张角衣冠冢，黄巾军战魂不灭，守卫财宝！ " award="14003,14003,12015," Prepart="14402" nextpart="14500,24400" itemDrop="1011403,1041403,205001,206001,101007," NPC_ID="null" sceneItems="4,5," talkID="0"/>
<part id="14500" partName="长安郊外" section="4" Difficulty_level="1" mapId="57" number ="999" time="-1" LV="55" physical="10" roomID="41260#41261" hasBoss="0" part_map_res="Fuben7" partDesc="此处为大贤良师张角衣冠冢，黄巾军战魂不灭，守卫财宝！ " award="14003,14003,12015," Prepart="14403" nextpart="14501" itemDrop="1071403,1041403,205001,206001,101007," NPC_ID="null" sceneItems="4,5," talkID="0"/>
<part id="14501" partName="大校场 " section="4" Difficulty_level="1" mapId="57" number ="999" time="-1" LV="55" physical="10" roomID="41270#41271#41272" hasBoss="0" part_map_res="Fuben4" partDesc="此处为大贤良师张角衣冠冢，黄巾军战魂不灭，守卫财宝！ " award="14003,14003,12015," Prepart="14500" nextpart="14502" itemDrop="1071403,1041403,205001,206001,101007," NPC_ID="null" sceneItems="4,5," talkID="0"/>
<part id="14502" partName="陵宫之殿" section="4" Difficulty_level="1" mapId="57" number ="999" time="-1" LV="55" physical="10" roomID="41280#41281#41282" hasBoss="1" part_map_res="Fuben14" partDesc="此处为大贤良师张角衣冠冢，黄巾军战魂不灭，守卫财宝！ " award="14003,14003,12015," Prepart="14501" nextpart="14600,24500" itemDrop="1071403,1041403,205001,206001,101007," NPC_ID="null" sceneItems="4,5," talkID="0"/>
<part id="14600" partName="乌巢" section="4" Difficulty_level="1" mapId="58" number ="999" time="-1" LV="55" physical="10" roomID="41290#41291#41292" hasBoss="0" part_map_res="Fuben17" partDesc="此处为大贤良师张角衣冠冢，黄巾军战魂不灭，守卫财宝！ " award="14003,14003,12015," Prepart="14502" nextpart="14601" itemDrop="1001403,1041403,205001,206001,101007," NPC_ID="null" sceneItems="4,5," talkID="0"/>
<part id="14601" partName="白马" section="4" Difficulty_level="1" mapId="58" number ="999" time="-1" LV="55" physical="10" roomID="41300#41301#41302" hasBoss="1" part_map_res="Fuben16" partDesc="此处为大贤良师张角衣冠冢，黄巾军战魂不灭，守卫财宝！ " award="14003,14003,12015," Prepart="14600" nextpart="14602" itemDrop="1001403,1041403,205001,206001,101007," NPC_ID="null" sceneItems="4,5," talkID="0"/>
<part id="14602" partName="河岸渡口" section="4" Difficulty_level="1" mapId="58" number ="999" time="-1" LV="55" physical="10" roomID="41310#41311" hasBoss="0" part_map_res="Fuben22" partDesc="黄巾军混的最惨的灾民，死后依然最惨！" award="14003,14003,12015," Prepart="14601" nextpart="14603" itemDrop="1001403,1041403,205001,206001,101007," NPC_ID="null" sceneItems="4,5," talkID="0"/>
<part id="14603" partName="许昌" section="4" Difficulty_level="1" mapId="58" number ="999" time="-1" LV="55" physical="10" roomID="41320#41321" hasBoss="1" part_map_res="Fuben19" partDesc="黄巾军精锐，想在精锐灾民手中夺食可不容易！" award="14003,14003,12015," Prepart="14602" nextpart="15100,24600" itemDrop="1001403,1041403,205001,206001,101007," NPC_ID="null" sceneItems="4,5," talkID="0"/>
<part id="15100" partName="陵墓殿 " section="5" Difficulty_level="1" mapId="71" number ="999" time="-1" LV="60" physical="10" roomID="51110#51111" hasBoss="0" part_map_res="Fuben13" partDesc="此处为大贤良师张角衣冠冢，黄巾军战魂不灭，守卫财宝！ " award="14003,14003,12016," Prepart="14603" nextpart="15101" itemDrop="1031603,1041603,205001,101007,101006," NPC_ID="null" sceneItems="4,5," talkID="0"/>
<part id="15101" partName="靖王墓道" section="5" Difficulty_level="1" mapId="71" number ="999" time="-1" LV="60" physical="10" roomID="51120#51121#51122" hasBoss="1" part_map_res="Fuben17" partDesc="此处为大贤良师张角衣冠冢，黄巾军战魂不灭，守卫财宝！ " award="14003,14003,12016," Prepart="15100" nextpart="15102" itemDrop="1031603,1041603,205001,101007,101006," NPC_ID="null" sceneItems="4,5," talkID="0"/>
<part id="15102" partName="藏宝阁 " section="5" Difficulty_level="1" mapId="71" number ="999" time="-1" LV="60" physical="10" roomID="51130#51131#51132" hasBoss="0" part_map_res="Fuben16" partDesc="此处为大贤良师张角衣冠冢，黄巾军战魂不灭，守卫财宝！ " award="14003,14003,12016," Prepart="15101" nextpart="15103" itemDrop="1031603,1041603,205001,101007,101006," NPC_ID="null" sceneItems="4,5," talkID="0"/>
<part id="15103" partName="陵墓之心" section="5" Difficulty_level="1" mapId="71" number ="999" time="-1" LV="60" physical="10" roomID="51140#51141" hasBoss="1" part_map_res="Fuben22" partDesc="此处为大贤良师张角衣冠冢，黄巾军战魂不灭，守卫财宝！ " award="14003,14003,12016," Prepart="15102" nextpart="15200,25100" itemDrop="1031603,1041603,205001,101007,101006," NPC_ID="null" sceneItems="4,5," talkID="0"/>
<part id="15200" partName="仙藏殿" section="5" Difficulty_level="1" mapId="72" number ="999" time="-1" LV="60" physical="10" roomID="51150#51151" hasBoss="0" part_map_res="Fuben19" partDesc="此处为大贤良师张角衣冠冢，黄巾军战魂不灭，守卫财宝！ " award="14003,14003,12016," Prepart="15103" nextpart="15201" itemDrop="1021603,1041603,205001,101007,101006," NPC_ID="null" sceneItems="4,5," talkID="0"/>
<part id="15201" partName="不死之路" section="5" Difficulty_level="1" mapId="72" number ="999" time="-1" LV="60" physical="10" roomID="51160#51161" hasBoss="1" part_map_res="Fuben7" partDesc="此处为大贤良师张角衣冠冢，黄巾军战魂不灭，守卫财宝！ " award="14003,14003,12016," Prepart="15200" nextpart="15202" itemDrop="1021603,1041603,205001,101007,101006," NPC_ID="null" sceneItems="4,5," talkID="0"/>
<part id="15202" partName="水晶宝阁" section="5" Difficulty_level="1" mapId="72" number ="999" time="-1" LV="60" physical="10" roomID="51170#51171#51172" hasBoss="0" part_map_res="Fuben4" partDesc="此处为大贤良师张角衣冠冢，黄巾军战魂不灭，守卫财宝！ " award="14003,14003,12016," Prepart="15201" nextpart="15203" itemDrop="1021603,1041603,205001,101007,101006," NPC_ID="null" sceneItems="4,5," talkID="0"/>
<part id="15203" partName="魔冥宫" section="5" Difficulty_level="1" mapId="72" number ="999" time="-1" LV="60" physical="10" roomID="51180#51181#51182" hasBoss="1" part_map_res="Fuben12" partDesc="此处为大贤良师张角衣冠冢，黄巾军战魂不灭，守卫财宝！ " award="14003,14003,12016," Prepart="15202" nextpart="15300,25200" itemDrop="1021603,1041603,205001,101007,101006," NPC_ID="null" sceneItems="4,5," talkID="0"/>
<part id="15300" partName="魔陵殿" section="5" Difficulty_level="1" mapId="73" number ="999" time="-1" LV="60" physical="10" roomID="51190#51191" hasBoss="0" part_map_res="Fuben15" partDesc="此处为大贤良师张角衣冠冢，黄巾军战魂不灭，守卫财宝！ " award="14003,14003,12016," Prepart="15203" nextpart="15301" itemDrop="1081603,1041603,205001,101007,101006," NPC_ID="null" sceneItems="5," talkID="0"/>
<part id="15301" partName="冥啸阁" section="5" Difficulty_level="1" mapId="73" number ="999" time="-1" LV="60" physical="10" roomID="51200#51201#51202" hasBoss="0" part_map_res="Fuben14" partDesc="此处为大贤良师张角衣冠冢，黄巾军战魂不灭，守卫财宝！ " award="14003,14003,12016," Prepart="15300" nextpart="15302" itemDrop="1081603,1041603,205001,101007,101006," NPC_ID="null" sceneItems="4,5," talkID="0"/>
<part id="15302" partName="魔冥陵宫" section="5" Difficulty_level="1" mapId="73" number ="999" time="-1" LV="60" physical="10" roomID="51210#51211" hasBoss="1" part_map_res="Fuben7" partDesc="此处为大贤良师张角衣冠冢，黄巾军战魂不灭，守卫财宝！ " award="14003,14003,12016," Prepart="15301" nextpart="15400,25300" itemDrop="1081603,1041603,205001,101007,101006," NPC_ID="null" sceneItems="4,5," talkID="0"/>
<part id="15400" partName="陵墓殿" section="5" Difficulty_level="1" mapId="74" number ="999" time="-1" LV="65" physical="10" roomID="51220#51221" hasBoss="0" part_map_res="Fuben13" partDesc="此处为大贤良师张角衣冠冢，黄巾军战魂不灭，守卫财宝！ " award="14003,14003,12016," Prepart="15302" nextpart="15401" itemDrop="1011603,1041603,205001,101006,101007," NPC_ID="null" sceneItems="4,5," talkID="0"/>
<part id="15401" partName="陵宫宝阁" section="5" Difficulty_level="1" mapId="74" number ="999" time="-1" LV="65" physical="10" roomID="51230#51231#51232" hasBoss="1" part_map_res="Fuben17" partDesc="此处为大贤良师张角衣冠冢，黄巾军战魂不灭，守卫财宝！ " award="14003,14003,12016," Prepart="15400" nextpart="15402" itemDrop="1011603,1041603,205001,101006,101007," NPC_ID="null" sceneItems="4,5," talkID="0"/>
<part id="15402" partName="墓穴过道" section="5" Difficulty_level="1" mapId="74" number ="999" time="-1" LV="65" physical="10" roomID="51240#51241#51242" hasBoss="0" part_map_res="Fuben16" partDesc="此处为大贤良师张角衣冠冢，黄巾军战魂不灭，守卫财宝！ " award="14003,14003,12016," Prepart="15401" nextpart="15403" itemDrop="1011603,1041603,205001,101006,101007," NPC_ID="null" sceneItems="4,5," talkID="0"/>
<part id="15403" partName="陵宫魔殿" section="5" Difficulty_level="1" mapId="74" number ="999" time="-1" LV="65" physical="10" roomID="51250#51251" hasBoss="1" part_map_res="Fuben22" partDesc="此处为大贤良师张角衣冠冢，黄巾军战魂不灭，守卫财宝！ " award="14003,14003,12016," Prepart="15402" nextpart="15500,25400" itemDrop="1011603,1041603,205001,101006,101007," NPC_ID="null" sceneItems="4,5," talkID="0"/>
<part id="15500" partName="长安郊外" section="5" Difficulty_level="1" mapId="75" number ="999" time="-1" LV="65" physical="10" roomID="51260#51261" hasBoss="0" part_map_res="Fuben7" partDesc="此处为大贤良师张角衣冠冢，黄巾军战魂不灭，守卫财宝！ " award="14003,14003,12016," Prepart="15403" nextpart="15501" itemDrop="1071603,1041603,205001,101006,101007," NPC_ID="null" sceneItems="4,5," talkID="0"/>
<part id="15501" partName="大校场 " section="5" Difficulty_level="1" mapId="75" number ="999" time="-1" LV="65" physical="10" roomID="51270#51271#51272" hasBoss="0" part_map_res="Fuben4" partDesc="此处为大贤良师张角衣冠冢，黄巾军战魂不灭，守卫财宝！ " award="14003,14003,12016," Prepart="15500" nextpart="15502" itemDrop="1071603,1041603,205001,101006,101007," NPC_ID="null" sceneItems="4,5," talkID="0"/>
<part id="15502" partName="陵宫之殿" section="5" Difficulty_level="1" mapId="75" number ="999" time="-1" LV="65" physical="10" roomID="51280#51281#51282" hasBoss="1" part_map_res="Fuben14" partDesc="此处为大贤良师张角衣冠冢，黄巾军战魂不灭，守卫财宝！ " award="14003,14003,12016," Prepart="15501" nextpart="15600,25500" itemDrop="1071603,1041603,205001,101006,101007," NPC_ID="null" sceneItems="4,5," talkID="0"/>
<part id="15600" partName="乌巢" section="5" Difficulty_level="1" mapId="76" number ="999" time="-1" LV="65" physical="10" roomID="51290#51291#51292" hasBoss="0" part_map_res="Fuben17" partDesc="此处为大贤良师张角衣冠冢，黄巾军战魂不灭，守卫财宝！ " award="14003,14003,12016," Prepart="15502" nextpart="15601" itemDrop="1001603,1041603,205001,101006,101007," NPC_ID="null" sceneItems="4,5," talkID="0"/>
<part id="15601" partName="白马" section="5" Difficulty_level="1" mapId="76" number ="999" time="-1" LV="65" physical="10" roomID="51300#51301#51302" hasBoss="1" part_map_res="Fuben16" partDesc="此处为大贤良师张角衣冠冢，黄巾军战魂不灭，守卫财宝！ " award="14003,14003,12016," Prepart="15600" nextpart="15602" itemDrop="1001603,1041603,205001,101006,101007," NPC_ID="null" sceneItems="4,5," talkID="0"/>
<part id="15602" partName="河岸渡口" section="5" Difficulty_level="1" mapId="76" number ="999" time="-1" LV="65" physical="10" roomID="51310#51311" hasBoss="0" part_map_res="Fuben22" partDesc="黄巾军混的最惨的灾民，死后依然最惨！" award="14003,14003,12016," Prepart="15601" nextpart="15603" itemDrop="1001603,1041603,205001,101006,101007," NPC_ID="null" sceneItems="4,5," talkID="0"/>
<part id="15603" partName="许昌" section="5" Difficulty_level="1" mapId="76" number ="999" time="-1" LV="65" physical="10" roomID="51320#51321" hasBoss="1" part_map_res="Fuben19" partDesc="黄巾军精锐，想在精锐灾民手中夺食可不容易！" award="14003,14003,12016," Prepart="15602" nextpart="16100,25600" itemDrop="1001603,1041603,205001,101006,101007," NPC_ID="null" sceneItems="4,5," talkID="0"/>
<part id="16100" partName="陵墓殿 " section="6" Difficulty_level="1" mapId="71" number ="999" time="-1" LV="70" physical="10" roomID="61110#61111" hasBoss="0" part_map_res="Fuben13" partDesc="此处为大贤良师张角衣冠冢，黄巾军战魂不灭，守卫财宝！ " award="14003,14003,12016," Prepart="15603" nextpart="16101" itemDrop="101001,206001,104003,104001," NPC_ID="null" sceneItems="4,5," talkID="0"/>
<part id="16101" partName="靖王墓道" section="6" Difficulty_level="1" mapId="71" number ="999" time="-1" LV="70" physical="10" roomID="61120#61121#61122" hasBoss="1" part_map_res="Fuben17" partDesc="此处为大贤良师张角衣冠冢，黄巾军战魂不灭，守卫财宝！ " award="14003,14003,12016," Prepart="16100" nextpart="16102" itemDrop="101001,206001,104003,104001," NPC_ID="null" sceneItems="4,5," talkID="0"/>
<part id="16102" partName="藏宝阁 " section="6" Difficulty_level="1" mapId="71" number ="999" time="-1" LV="70" physical="10" roomID="61130#61131#61132" hasBoss="0" part_map_res="Fuben16" partDesc="此处为大贤良师张角衣冠冢，黄巾军战魂不灭，守卫财宝！ " award="14003,14003,12016," Prepart="16101" nextpart="16103" itemDrop="101001,206001,104003,104001," NPC_ID="null" sceneItems="4,5," talkID="0"/>
<part id="16103" partName="陵墓之心" section="6" Difficulty_level="1" mapId="71" number ="999" time="-1" LV="70" physical="10" roomID="61140#61141" hasBoss="1" part_map_res="Fuben22" partDesc="此处为大贤良师张角衣冠冢，黄巾军战魂不灭，守卫财宝！ " award="14003,14003,12016," Prepart="16102" nextpart="16200,26100" itemDrop="101001,206001,104003,104001," NPC_ID="null" sceneItems="4,5," talkID="0"/>
<part id="16200" partName="仙藏殿" section="6" Difficulty_level="1" mapId="72" number ="999" time="-1" LV="70" physical="10" roomID="61150#61161" hasBoss="0" part_map_res="Fuben19" partDesc="此处为大贤良师张角衣冠冢，黄巾军战魂不灭，守卫财宝！ " award="14003,14003,12016," Prepart="16103" nextpart="16201" itemDrop="101001,206001,104003,104001," NPC_ID="null" sceneItems="4,5," talkID="0"/>
<part id="16201" partName="不死之路" section="6" Difficulty_level="1" mapId="72" number ="999" time="-1" LV="70" physical="10" roomID="61160#61161" hasBoss="1" part_map_res="Fuben7" partDesc="此处为大贤良师张角衣冠冢，黄巾军战魂不灭，守卫财宝！ " award="14003,14003,12016," Prepart="16200" nextpart="16202" itemDrop="101001,206001,104003,104001," NPC_ID="null" sceneItems="4,5," talkID="0"/>
<part id="16202" partName="水晶宝阁" section="6" Difficulty_level="1" mapId="72" number ="999" time="-1" LV="70" physical="10" roomID="61170#61171#61172" hasBoss="0" part_map_res="Fuben4" partDesc="此处为大贤良师张角衣冠冢，黄巾军战魂不灭，守卫财宝！ " award="14003,14003,12016," Prepart="16201" nextpart="16203" itemDrop="101001,206001,104003,104001," NPC_ID="null" sceneItems="4,5," talkID="0"/>
<part id="16203" partName="魔冥宫" section="6" Difficulty_level="1" mapId="72" number ="999" time="-1" LV="70" physical="10" roomID="61180#61181#61182" hasBoss="1" part_map_res="Fuben12" partDesc="此处为大贤良师张角衣冠冢，黄巾军战魂不灭，守卫财宝！ " award="14003,14003,12016," Prepart="16202" nextpart="16300,26200" itemDrop="101001,206001,104003,104001," NPC_ID="null" sceneItems="4,5," talkID="0"/>
<part id="16300" partName="魔陵殿" section="6" Difficulty_level="1" mapId="73" number ="999" time="-1" LV="70" physical="10" roomID="61190#61191" hasBoss="0" part_map_res="Fuben15" partDesc="此处为大贤良师张角衣冠冢，黄巾军战魂不灭，守卫财宝！ " award="14003,14003,12016," Prepart="16203" nextpart="16301" itemDrop="101001,206001,104003,104001," NPC_ID="null" sceneItems="5," talkID="0"/>
<part id="16301" partName="冥啸阁" section="6" Difficulty_level="1" mapId="73" number ="999" time="-1" LV="70" physical="10" roomID="61200#61201" hasBoss="0" part_map_res="Fuben14" partDesc="此处为大贤良师张角衣冠冢，黄巾军战魂不灭，守卫财宝！ " award="14003,14003,12016," Prepart="16300" nextpart="16302" itemDrop="101001,206001,104003,104001," NPC_ID="null" sceneItems="4,5," talkID="0"/>
<part id="16302" partName="魔冥陵宫" section="6" Difficulty_level="1" mapId="73" number ="999" time="-1" LV="70" physical="10" roomID="61210#61211" hasBoss="1" part_map_res="Fuben7" partDesc="此处为大贤良师张角衣冠冢，黄巾军战魂不灭，守卫财宝！ " award="14003,14003,12016," Prepart="16301" nextpart="16400,26300" itemDrop="101001,206001,104003,104001," NPC_ID="null" sceneItems="4,5," talkID="0"/>
<part id="16400" partName="陵墓殿" section="6" Difficulty_level="1" mapId="74" number ="999" time="-1" LV="70" physical="10" roomID="61220#61221" hasBoss="0" part_map_res="Fuben13" partDesc="此处为大贤良师张角衣冠冢，黄巾军战魂不灭，守卫财宝！ " award="14003,14003,12016," Prepart="16302" nextpart="16401" itemDrop="101001,206001,104003,104001," NPC_ID="null" sceneItems="4,5," talkID="0"/>
<part id="16401" partName="陵宫宝阁" section="6" Difficulty_level="1" mapId="74" number ="999" time="-1" LV="75" physical="10" roomID="61230#61231#61232" hasBoss="1" part_map_res="Fuben17" partDesc="此处为大贤良师张角衣冠冢，黄巾军战魂不灭，守卫财宝！ " award="14003,14003,12016," Prepart="16400" nextpart="16402" itemDrop="101001,206001,104003,104001," NPC_ID="null" sceneItems="4,5," talkID="0"/>
<part id="16402" partName="墓穴过道" section="6" Difficulty_level="1" mapId="74" number ="999" time="-1" LV="75" physical="10" roomID="61240#61241#61242" hasBoss="0" part_map_res="Fuben16" partDesc="此处为大贤良师张角衣冠冢，黄巾军战魂不灭，守卫财宝！ " award="14003,14003,12016," Prepart="16401" nextpart="16403" itemDrop="101001,206001,104003,104001," NPC_ID="null" sceneItems="4,5," talkID="0"/>
<part id="16403" partName="陵宫魔殿" section="6" Difficulty_level="1" mapId="74" number ="999" time="-1" LV="75" physical="10" roomID="61250#61261" hasBoss="1" part_map_res="Fuben22" partDesc="此处为大贤良师张角衣冠冢，黄巾军战魂不灭，守卫财宝！ " award="14003,14003,12016," Prepart="16402" nextpart="16500,26400" itemDrop="101001,206001,104003,104001," NPC_ID="null" sceneItems="4,5," talkID="0"/>
<part id="16500" partName="长安郊外" section="6" Difficulty_level="1" mapId="75" number ="999" time="-1" LV="75" physical="10" roomID="61260#61261" hasBoss="0" part_map_res="Fuben7" partDesc="此处为大贤良师张角衣冠冢，黄巾军战魂不灭，守卫财宝！ " award="14003,14003,12016," Prepart="16403" nextpart="16501" itemDrop="101001,206001,104003,104001," NPC_ID="null" sceneItems="4,5," talkID="0"/>
<part id="16501" partName="大校场 " section="6" Difficulty_level="1" mapId="75" number ="999" time="-1" LV="75" physical="10" roomID="61270#61271#61272" hasBoss="0" part_map_res="Fuben4" partDesc="此处为大贤良师张角衣冠冢，黄巾军战魂不灭，守卫财宝！ " award="14003,14003,12016," Prepart="16500" nextpart="16502" itemDrop="101001,206001,104003,104001," NPC_ID="null" sceneItems="4,5," talkID="0"/>
<part id="16502" partName="陵宫之殿" section="6" Difficulty_level="1" mapId="75" number ="999" time="-1" LV="75" physical="10" roomID="61280#61281#61282" hasBoss="1" part_map_res="Fuben14" partDesc="此处为大贤良师张角衣冠冢，黄巾军战魂不灭，守卫财宝！ " award="14003,14003,12016," Prepart="16501" nextpart="16600,26500" itemDrop="101001,206001,104003,104001," NPC_ID="null" sceneItems="4,5," talkID="0"/>
<part id="16600" partName="乌巢" section="6" Difficulty_level="1" mapId="76" number ="999" time="-1" LV="75" physical="10" roomID="61290#61291#61292" hasBoss="0" part_map_res="Fuben17" partDesc="此处为大贤良师张角衣冠冢，黄巾军战魂不灭，守卫财宝！ " award="14003,14003,12016," Prepart="16502" nextpart="16601" itemDrop="101001,206001,104003,104001," NPC_ID="null" sceneItems="4,5," talkID="0"/>
<part id="16601" partName="白马" section="6" Difficulty_level="1" mapId="76" number ="999" time="-1" LV="75" physical="10" roomID="61300#61301#61302" hasBoss="1" part_map_res="Fuben16" partDesc="此处为大贤良师张角衣冠冢，黄巾军战魂不灭，守卫财宝！ " award="14003,14003,12016," Prepart="16600" nextpart="16602" itemDrop="101001,206001,104003,104001," NPC_ID="null" sceneItems="4,5," talkID="0"/>
<part id="16602" partName="河岸渡口" section="6" Difficulty_level="1" mapId="76" number ="999" time="-1" LV="75" physical="10" roomID="61310#61311" hasBoss="0" part_map_res="Fuben22" partDesc="黄巾军混的最惨的灾民，死后依然最惨！" award="14003,14003,12016," Prepart="16601" nextpart="16603" itemDrop="101001,206001,104003,104001," NPC_ID="null" sceneItems="4,5," talkID="0"/>
<part id="16603" partName="许昌" section="6" Difficulty_level="1" mapId="76" number ="999" time="-1" LV="75" physical="10" roomID="61320#61321" hasBoss="1" part_map_res="Fuben19" partDesc="黄巾军精锐，想在精锐灾民手中夺食可不容易！" award="14003,14003,12016," Prepart="16602" nextpart="26600" itemDrop="101001,206001,104003,104001," NPC_ID="null" sceneItems="4,5," talkID="0"/>
<part id="21100" partName="迷踪森林" section="1" Difficulty_level="2" mapId="13" number ="5" time="-1" LV="25" physical="15" roomID="12001#12002" hasBoss="0" part_map_res="Fuben19" partDesc="黄巾军混的最惨的灾民，死后依然最惨！" award="14000,14000,12019," Prepart="11505" nextpart="21200" itemDrop="101006,101009,201002,1031204," NPC_ID="null" sceneItems="1,5," talkID="0"/>
<part id="21200" partName="幽暗迷林" section="1" Difficulty_level="2" mapId="14" number ="5" time="-1" LV="25" physical="15" roomID="12011#12012" hasBoss="0" part_map_res="Fuben22" partDesc="黄巾军精锐，想在精锐灾民手中夺食可不容易！" award="14000,14000,12019," Prepart="21100" nextpart="21300" itemDrop="101006,101009,201002,1021204," NPC_ID="null" sceneItems="1,5," talkID="0"/>
<part id="21300" partName="封魔岭" section="1" Difficulty_level="2" mapId="15" number ="5" time="-1" LV="25" physical="15" roomID="12021#12022#12023" hasBoss="0" part_map_res="Fuben17" partDesc="此处为大贤良师张角衣冠冢，黄巾军战魂不灭，守卫财宝！ " award="14000,14000,12019," Prepart="21200" nextpart="21400" itemDrop="101006,101009,201002,1081204," NPC_ID="null" sceneItems="1,5," talkID="0"/>
<part id="21400" partName="蛮荒林" section="1" Difficulty_level="2" mapId="16" number ="5" time="-1" LV="25" physical="15" roomID="12031#12032#12033" hasBoss="0" part_map_res="Fuben16" partDesc="此处为大贤良师张角衣冠冢，黄巾军战魂不灭，守卫财宝！ " award="14000,14000,12019," Prepart="21300" nextpart="21500" itemDrop="101006,101009,201002,1011204," NPC_ID="null" sceneItems="1,5," talkID="0"/>
<part id="21500" partName="魔域荒漠" section="1" Difficulty_level="2" mapId="17" number ="5" time="-1" LV="25" physical="15" roomID="12041#12042" hasBoss="0" part_map_res="Fuben13" partDesc="此处为大贤良师张角衣冠冢，黄巾军战魂不灭，守卫财宝！ " award="14000,14000,12019," Prepart="21400" nextpart="null" itemDrop="101006,101009,201002,1071204," NPC_ID="null" sceneItems="1,5," talkID="0"/>
<part id="22100" partName="霜御林" section="2" Difficulty_level="2" mapId="18" number ="5" time="-1" LV="25" physical="15" roomID="12051#12052#12053" hasBoss="0" part_map_res="Fuben12" partDesc="此处为大贤良师张角衣冠冢，黄巾军战魂不灭，守卫财宝！ " award="14001,14001,12019," Prepart="12103" nextpart="null" itemDrop="101006,101009,201002,1031204," NPC_ID="null" sceneItems="2,5," talkID="0"/>
<part id="22200" partName="晴雪走廊" section="2" Difficulty_level="2" mapId="19" number ="5" time="-1" LV="25" physical="15" roomID="12061#12062" hasBoss="0" part_map_res="Fuben15" partDesc="此处为大贤良师张角衣冠冢，黄巾军战魂不灭，守卫财宝！ " award="14001,14001,12019," Prepart="12203" nextpart="null" itemDrop="101006,101009,201002,1021204," NPC_ID="null" sceneItems="5," talkID="0"/>
<part id="22300" partName="御魔林海" section="2" Difficulty_level="2" mapId="20" number ="5" time="-1" LV="25" physical="15" roomID="12071#12072#12073" hasBoss="0" part_map_res="Fuben17" partDesc="此处为大贤良师张角衣冠冢，黄巾军战魂不灭，守卫财宝！ " award="14001,14001,12019," Prepart="12302" nextpart="null" itemDrop="101006,101009,201002,1081204," NPC_ID="null" sceneItems="2,5," talkID="0"/>
<part id="22400" partName="荒蛮寂岭" section="2" Difficulty_level="2" mapId="21" number ="5" time="-1" LV="25" physical="15" roomID="12081#12082#12083" hasBoss="0" part_map_res="Fuben16" partDesc="此处为大贤良师张角衣冠冢，黄巾军战魂不灭，守卫财宝！ " award="14002,14002,12019," Prepart="12403" nextpart="null" itemDrop="101006,101009,201002,1011204," NPC_ID="null" sceneItems="3,5," talkID="0"/>
<part id="22500" partName="苍莽棕林" section="2" Difficulty_level="2" mapId="22" number ="5" time="-1" LV="25" physical="15" roomID="12091#12092" hasBoss="0" part_map_res="Fuben19" partDesc="此处为大贤良师张角衣冠冢，黄巾军战魂不灭，守卫财宝！ " award="14002,14002,12019," Prepart="12502" nextpart="null" itemDrop="101006,101009,201002,1071204," NPC_ID="null" sceneItems="3,5," talkID="0"/>
<part id="22600" partName="域莽林" section="2" Difficulty_level="2" mapId="23" number ="5" time="-1" LV="25" physical="15" roomID="12101#12102" hasBoss="0" part_map_res="Fuben22" partDesc="此处为大贤良师张角衣冠冢，黄巾军战魂不灭，守卫财宝！ " award="14002,14002,12019," Prepart="12603" nextpart="null" itemDrop="101006,101009,201002,1001204," NPC_ID="null" sceneItems="3,5," talkID="0"/>
<part id="23100" partName="幽暗陵寝" section="3" Difficulty_level="2" mapId="41" number ="5" time="-1" LV="25" physical="15" roomID="12111#12112#12113" hasBoss="0" part_map_res="Fuben14" partDesc="此处为大贤良师张角衣冠冢，黄巾军战魂不灭，守卫财宝！ " award="14002,14002,12020," Prepart="13104" nextpart="null" itemDrop="101006,101009,201002,1031404," NPC_ID="null" sceneItems="3,5," talkID="0"/>
<part id="23200" partName="幽暗之地" section="3" Difficulty_level="2" mapId="42" number ="5" time="-1" LV="25" physical="15" roomID="12121#12122#12123" hasBoss="0" part_map_res="Fuben4" partDesc="此处为大贤良师张角衣冠冢，黄巾军战魂不灭，守卫财宝！ " award="14002,14002,12020," Prepart="13203" nextpart="null" itemDrop="101006,101009,201002,1021404," NPC_ID="null" sceneItems="3,5," talkID="0"/>
<part id="23300" partName="幽暗密室" section="3" Difficulty_level="2" mapId="43" number ="5" time="-1" LV="25" physical="15" roomID="12131#12132" hasBoss="0" part_map_res="Fuben7" partDesc="此处为大贤良师张角衣冠冢，黄巾军战魂不灭，守卫财宝！ " award="14002,14002,12020," Prepart="13304" nextpart="null" itemDrop="101006,101009,201002,1081404," NPC_ID="null" sceneItems="3,5," talkID="0"/>
<part id="23400" partName="幽暗林海" section="3" Difficulty_level="2" mapId="44" number ="5" time="-1" LV="25" physical="15" roomID="12141#12142" hasBoss="0" part_map_res="Fuben22" partDesc="此处为大贤良师张角衣冠冢，黄巾军战魂不灭，守卫财宝！ " award="14003,14003,12020," Prepart="13404" nextpart="null" itemDrop="101006,101009,201002,1011404," NPC_ID="null" sceneItems="4,5," talkID="0"/>
<part id="23500" partName="苍茫林海" section="3" Difficulty_level="2" mapId="45" number ="5" time="-1" LV="25" physical="15" roomID="12151#12152" hasBoss="0" part_map_res="Fuben19" partDesc="此处为大贤良师张角衣冠冢，黄巾军战魂不灭，守卫财宝！ " award="14003,14003,12020," Prepart="13505" nextpart="null" itemDrop="101006,101009,201002,1071404," NPC_ID="null" sceneItems="4,5," talkID="0"/>
<part id="23600" partName="魔冥沙城" section="3" Difficulty_level="2" mapId="46" number ="5" time="-1" LV="25" physical="15" roomID="12161#12162#12163" hasBoss="0" part_map_res="Fuben16" partDesc="此处为大贤良师张角衣冠冢，黄巾军战魂不灭，守卫财宝！ " award="14003,14003,12020," Prepart="13605" nextpart="null" itemDrop="101006,101009,201002,1001404," NPC_ID="null" sceneItems="4,5," talkID="0"/>
<part id="24100" partName="冥雪幽岭" section="4" Difficulty_level="2" mapId="59" number ="5" time="-1" LV="25" physical="15" roomID="12171#12172#12173" hasBoss="0" part_map_res="Fuben12" partDesc="此处为大贤良师张角衣冠冢，黄巾军战魂不灭，守卫财宝！ " award="14003,14003,12021," Prepart="14103" nextpart="null" itemDrop="101006,101009,201002,1031404," NPC_ID="null" sceneItems="4,5," talkID="0"/>
<part id="24200" partName="冥寂走廊" section="4" Difficulty_level="2" mapId="60" number ="5" time="-1" LV="25" physical="15" roomID="12181#12182" hasBoss="0" part_map_res="Fuben15" partDesc="此处为大贤良师张角衣冠冢，黄巾军战魂不灭，守卫财宝！ " award="14003,14003,12021," Prepart="14203" nextpart="null" itemDrop="101006,101009,201002,1021404," NPC_ID="null" sceneItems="5," talkID="0"/>
<part id="24300" partName="牧野之林" section="4" Difficulty_level="2" mapId="61" number ="5" time="-1" LV="25" physical="15" roomID="12191#12192#12193" hasBoss="0" part_map_res="Fuben17" partDesc="此处为大贤良师张角衣冠冢，黄巾军战魂不灭，守卫财宝！ " award="14003,14003,12021," Prepart="14302" nextpart="null" itemDrop="101006,101009,201002,1081404," NPC_ID="null" sceneItems="4,5," talkID="0"/>
<part id="24400" partName="幽灵路" section="4" Difficulty_level="2" mapId="62" number ="5" time="-1" LV="25" physical="15" roomID="12201#12202#12203" hasBoss="0" part_map_res="Fuben16" partDesc="此处为大贤良师张角衣冠冢，黄巾军战魂不灭，守卫财宝！ " award="14003,14003,12021," Prepart="14403" nextpart="null" itemDrop="101006,101009,201002,1011604," NPC_ID="null" sceneItems="4,5," talkID="0"/>
<part id="24500" partName="蛮荒林海" section="4" Difficulty_level="2" mapId="63" number ="5" time="-1" LV="25" physical="15" roomID="12211#12212" hasBoss="0" part_map_res="Fuben19" partDesc="此处为大贤良师张角衣冠冢，黄巾军战魂不灭，守卫财宝！ " award="14003,14003,12021," Prepart="14502" nextpart="null" itemDrop="101006,101009,201002,1071604," NPC_ID="null" sceneItems="4,5," talkID="0"/>
<part id="24600" partName="蛮荒魔域" section="4" Difficulty_level="2" mapId="64" number ="5" time="-1" LV="25" physical="15" roomID="12221#12222" hasBoss="0" part_map_res="Fuben22" partDesc="此处为大贤良师张角衣冠冢，黄巾军战魂不灭，守卫财宝！ " award="14003,14003,12021," Prepart="14603" nextpart="null" itemDrop="101006,101009,201002,1001604," NPC_ID="null" sceneItems="4,5," talkID="0"/>
<part id="25100" partName="黑暗陵宫" section="5" Difficulty_level="2" mapId="77" number ="5" time="-1" LV="25" physical="15" roomID="12231#12232#12233" hasBoss="0" part_map_res="Fuben14" partDesc="此处为大贤良师张角衣冠冢，黄巾军战魂不灭，守卫财宝！ " award="14003,14003,12021," Prepart="15103" nextpart="null" itemDrop="101006,101009,201002,1031604," NPC_ID="null" sceneItems="4,5," talkID="0"/>
<part id="25200" partName="地下陵宫" section="5" Difficulty_level="2" mapId="78" number ="5" time="-1" LV="25" physical="15" roomID="12241#12242#12243" hasBoss="0" part_map_res="Fuben4" partDesc="此处为大贤良师张角衣冠冢，黄巾军战魂不灭，守卫财宝！ " award="14003,14003,12021," Prepart="15203" nextpart="null" itemDrop="101006,101009,201002,1021604," NPC_ID="null" sceneItems="4,5," talkID="0"/>
<part id="25300" partName="幽暗神殿" section="5" Difficulty_level="2" mapId="79" number ="5" time="-1" LV="25" physical="15" roomID="12251#12252" hasBoss="0" part_map_res="Fuben7" partDesc="此处为大贤良师张角衣冠冢，黄巾军战魂不灭，守卫财宝！ " award="14003,14003,12021," Prepart="15302" nextpart="null" itemDrop="101006,101009,201002,1081604," NPC_ID="null" sceneItems="4,5," talkID="0"/>
<part id="25400" partName="暗黑魔域" section="5" Difficulty_level="2" mapId="80" number ="5" time="-1" LV="25" physical="15" roomID="12261#12262" hasBoss="0" part_map_res="Fuben22" partDesc="此处为大贤良师张角衣冠冢，黄巾军战魂不灭，守卫财宝！ " award="14003,14003,12021," Prepart="15403" nextpart="null" itemDrop="101006,101009,201002,1011604," NPC_ID="null" sceneItems="4,5," talkID="0"/>
<part id="25500" partName="幽魔海岭" section="5" Difficulty_level="2" mapId="81" number ="5" time="-1" LV="25" physical="15" roomID="12271#12272" hasBoss="0" part_map_res="Fuben19" partDesc="此处为大贤良师张角衣冠冢，黄巾军战魂不灭，守卫财宝！ " award="14003,14003,12021," Prepart="15502" nextpart="null" itemDrop="101006,101009,201002,1071604," NPC_ID="null" sceneItems="4,5," talkID="0"/>
<part id="25600" partName="魔域台" section="5" Difficulty_level="2" mapId="82" number ="5" time="-1" LV="25" physical="15" roomID="12281#12282#12283" hasBoss="0" part_map_res="Fuben16" partDesc="此处为大贤良师张角衣冠冢，黄巾军战魂不灭，守卫财宝！ " award="14003,14003,12021," Prepart="15603" nextpart="null" itemDrop="101006,101009,201002,1001604," NPC_ID="null" sceneItems="4,5," talkID="0"/>
<part id="26100" partName="雪域幽林" section="6" Difficulty_level="2" mapId="95" number ="5" time="-1" LV="25" physical="15" roomID="12291#12292#12293" hasBoss="0" part_map_res="Fuben12" partDesc="此处为大贤良师张角衣冠冢，黄巾军战魂不灭，守卫财宝！ " award="14003,14003,12022," Prepart="16103" nextpart="null" itemDrop="101006,101009,201002,1031704," NPC_ID="null" sceneItems="4,5," talkID="0"/>
<part id="26200" partName="雪域廊" section="6" Difficulty_level="2" mapId="96" number ="5" time="-1" LV="25" physical="15" roomID="12301#12302" hasBoss="0" part_map_res="Fuben15" partDesc="此处为大贤良师张角衣冠冢，黄巾军战魂不灭，守卫财宝！ " award="14003,14003,12022," Prepart="16203" nextpart="null" itemDrop="101006,101009,201002,1021704," NPC_ID="null" sceneItems="5," talkID="0"/>
<part id="26300" partName="荒寂岭" section="6" Difficulty_level="2" mapId="97" number ="5" time="-1" LV="25" physical="15" roomID="12311#12312#12313" hasBoss="0" part_map_res="Fuben17" partDesc="此处为大贤良师张角衣冠冢，黄巾军战魂不灭，守卫财宝！ " award="14003,14003,12022," Prepart="16302" nextpart="null" itemDrop="101006,101009,201002,1081704," NPC_ID="null" sceneItems="4,5," talkID="0"/>
<part id="26400" partName="魔岭坛" section="6" Difficulty_level="2" mapId="98" number ="5" time="-1" LV="25" physical="15" roomID="12321#12322#12323" hasBoss="0" part_map_res="Fuben16" partDesc="此处为大贤良师张角衣冠冢，黄巾军战魂不灭，守卫财宝！ " award="14003,14003,12022," Prepart="16403" nextpart="null" itemDrop="101006,101009,201002,1011704," NPC_ID="null" sceneItems="4,5," talkID="0"/>
<part id="26500" partName="迷雾幽林" section="6" Difficulty_level="2" mapId="99" number ="5" time="-1" LV="25" physical="15" roomID="12331#12332" hasBoss="0" part_map_res="Fuben19" partDesc="此处为大贤良师张角衣冠冢，黄巾军战魂不灭，守卫财宝！ " award="14003,14003,12022," Prepart="16502" nextpart="null" itemDrop="101006,101009,201002,1071704," NPC_ID="null" sceneItems="4,5," talkID="0"/>
<part id="26600" partName="御魔之地" section="6" Difficulty_level="2" mapId="100" number ="5" time="-1" LV="25" physical="15" roomID="12341#12342" hasBoss="0" part_map_res="Fuben22" partDesc="此处为大贤良师张角衣冠冢，黄巾军战魂不灭，守卫财宝！ " award="14003,14003,12022," Prepart="16603" nextpart="null" itemDrop="101006,101009,201002,1001704," NPC_ID="null" sceneItems="4,5," talkID="0"/>
<part id="31100" partName="黑暗墓场" section="1" Difficulty_level="3" mapId="24" number ="10" time="-1" LV="81" physical="15" roomID="12001#12002" hasBoss="0" part_map_res="Fuben19" partDesc="黄巾军混的最惨的灾民，死后依然最惨！" award="14003,14003,14003," Prepart="null" nextpart="null" itemDrop="101001,206001," NPC_ID="null" sceneItems="4,5," talkID="0"/>
<part id="31200" partName="幽暗之地" section="1" Difficulty_level="3" mapId="25" number ="10" time="-1" LV="81" physical="15" roomID="12001#12002" hasBoss="0" part_map_res="Fuben19" partDesc="黄巾军精锐，想在精锐灾民手中夺食可不容易！" award="14003,14003,14003," Prepart="null" nextpart="null" itemDrop="101001,206001," NPC_ID="null" sceneItems="4,5," talkID="0"/>
<part id="31300" partName="暗黑神殿" section="1" Difficulty_level="3" mapId="26" number ="10" time="-1" LV="81" physical="15" roomID="12001#12002" hasBoss="0" part_map_res="Fuben19" partDesc="此处为大贤良师张角衣冠冢，黄巾军战魂不灭，守卫财宝！ " award="14003,14003,14003," Prepart="null" nextpart="null" itemDrop="101001,206001," NPC_ID="null" sceneItems="4,5," talkID="0"/>
<part id="31400" partName="亡灵之地" section="1" Difficulty_level="3" mapId="27" number ="10" time="-1" LV="81" physical="15" roomID="12001#12002" hasBoss="0" part_map_res="Fuben19" partDesc="此处为大贤良师张角衣冠冢，黄巾军战魂不灭，守卫财宝！ " award="14003,14003,14003," Prepart="null" nextpart="null" itemDrop="101001,206001," NPC_ID="null" sceneItems="4,5," talkID="0"/>
<part id="31500" partName="蛮荒之墓" section="1" Difficulty_level="3" mapId="28" number ="10" time="-1" LV="81" physical="15" roomID="12001#12002" hasBoss="0" part_map_res="Fuben19" partDesc="此处为大贤良师张角衣冠冢，黄巾军战魂不灭，守卫财宝！ " award="14003,14003,14003," Prepart="null" nextpart="null" itemDrop="101001,206001," NPC_ID="null" sceneItems="4,5," talkID="0"/>
<part id="32100" partName="幽暗墓穴" section="2" Difficulty_level="3" mapId="29" number ="10" time="-1" LV="81" physical="15" roomID="12001#12002" hasBoss="0" part_map_res="Fuben19" partDesc="此处为大贤良师张角衣冠冢，黄巾军战魂不灭，守卫财宝！ " award="14003,14003,14003," Prepart="null" nextpart="null" itemDrop="101001,206001," NPC_ID="null" sceneItems="4,5," talkID="0"/>
<part id="32200" partName="蛮荒墓穴" section="2" Difficulty_level="3" mapId="30" number ="10" time="-1" LV="81" physical="15" roomID="12001#12002" hasBoss="0" part_map_res="Fuben19" partDesc="此处为大贤良师张角衣冠冢，黄巾军战魂不灭，守卫财宝！ " award="14003,14003,14003," Prepart="null" nextpart="null" itemDrop="101001,206001," NPC_ID="null" sceneItems="4,5," talkID="0"/>
<part id="32300" partName="荒冥之路" section="2" Difficulty_level="3" mapId="31" number ="10" time="-1" LV="81" physical="15" roomID="12001#12002" hasBoss="0" part_map_res="Fuben19" partDesc="此处为大贤良师张角衣冠冢，黄巾军战魂不灭，守卫财宝！ " award="14003,14003,14003," Prepart="null" nextpart="null" itemDrop="101001,206001," NPC_ID="null" sceneItems="4,5," talkID="0"/>
<part id="32400" partName="暗幽冥殿" section="2" Difficulty_level="3" mapId="32" number ="10" time="-1" LV="81" physical="15" roomID="12001#12002" hasBoss="0" part_map_res="Fuben19" partDesc="此处为大贤良师张角衣冠冢，黄巾军战魂不灭，守卫财宝！ " award="14003,14003,14003," Prepart="null" nextpart="null" itemDrop="101001,206001," NPC_ID="null" sceneItems="4,5," talkID="0"/>
<part id="32500" partName="裕陵之路" section="2" Difficulty_level="3" mapId="33" number ="10" time="-1" LV="81" physical="15" roomID="12001#12002" hasBoss="0" part_map_res="Fuben19" partDesc="此处为大贤良师张角衣冠冢，黄巾军战魂不灭，守卫财宝！ " award="14003,14003,14003," Prepart="null" nextpart="null" itemDrop="101001,206001," NPC_ID="null" sceneItems="4,5," talkID="0"/>
<part id="32600" partName="蛮荒巢穴" section="2" Difficulty_level="3" mapId="34" number ="10" time="-1" LV="81" physical="15" roomID="12001#12002" hasBoss="0" part_map_res="Fuben19" partDesc="此处为大贤良师张角衣冠冢，黄巾军战魂不灭，守卫财宝！ " award="14003,14003,14003," Prepart="null" nextpart="null" itemDrop="101001,206001," NPC_ID="null" sceneItems="4,5," talkID="0"/>
<part id="33100" partName="幽暗祭坛" section="3" Difficulty_level="3" mapId="47" number ="10" time="-1" LV="81" physical="15" roomID="12001#12002" hasBoss="0" part_map_res="Fuben19" partDesc="此处为大贤良师张角衣冠冢，黄巾军战魂不灭，守卫财宝！ " award="14003,14003,14003," Prepart="null" nextpart="null" itemDrop="101001,206001," NPC_ID="null" sceneItems="4,5," talkID="0"/>
<part id="33200" partName="永恒之殿" section="3" Difficulty_level="3" mapId="48" number ="10" time="-1" LV="81" physical="15" roomID="12001#12002" hasBoss="0" part_map_res="Fuben19" partDesc="此处为大贤良师张角衣冠冢，黄巾军战魂不灭，守卫财宝！ " award="14003,14003,14003," Prepart="null" nextpart="null" itemDrop="101001,206001," NPC_ID="null" sceneItems="4,5," talkID="0"/>
<part id="33300" partName="幽暗冥地" section="3" Difficulty_level="3" mapId="49" number ="10" time="-1" LV="81" physical="15" roomID="12001#12002" hasBoss="0" part_map_res="Fuben19" partDesc="此处为大贤良师张角衣冠冢，黄巾军战魂不灭，守卫财宝！ " award="14003,14003,14003," Prepart="null" nextpart="null" itemDrop="101001,206001," NPC_ID="null" sceneItems="4,5," talkID="0"/>
<part id="33400" partName="魔陵冥宫" section="3" Difficulty_level="3" mapId="50" number ="10" time="-1" LV="81" physical="15" roomID="12001#12002" hasBoss="0" part_map_res="Fuben19" partDesc="此处为大贤良师张角衣冠冢，黄巾军战魂不灭，守卫财宝！ " award="14003,14003,14003," Prepart="null" nextpart="null" itemDrop="101001,206001," NPC_ID="null" sceneItems="4,5," talkID="0"/>
<part id="33500" partName="幽暗之地" section="3" Difficulty_level="3" mapId="51" number ="10" time="-1" LV="81" physical="15" roomID="12001#12002" hasBoss="0" part_map_res="Fuben19" partDesc="此处为大贤良师张角衣冠冢，黄巾军战魂不灭，守卫财宝！ " award="14003,14003,14003," Prepart="null" nextpart="null" itemDrop="101001,206001," NPC_ID="null" sceneItems="4,5," talkID="0"/>
<part id="33600" partName="暗幽之穴" section="3" Difficulty_level="3" mapId="52" number ="10" time="-1" LV="81" physical="15" roomID="12001#12002" hasBoss="0" part_map_res="Fuben19" partDesc="此处为大贤良师张角衣冠冢，黄巾军战魂不灭，守卫财宝！ " award="14003,14003,14003," Prepart="null" nextpart="null" itemDrop="101001,206001," NPC_ID="null" sceneItems="4,5," talkID="0"/>
<part id="34100" partName="武帝寝宫" section="4" Difficulty_level="3" mapId="65" number ="10" time="-1" LV="81" physical="15" roomID="12001#12002" hasBoss="0" part_map_res="Fuben19" partDesc="此处为大贤良师张角衣冠冢，黄巾军战魂不灭，守卫财宝！ " award="14003,14003,14003," Prepart="null" nextpart="null" itemDrop="101001,206001," NPC_ID="null" sceneItems="4,5," talkID="0"/>
<part id="34200" partName="陵墓殿 " section="4" Difficulty_level="3" mapId="66" number ="10" time="-1" LV="81" physical="15" roomID="12001#12002" hasBoss="0" part_map_res="Fuben19" partDesc="此处为大贤良师张角衣冠冢，黄巾军战魂不灭，守卫财宝！ " award="14003,14003,14003," Prepart="null" nextpart="null" itemDrop="101001,206001," NPC_ID="null" sceneItems="4,5," talkID="0"/>
<part id="34300" partName="靖王墓道" section="4" Difficulty_level="3" mapId="67" number ="10" time="-1" LV="81" physical="15" roomID="12001#12002" hasBoss="0" part_map_res="Fuben19" partDesc="此处为大贤良师张角衣冠冢，黄巾军战魂不灭，守卫财宝！ " award="14003,14003,14003," Prepart="null" nextpart="null" itemDrop="101001,206001," NPC_ID="null" sceneItems="4,5," talkID="0"/>
<part id="34400" partName="藏宝阁 " section="4" Difficulty_level="3" mapId="68" number ="10" time="-1" LV="81" physical="15" roomID="12001#12002" hasBoss="0" part_map_res="Fuben19" partDesc="此处为大贤良师张角衣冠冢，黄巾军战魂不灭，守卫财宝！ " award="14003,14003,14003," Prepart="null" nextpart="null" itemDrop="101001,206001," NPC_ID="null" sceneItems="4,5," talkID="0"/>
<part id="34500" partName="陵墓之心" section="4" Difficulty_level="3" mapId="69" number ="10" time="-1" LV="81" physical="15" roomID="12001#12002" hasBoss="0" part_map_res="Fuben19" partDesc="此处为大贤良师张角衣冠冢，黄巾军战魂不灭，守卫财宝！ " award="14003,14003,14003," Prepart="null" nextpart="null" itemDrop="101001,206001," NPC_ID="null" sceneItems="4,5," talkID="0"/>
<part id="34600" partName="仙藏殿" section="4" Difficulty_level="3" mapId="70" number ="10" time="-1" LV="81" physical="15" roomID="12001#12002" hasBoss="0" part_map_res="Fuben19" partDesc="此处为大贤良师张角衣冠冢，黄巾军战魂不灭，守卫财宝！ " award="14003,14003,14003," Prepart="null" nextpart="null" itemDrop="101001,206001," NPC_ID="null" sceneItems="4,5," talkID="0"/>
<part id="35100" partName="不死之路" section="5" Difficulty_level="3" mapId="83" number ="10" time="-1" LV="81" physical="15" roomID="12001#12002" hasBoss="0" part_map_res="Fuben19" partDesc="此处为大贤良师张角衣冠冢，黄巾军战魂不灭，守卫财宝！ " award="14003,14003,14003," Prepart="null" nextpart="null" itemDrop="101001,206001," NPC_ID="null" sceneItems="4,5," talkID="0"/>
<part id="35200" partName="水晶宝阁" section="5" Difficulty_level="3" mapId="84" number ="10" time="-1" LV="81" physical="15" roomID="12001#12002" hasBoss="0" part_map_res="Fuben19" partDesc="此处为大贤良师张角衣冠冢，黄巾军战魂不灭，守卫财宝！ " award="14003,14003,14003," Prepart="null" nextpart="null" itemDrop="101001,206001," NPC_ID="null" sceneItems="4,5," talkID="0"/>
<part id="35300" partName="魔冥宫" section="5" Difficulty_level="3" mapId="85" number ="10" time="-1" LV="81" physical="15" roomID="12001#12002" hasBoss="0" part_map_res="Fuben19" partDesc="此处为大贤良师张角衣冠冢，黄巾军战魂不灭，守卫财宝！ " award="14003,14003,14003," Prepart="null" nextpart="null" itemDrop="101001,206001," NPC_ID="null" sceneItems="4,5," talkID="0"/>
<part id="35400" partName="魔陵殿" section="5" Difficulty_level="3" mapId="86" number ="10" time="-1" LV="81" physical="15" roomID="12001#12002" hasBoss="0" part_map_res="Fuben19" partDesc="此处为大贤良师张角衣冠冢，黄巾军战魂不灭，守卫财宝！ " award="14003,14003,14003," Prepart="null" nextpart="null" itemDrop="101001,206001," NPC_ID="null" sceneItems="4,5," talkID="0"/>
<part id="35500" partName="冥啸阁" section="5" Difficulty_level="3" mapId="87" number ="10" time="-1" LV="81" physical="15" roomID="12001#12002" hasBoss="0" part_map_res="Fuben19" partDesc="此处为大贤良师张角衣冠冢，黄巾军战魂不灭，守卫财宝！ " award="14003,14003,14003," Prepart="null" nextpart="null" itemDrop="101001,206001," NPC_ID="null" sceneItems="4,5," talkID="0"/>
<part id="35600" partName="魔冥陵宫" section="5" Difficulty_level="3" mapId="88" number ="10" time="-1" LV="81" physical="15" roomID="12001#12002" hasBoss="0" part_map_res="Fuben19" partDesc="此处为大贤良师张角衣冠冢，黄巾军战魂不灭，守卫财宝！ " award="14003,14003,14003," Prepart="null" nextpart="null" itemDrop="101001,206001," NPC_ID="null" sceneItems="4,5," talkID="0"/>
<part id="36100" partName="陵墓殿" section="6" Difficulty_level="3" mapId="101" number ="10" time="-1" LV="81" physical="15" roomID="12001#12002" hasBoss="0" part_map_res="Fuben19" partDesc="此处为大贤良师张角衣冠冢，黄巾军战魂不灭，守卫财宝！ " award="14003,14003,14003," Prepart="null" nextpart="null" itemDrop="101001,206001," NPC_ID="null" sceneItems="4,5," talkID="0"/>
<part id="36200" partName="陵宫宝阁" section="6" Difficulty_level="3" mapId="102" number ="10" time="-1" LV="81" physical="15" roomID="12001#12002" hasBoss="0" part_map_res="Fuben19" partDesc="此处为大贤良师张角衣冠冢，黄巾军战魂不灭，守卫财宝！ " award="14003,14003,14003," Prepart="null" nextpart="null" itemDrop="101001,206001," NPC_ID="null" sceneItems="4,5," talkID="0"/>
<part id="36300" partName="墓穴过道" section="6" Difficulty_level="3" mapId="103" number ="10" time="-1" LV="81" physical="15" roomID="12001#12002" hasBoss="0" part_map_res="Fuben19" partDesc="此处为大贤良师张角衣冠冢，黄巾军战魂不灭，守卫财宝！ " award="14003,14003,14003," Prepart="null" nextpart="null" itemDrop="101001,206001," NPC_ID="null" sceneItems="4,5," talkID="0"/>
<part id="36400" partName="陵宫魔殿" section="6" Difficulty_level="3" mapId="104" number ="10" time="-1" LV="81" physical="15" roomID="12001#12002" hasBoss="0" part_map_res="Fuben19" partDesc="此处为大贤良师张角衣冠冢，黄巾军战魂不灭，守卫财宝！ " award="14003,14003,14003," Prepart="null" nextpart="null" itemDrop="101001,206001," NPC_ID="null" sceneItems="4,5," talkID="0"/>
<part id="36500" partName="长安郊外" section="6" Difficulty_level="3" mapId="105" number ="10" time="-1" LV="81" physical="15" roomID="12001#12002" hasBoss="0" part_map_res="Fuben19" partDesc="此处为大贤良师张角衣冠冢，黄巾军战魂不灭，守卫财宝！ " award="14003,14003,14003," Prepart="null" nextpart="null" itemDrop="101001,206001," NPC_ID="null" sceneItems="4,5," talkID="0"/>
<part id="36600" partName="大校场 " section="6" Difficulty_level="3" mapId="106" number ="10" time="-1" LV="81" physical="15" roomID="12001#12002" hasBoss="0" part_map_res="Fuben19" partDesc="此处为大贤良师张角衣冠冢，黄巾军战魂不灭，守卫财宝！ " award="14003,14003,14003," Prepart="null" nextpart="null" itemDrop="101001,206001," NPC_ID="null" sceneItems="4,5," talkID="0"/>
<part id="110001" partName="修炼之地" section="100" Difficulty_level="4" mapId="1000" number ="2" time="-1" LV="15" physical="15" roomID="100100#100101" hasBoss="0" part_map_res="Fuben19" partDesc="黄巾军混的最惨的灾民，死后依然最惨！" award="12100,12100,12100," Prepart="0" nextpart="null" itemDrop="12100,12100,12100," NPC_ID="null" sceneItems="22," talkID="0"/>
<part id="110002" partName="金库" section="100" Difficulty_level="4" mapId="1000" number ="2" time="-1" LV="15" physical="15" roomID="100102#100103#100104" hasBoss="0" part_map_res="Fuben17" partDesc="黄巾军精锐，想在精锐灾民手中夺食可不容易！" award="503,501,502," Prepart="0" nextpart="null" itemDrop="500,501,502," NPC_ID="null" sceneItems="21," talkID="0"/>
<part id="110003" partName="神秘石窟" section="100" Difficulty_level="4" mapId="1000" number ="2" time="-1" LV="15" physical="15" roomID="100105#100106#100107" hasBoss="0" part_map_res="Fuben12" partDesc="此处为大贤良师张角衣冠冢，黄巾军战魂不灭，守卫财宝！ " award="12103,12103,12103," Prepart="0" nextpart="null" itemDrop="12103,12103,12103," NPC_ID="null" sceneItems="23," talkID="0"/>
<part id="110004" partName="宝石发源地" section="100" Difficulty_level="4" mapId="1000" number ="2" time="-1" LV="15" physical="15" roomID="100108#100109" hasBoss="0" part_map_res="Fuben14" partDesc="此处为大贤良师张角衣冠冢，黄巾军战魂不灭，守卫财宝！ " award="12100,12100,12100," Prepart="0" nextpart="null" itemDrop="12100,12101,12102," NPC_ID="null" sceneItems="20," talkID="0"/>
<part id="120001" partName="竞技场" section="101" Difficulty_level="5" mapId="-1" number ="-1" time="60" LV="0" physical="0" roomID="210001#" hasBoss="0" part_map_res="Fuben21" partDesc="此处为大贤良师张角衣冠冢，黄巾军战魂不灭，守卫财宝！ " award="null" Prepart="0" nextpart="null" itemDrop="101001,206001,104003,104001," NPC_ID="null" sceneItems="null" talkID="0"/>
<part id="130001" partName="伏魔塔1层" section="102" Difficulty_level="6" mapId="-1" number ="1" time="-1" LV="30" physical="0" roomID="310001#" hasBoss="0" part_map_res="Fuben20" partDesc="此处为大贤良师张角衣冠冢，黄巾军战魂不灭，守卫财宝！ " award="null" Prepart="0" nextpart="130002" itemDrop="203002,202002,100002,101008," NPC_ID="null" sceneItems="10," talkID="0"/>
<part id="130002" partName="伏魔塔2层" section="102" Difficulty_level="6" mapId="-1" number ="1" time="-1" LV="30" physical="0" roomID="310002#" hasBoss="0" part_map_res="Fuben20" partDesc="此处为大贤良师张角衣冠冢，黄巾军战魂不灭，守卫财宝！ " award="null" Prepart="0" nextpart="130003" itemDrop="203002,202002,100002,101008," NPC_ID="null" sceneItems="10," talkID="0"/>
<part id="130003" partName="伏魔塔3层" section="102" Difficulty_level="6" mapId="-1" number ="1" time="-1" LV="30" physical="0" roomID="310003#" hasBoss="0" part_map_res="Fuben20" partDesc="此处为大贤良师张角衣冠冢，黄巾军战魂不灭，守卫财宝！ " award="null" Prepart="0" nextpart="130004" itemDrop="203002,202002,100002,101008," NPC_ID="null" sceneItems="10," talkID="0"/>
<part id="130004" partName="伏魔塔4层" section="102" Difficulty_level="6" mapId="-1" number ="1" time="-1" LV="30" physical="0" roomID="310004#" hasBoss="0" part_map_res="Fuben20" partDesc="此处为大贤良师张角衣冠冢，黄巾军战魂不灭，守卫财宝！ " award="null" Prepart="0" nextpart="130005" itemDrop="203002,202002,100002,101008," NPC_ID="null" sceneItems="10," talkID="0"/>
<part id="130005" partName="伏魔塔5层" section="102" Difficulty_level="6" mapId="-1" number ="1" time="-1" LV="30" physical="0" roomID="310005#" hasBoss="0" part_map_res="Fuben20" partDesc="此处为大贤良师张角衣冠冢，黄巾军战魂不灭，守卫财宝！ " award="null" Prepart="0" nextpart="130006" itemDrop="203002,202002,100002,101008," NPC_ID="null" sceneItems="10," talkID="0"/>
<part id="130006" partName="伏魔塔6层" section="102" Difficulty_level="6" mapId="-1" number ="1" time="-1" LV="30" physical="0" roomID="310006#" hasBoss="0" part_map_res="Fuben20" partDesc="此处为大贤良师张角衣冠冢，黄巾军战魂不灭，守卫财宝！ " award="null" Prepart="0" nextpart="130007" itemDrop="203002,202002,100002,101008," NPC_ID="null" sceneItems="10," talkID="0"/>
<part id="130007" partName="伏魔塔7层" section="102" Difficulty_level="6" mapId="-1" number ="1" time="-1" LV="30" physical="0" roomID="310007#" hasBoss="0" part_map_res="Fuben20" partDesc="此处为大贤良师张角衣冠冢，黄巾军战魂不灭，守卫财宝！ " award="null" Prepart="0" nextpart="130008" itemDrop="203002,202002,100002,101008," NPC_ID="null" sceneItems="10," talkID="0"/>
<part id="130008" partName="伏魔塔8层" section="102" Difficulty_level="6" mapId="-1" number ="1" time="-1" LV="30" physical="0" roomID="310008#" hasBoss="0" part_map_res="Fuben20" partDesc="此处为大贤良师张角衣冠冢，黄巾军战魂不灭，守卫财宝！ " award="null" Prepart="0" nextpart="130009" itemDrop="203002,202002,100002,101008," NPC_ID="null" sceneItems="10," talkID="0"/>
<part id="130009" partName="伏魔塔9层" section="102" Difficulty_level="6" mapId="-1" number ="1" time="-1" LV="30" physical="0" roomID="310009#" hasBoss="0" part_map_res="Fuben20" partDesc="此处为大贤良师张角衣冠冢，黄巾军战魂不灭，守卫财宝！ " award="null" Prepart="0" nextpart="130010" itemDrop="203002,202002,100002,101008," NPC_ID="null" sceneItems="10," talkID="0"/>
<part id="130010" partName="伏魔塔10层" section="102" Difficulty_level="6" mapId="-1" number ="1" time="-1" LV="30" physical="0" roomID="310010#" hasBoss="0" part_map_res="Fuben20" partDesc="此处为大贤良师张角衣冠冢，黄巾军战魂不灭，守卫财宝！ " award="null" Prepart="0" nextpart="130011" itemDrop="203002,202002,100002,101008," NPC_ID="null" sceneItems="10," talkID="0"/>
<part id="130011" partName="伏魔塔11层" section="102" Difficulty_level="6" mapId="-1" number ="1" time="-1" LV="30" physical="0" roomID="310011#" hasBoss="0" part_map_res="Fuben20" partDesc="此处为大贤良师张角衣冠冢，黄巾军战魂不灭，守卫财宝！ " award="null" Prepart="0" nextpart="130012" itemDrop="102021,202002,100002,101008," NPC_ID="null" sceneItems="10," talkID="0"/>
<part id="130012" partName="伏魔塔12层" section="102" Difficulty_level="6" mapId="-1" number ="1" time="-1" LV="30" physical="0" roomID="310012#" hasBoss="0" part_map_res="Fuben20" partDesc="此处为大贤良师张角衣冠冢，黄巾军战魂不灭，守卫财宝！ " award="null" Prepart="0" nextpart="130013" itemDrop="102021,202002,100002,101008," NPC_ID="null" sceneItems="10," talkID="0"/>
<part id="130013" partName="伏魔塔13层" section="102" Difficulty_level="6" mapId="-1" number ="1" time="-1" LV="30" physical="0" roomID="310013#" hasBoss="0" part_map_res="Fuben20" partDesc="此处为大贤良师张角衣冠冢，黄巾军战魂不灭，守卫财宝！ " award="null" Prepart="0" nextpart="130014" itemDrop="102021,202002,100002,101008," NPC_ID="null" sceneItems="10," talkID="0"/>
<part id="130014" partName="伏魔塔14层" section="102" Difficulty_level="6" mapId="-1" number ="1" time="-1" LV="30" physical="0" roomID="310014#" hasBoss="0" part_map_res="Fuben20" partDesc="此处为大贤良师张角衣冠冢，黄巾军战魂不灭，守卫财宝！ " award="null" Prepart="0" nextpart="130015" itemDrop="102021,202002,100002,101008," NPC_ID="null" sceneItems="10," talkID="0"/>
<part id="130015" partName="伏魔塔15层" section="102" Difficulty_level="6" mapId="-1" number ="1" time="-1" LV="30" physical="0" roomID="310015#" hasBoss="0" part_map_res="Fuben20" partDesc="此处为大贤良师张角衣冠冢，黄巾军战魂不灭，守卫财宝！ " award="null" Prepart="0" nextpart="130016" itemDrop="102021,202002,100002,101008," NPC_ID="null" sceneItems="10," talkID="0"/>
<part id="130016" partName="伏魔塔16层" section="102" Difficulty_level="6" mapId="-1" number ="1" time="-1" LV="30" physical="0" roomID="310016#" hasBoss="0" part_map_res="Fuben20" partDesc="此处为大贤良师张角衣冠冢，黄巾军战魂不灭，守卫财宝！ " award="null" Prepart="0" nextpart="130017" itemDrop="102021,202002,100002,101008," NPC_ID="null" sceneItems="10," talkID="0"/>
<part id="130017" partName="伏魔塔17层" section="102" Difficulty_level="6" mapId="-1" number ="1" time="-1" LV="30" physical="0" roomID="310017#" hasBoss="0" part_map_res="Fuben20" partDesc="此处为大贤良师张角衣冠冢，黄巾军战魂不灭，守卫财宝！ " award="null" Prepart="0" nextpart="130018" itemDrop="102021,202002,100002,101008," NPC_ID="null" sceneItems="10," talkID="0"/>
<part id="130018" partName="伏魔塔18层" section="102" Difficulty_level="6" mapId="-1" number ="1" time="-1" LV="30" physical="0" roomID="310018#" hasBoss="0" part_map_res="Fuben20" partDesc="此处为大贤良师张角衣冠冢，黄巾军战魂不灭，守卫财宝！ " award="null" Prepart="0" nextpart="130019" itemDrop="102021,202002,100002,101008," NPC_ID="null" sceneItems="10," talkID="0"/>
<part id="130019" partName="伏魔塔19层" section="102" Difficulty_level="6" mapId="-1" number ="1" time="-1" LV="30" physical="0" roomID="310019#" hasBoss="0" part_map_res="Fuben20" partDesc="此处为大贤良师张角衣冠冢，黄巾军战魂不灭，守卫财宝！ " award="null" Prepart="0" nextpart="130020" itemDrop="102021,202002,100002,101008," NPC_ID="null" sceneItems="10," talkID="0"/>
<part id="130020" partName="伏魔塔20层" section="102" Difficulty_level="6" mapId="-1" number ="1" time="-1" LV="30" physical="0" roomID="310020#" hasBoss="0" part_map_res="Fuben20" partDesc="此处为大贤良师张角衣冠冢，黄巾军战魂不灭，守卫财宝！ " award="null" Prepart="0" nextpart="null" itemDrop="102021,202002,100002,101008," NPC_ID="null" sceneItems="10," talkID="0"/>
<part id="140001" partName="永恒之巅" section="103" Difficulty_level="7" mapId="-1" number ="3" time="80" LV="35" physical="0" roomID="410000#" hasBoss="0" part_map_res="Fuben11" partDesc="孕育在王者之墓之中，长期吸收王者灵力，自以为是正义的化身，其实在祸害人间。" award="null" Prepart="0" nextpart="null" itemDrop="101001,206001,104003,104001," NPC_ID="null" sceneItems="null" talkID="0"/>
<part id="140002" partName="永恒之巅" section="103" Difficulty_level="7" mapId="-1" number ="3" time="80" LV="35" physical="0" roomID="410001#" hasBoss="0" part_map_res="Fuben11" partDesc="孕育在王者之墓之中，长期吸收王者灵力，自以为是正义的化身，其实在祸害人间。" award="null" Prepart="0" nextpart="null" itemDrop="101001,206001,104003,104001," NPC_ID="null" sceneItems="null" talkID="0"/>
<part id="140003" partName="永恒之巅" section="103" Difficulty_level="7" mapId="-1" number ="3" time="80" LV="35" physical="0" roomID="410002#" hasBoss="0" part_map_res="Fuben11" partDesc="孕育在王者之墓之中，长期吸收王者灵力，自以为是正义的化身，其实在祸害人间。" award="null" Prepart="0" nextpart="null" itemDrop="101001,206001,104003,104001," NPC_ID="null" sceneItems="null" talkID="0"/>
<part id="140004" partName="永恒之巅" section="103" Difficulty_level="7" mapId="-1" number ="3" time="80" LV="35" physical="0" roomID="410003#" hasBoss="0" part_map_res="Fuben11" partDesc="孕育在王者之墓之中，长期吸收王者灵力，自以为是正义的化身，其实在祸害人间。" award="null" Prepart="0" nextpart="null" itemDrop="101001,206001,104003,104001," NPC_ID="null" sceneItems="null" talkID="0"/>
<part id="140005" partName="永恒之巅" section="103" Difficulty_level="7" mapId="-1" number ="3" time="80" LV="35" physical="0" roomID="410004#" hasBoss="0" part_map_res="Fuben11" partDesc="孕育在王者之墓之中，长期吸收王者灵力，自以为是正义的化身，其实在祸害人间。" award="null" Prepart="0" nextpart="null" itemDrop="101001,206001,104003,104001," NPC_ID="null" sceneItems="null" talkID="0"/>
<part id="140006" partName="永恒之巅" section="103" Difficulty_level="7" mapId="-1" number ="3" time="80" LV="35" physical="0" roomID="410005#" hasBoss="0" part_map_res="Fuben11" partDesc="孕育在王者之墓之中，长期吸收王者灵力，自以为是正义的化身，其实在祸害人间。" award="null" Prepart="0" nextpart="null" itemDrop="101001,206001,104003,104001," NPC_ID="null" sceneItems="null" talkID="0"/>
<part id="140007" partName="永恒之巅" section="103" Difficulty_level="7" mapId="-1" number ="3" time="80" LV="35" physical="0" roomID="410006#" hasBoss="0" part_map_res="Fuben11" partDesc="孕育在王者之墓之中，长期吸收王者灵力，自以为是正义的化身，其实在祸害人间。" award="null" Prepart="0" nextpart="null" itemDrop="101001,206001,104003,104001," NPC_ID="null" sceneItems="null" talkID="0"/>
<part id="150000" partName="守护女神" section="105" Difficulty_level="9" mapId="-1" number ="1" time="-1" LV="50" physical="0" roomID="510000#" hasBoss="0" part_map_res="Fuben24" partDesc="保护好自己的女神呦！" award="null" Prepart="0" nextpart="null" itemDrop="101001,206001,104003,104002," NPC_ID="101028" sceneItems="null" talkID="0"/>
<part id="200000" partName="职业测试图" section="104" Difficulty_level="8" mapId="-1" number ="-1" time="-1" LV="0" physical="0" roomID="1000000#" hasBoss="0" part_map_res="Fuben20" partDesc="孕育在王者之墓之中，长期吸收王者灵力，自以为是正义的化身，其实在祸害人间。" award="null" Prepart="0" nextpart="null" itemDrop="101001,206001,104003,104001," NPC_ID="null" sceneItems="null" talkID="0"/>
<part id="300001" partName="战场" section="500" Difficulty_level="10" mapId="-1" number ="-1" time="-1" LV="10" physical="0" roomID="610001#" hasBoss="0" part_map_res="Fuben30" partDesc="0" award="null" Prepart="0" nextpart="null" itemDrop="0" NPC_ID="null" sceneItems="null" talkID="0"/>
</root>