<root>
<pet id="10101" petName="关羽" petStar="2" petitem="104001" petItem="103001" petitemnum="15" Introduction="三国战神之关羽，持一杆青龙偃月刀。纵横战场，所向无敌。被后人称为关帝。" pettype="100" petRole="1" levelMax="20" price="1000" model="Pet_guanyu" Idlemodel="Pet_guanyu_Idle" icon="pet_01" picture="sc006" attribute="1" skill="400001" skills1="151004" skills2="151005" skills3="151006" namePic="gy"/>
<pet id="20101" petName="吕布" petStar="3" petitem="105001" petItem="103000" petitemnum="30" Introduction="三国战神之吕布，手持方天画戟，独占三英。战场上勇猛无敌。如入无人之境，被称之为无双之将。" pettype="101" petRole="1" levelMax="20" price="1000" model="Pet_lvbu" Idlemodel="Pet_lvbu_Idle" icon="pet_04" picture="sc002" attribute="2" skill="400001" skills1="151007" skills2="151008" skills3="151009" namePic="lb"/>
<pet id="30101" petName="左慈" petStar="1" petitem="104003" petItem="103003" petitemnum="10" Introduction="三国战神之马岱，手持一把锋利战刀，冷静而勇猛，单刀斩杀于魏延。被称之为汉平北将军。" pettype="102" petRole="3" levelMax="20" price="1000" model="Pet_zuoci" Idlemodel="Pet_zuoci_Idle" icon="pet_06" picture="sc005" attribute="3" skill="400002" skills1="151016" skills2="151017" skills3="151018" namePic="zc"/>
<pet id="40101" petName="诸葛亮" petStar="2" petitem="104002" petItem="103002" petitemnum="15" Introduction="三国战神之黄忠，手持大刀，身背弓羽。弓箭射术天下无双，拥有万夫不当之勇。被称之为蜀汉五虎大将。" pettype="103" petRole="3" levelMax="20" price="1000" model="Pet_zhuge" Idlemodel="Pet_zhuge_Idle" icon="pet_02" picture="sc008" attribute="4" skill="400002" skills1="151001" skills2="151002" skills3="151003" namePic="zgl"/>
<pet id="50101" petName="孙尚香" petStar="2" petitem="104004" petItem="103004" petitemnum="15" Introduction="三国战神之黄忠，手持大刀，身背弓羽。弓箭射术天下无双，拥有万夫不当之勇。被称之为蜀汉五虎大将。" pettype="104" petRole="2" levelMax="20" price="1000" model="Pet_sunsx" Idlemodel="Pet_sunsx_Idle" icon="pet_05" picture="sc008" attribute="5" skill="400003" skills1="151010" skills2="151011" skills3="151012" namePic="ssx"/>
<pet id="60101" petName="陆逊" petStar="2" petitem="104005" petItem="103005" petitemnum="15" Introduction="三国战神之黄忠，手持大刀，身背弓羽。弓箭射术天下无双，拥有万夫不当之勇。被称之为蜀汉五虎大将。" pettype="105" petRole="3" levelMax="20" price="1000" model="Pet_luxun" Idlemodel="Pet_luxun_Idle" icon="pet_03" picture="sc008" attribute="5" skill="400002" skills1="151013" skills2="151014" skills3="151015" namePic="lx"/>
<pet id="70101" petName="岩牛" petStar="2" petitem="105002" petItem="103006" petitemnum="15" Introduction="熔岩幻化的神兽" pettype="100" petRole="1" levelMax="20" price="1000" model="Pet_yanniu" Idlemodel="Pet_yanniu_Idle" icon="pet_07" picture="sc006" attribute="6" skill="151027" skills1="151028" skills2="151029" skills3="151030" namePic="yn"/>
<pet id="80101" petName="幽灵狼" petStar="3" petitem="105003" petItem="103007" petitemnum="30" Introduction="传说中的幻兽，无任何记载，目前没有人得到过它。" pettype="100" petRole="2" levelMax="20" price="1000" model="Pet_youlinglang" Idlemodel="Pet_youlinglang_Idle" icon="pet_08" picture="sc006" attribute="7" skill="151023" skills1="151024" skills2="151025" skills3="151026" namePic="yml"/>
<pet id="90101" petName="小烛龙" petStar="3" petitem="105004" petItem="103008" petitemnum="30" Introduction="传说中的幻兽，无任何记载，目前没有人得到过它。" pettype="105" petRole="1" levelMax="20" price="1000" model="Pet_xiaozhulong" Idlemodel="Pet_xiaozhulong_Idle" icon="pet_09" picture="sc008" attribute="8" skill="151019" skills1="151020" skills2="151021" skills3="151022" namePic="jl"/>
</root>