<root>
<petAttrs id="1" goldExpress="500*x+500" HP="1650" MP="100" ATK="45" DEF="5" HIT="10000" MISS="400" CRI="400" CRI_DEF="0" CRI_MUL="5000" CRI_MUL_DEF="0" HURT_DEF="0" REDUCE_CD_RATE="0" REDUCE_CD="0" MOVE_SPEED="100" HIT_HP="0" HIT_MP="0" KILL_HP="0" KILL_MP="0" SECONDS_HP="0" SECONDS_MP="0" REDUCE_DEF="5" ATK_RANGE="7" ATK_SPD="500" HERO_ATK_SPD="10000" STR_ADD="7" DEX_ADD="4.2" INT_ADD="2.8" PHY_ADD="10" HP_ADD="150" ATK_ADD="0" DEF_ADD="5"/>
<petAttrs id="2" goldExpress="500*x+500" HP="1650" MP="100" ATK="45" DEF="6" HIT="10000" MISS="400" CRI="400" CRI_DEF="0" CRI_MUL="5000" CRI_MUL_DEF="0" HURT_DEF="0" REDUCE_CD_RATE="0" REDUCE_CD="0" MOVE_SPEED="100" HIT_HP="0" HIT_MP="0" KILL_HP="0" KILL_MP="0" SECONDS_HP="0" SECONDS_MP="0" REDUCE_DEF="5" ATK_RANGE="7" ATK_SPD="500" HERO_ATK_SPD="10000" STR_ADD="10" DEX_ADD="6" INT_ADD="4" PHY_ADD="12" HP_ADD="120" ATK_ADD="0" DEF_ADD="0"/>
<petAttrs id="3" goldExpress="500*x+500" HP="850" MP="100" ATK="45" DEF="7" HIT="10000" MISS="400" CRI="400" CRI_DEF="0" CRI_MUL="5000" CRI_MUL_DEF="0" HURT_DEF="0" REDUCE_CD_RATE="0" REDUCE_CD="0" MOVE_SPEED="100" HIT_HP="0" HIT_MP="0" KILL_HP="0" KILL_MP="0" SECONDS_HP="0" SECONDS_MP="0" REDUCE_DEF="5" ATK_RANGE="7" ATK_SPD="500" HERO_ATK_SPD="10000" STR_ADD="2.8" DEX_ADD="4.2" INT_ADD="7" PHY_ADD="5.6" HP_ADD="50" ATK_ADD="0" DEF_ADD="0"/>
<petAttrs id="4" goldExpress="500*x+500" HP="850" MP="100" ATK="45" DEF="8" HIT="10000" MISS="400" CRI="400" CRI_DEF="0" CRI_MUL="5000" CRI_MUL_DEF="0" HURT_DEF="0" REDUCE_CD_RATE="0" REDUCE_CD="0" MOVE_SPEED="100" HIT_HP="0" HIT_MP="0" KILL_HP="0" KILL_MP="0" SECONDS_HP="0" SECONDS_MP="0" REDUCE_DEF="5" ATK_RANGE="7" ATK_SPD="500" HERO_ATK_SPD="11000" STR_ADD="4" DEX_ADD="6" INT_ADD="10" PHY_ADD="8" HP_ADD="50" ATK_ADD="0" DEF_ADD="0"/>
<petAttrs id="5" goldExpress="500*x+500" HP="850" MP="100" ATK="45" DEF="9" HIT="10000" MISS="400" CRI="400" CRI_DEF="0" CRI_MUL="5000" CRI_MUL_DEF="0" HURT_DEF="0" REDUCE_CD_RATE="0" REDUCE_CD="0" MOVE_SPEED="100" HIT_HP="0" HIT_MP="0" KILL_HP="0" KILL_MP="0" SECONDS_HP="0" SECONDS_MP="0" REDUCE_DEF="5" ATK_RANGE="7" ATK_SPD="500" HERO_ATK_SPD="10000" STR_ADD="6" DEX_ADD="10" INT_ADD="4" PHY_ADD="8" HP_ADD="50" ATK_ADD="0" DEF_ADD="0"/>
<petAttrs id="6" goldExpress="500*x+500" HP="1850" MP="100" ATK="45" DEF="8" HIT="10000" MISS="400" CRI="400" CRI_DEF="0" CRI_MUL="5000" CRI_MUL_DEF="0" HURT_DEF="0" REDUCE_CD_RATE="0" REDUCE_CD="0" MOVE_SPEED="100" HIT_HP="0" HIT_MP="0" KILL_HP="0" KILL_MP="0" SECONDS_HP="0" SECONDS_MP="0" REDUCE_DEF="5" ATK_RANGE="7" ATK_SPD="500" HERO_ATK_SPD="11000" STR_ADD="10" DEX_ADD="5" INT_ADD="3" PHY_ADD="10" HP_ADD="50" ATK_ADD="0" DEF_ADD="0"/>
<petAttrs id="7" goldExpress="500*x+500" HP="1850" MP="100" ATK="45" DEF="9" HIT="10000" MISS="400" CRI="4000" CRI_DEF="0" CRI_MUL="5000" CRI_MUL_DEF="0" HURT_DEF="0" REDUCE_CD_RATE="0" REDUCE_CD="0" MOVE_SPEED="100" HIT_HP="0" HIT_MP="0" KILL_HP="0" KILL_MP="0" SECONDS_HP="0" SECONDS_MP="0" REDUCE_DEF="5" ATK_RANGE="7" ATK_SPD="500" HERO_ATK_SPD="10000" STR_ADD="7" DEX_ADD="12" INT_ADD="4" PHY_ADD="8" HP_ADD="50" ATK_ADD="0" DEF_ADD="0"/>
<petAttrs id="8" goldExpress="500*x+500" HP="2850" MP="100" ATK="45" DEF="8" HIT="10000" MISS="400" CRI="400" CRI_DEF="0" CRI_MUL="5000" CRI_MUL_DEF="0" HURT_DEF="0" REDUCE_CD_RATE="0" REDUCE_CD="0" MOVE_SPEED="100" HIT_HP="0" HIT_MP="0" KILL_HP="0" KILL_MP="0" SECONDS_HP="0" SECONDS_MP="0" REDUCE_DEF="5" ATK_RANGE="7" ATK_SPD="500" HERO_ATK_SPD="11000" STR_ADD="12" DEX_ADD="5" INT_ADD="6" PHY_ADD="15" HP_ADD="50" ATK_ADD="0" DEF_ADD="0"/>
</root>