<root>
<pingbi id="1" word="法轮功"/>
<pingbi id="2" word="李洪志"/>
<pingbi id="3" word="信徒"/>
<pingbi id="4" word="主佛"/>
<pingbi id="5" word="活摘"/>
<pingbi id="6" word="陆雪琴"/>
<pingbi id="7" word="法輪功"/>
<pingbi id="8" word="西藏"/>
<pingbi id="9" word="圣战"/>
<pingbi id="10" word="疆独"/>
<pingbi id="11" word="新疆"/>
<pingbi id="12" word="东伊运"/>
<pingbi id="13" word="东突"/>
<pingbi id="14" word="人间福报"/>
<pingbi id="15" word="自由新闻报"/>
<pingbi id="16" word="都市日报"/>
<pingbi id="17" word="头条日报"/>
<pingbi id="18" word="香港商报"/>
<pingbi id="19" word="香港电台"/>
<pingbi id="20" word="Discuss"/>
<pingbi id="21" word="华富财经"/>
<pingbi id="22" word="新报网站"/>
<pingbi id="23" word="The Standard"/>
<pingbi id="24" word="Hong Kong Herald. 台湾报纸"/>
<pingbi id="25" word="中央社新闻网"/>
<pingbi id="26" word="中央日报网络报"/>
<pingbi id="27" word="中时电子报"/>
<pingbi id="28" word="联合新闻网"/>
<pingbi id="29" word="自由时报"/>
<pingbi id="30" word="新台湾新闻"/>
<pingbi id="31" word="中华日报"/>
<pingbi id="32" word="民众电子报"/>
<pingbi id="33" word="交清电子报"/>
<pingbi id="34" word="东亚日报"/>
<pingbi id="35" word="马祖日报"/>
<pingbi id="36" word="国语日报"/>
<pingbi id="37" word="八方国际资讯"/>
<pingbi id="38" word="自立晚报"/>
<pingbi id="39" word="台湾旺报"/>
<pingbi id="40" word="天下杂志"/>
<pingbi id="41" word="美洲台湾日报"/>
<pingbi id="42" word="经济日报"/>
<pingbi id="43" word="苹果日报"/>
<pingbi id="44" word="壹周刊(台湾)"/>
<pingbi id="45" word="世界电影(台湾)"/>
<pingbi id="46" word="鑫报e乐网"/>
<pingbi id="47" word="工商时报"/>
<pingbi id="48" word="金融邮报(台湾股网)"/>
<pingbi id="49" word="30杂志"/>
<pingbi id="50" word="农业电子报"/>
<pingbi id="51" word="双语学生邮报"/>
<pingbi id="52" word="中国时报新竹分社"/>
<pingbi id="53" word="1999亚太新新闻"/>
<pingbi id="54" word="台湾记者协会"/>
<pingbi id="55" word="生命力公益新闻网"/>
<pingbi id="56" word="英文中国邮报"/>
<pingbi id="57" word="台英社"/>
<pingbi id="58" word="Taipei Times"/>
<pingbi id="59" word="天眼日报社"/>
<pingbi id="60" word="青年日报"/>
<pingbi id="61" word="世界新闻媒体网"/>
<pingbi id="62" word="非常新闻通讯社"/>
<pingbi id="63" word="更生日报"/>
<pingbi id="64" word="彭博新闻社"/>
<pingbi id="65" word="彭博商业周刊"/>
<pingbi id="66" word="纽约时报"/>
<pingbi id="67" word="C-SPAN"/>
<pingbi id="68" word="明报"/>
<pingbi id="69" word="明报月刊"/>
<pingbi id="70" word="星岛日报"/>
<pingbi id="71" word="太阳报"/>
<pingbi id="72" word="亚洲周刊"/>
<pingbi id="73" word="忽然1周"/>
<pingbi id="74" word="壹周刊"/>
<pingbi id="75" word="爽报"/>
<pingbi id="76" word="穿越浏览器"/>
<pingbi id="77" word="香港报纸"/>
<pingbi id="78" word="联合报"/>
<pingbi id="79" word="旺报"/>
<pingbi id="80" word="中华电视公司"/>
<pingbi id="81" word="客家电视台"/>
<pingbi id="82" word="原住民族电视台"/>
<pingbi id="83" word="壹电视"/>
<pingbi id="84" word="澳洲广播电台中文网"/>
<pingbi id="85" word="荷兰国际广播电台中文网"/>
<pingbi id="86" word="Engadget中文网"/>
<pingbi id="87" word="博客大赛网站"/>
<pingbi id="88" word="自由亚洲电台"/>
<pingbi id="89" word="自由欧洲电台"/>
<pingbi id="90" word="加拿大国际广播电台"/>
<pingbi id="91" word="法国国际广播电台"/>
<pingbi id="92" word="梵蒂冈广播电台"/>
<pingbi id="93" word="梵蒂冈亚洲新闻通讯社"/>
<pingbi id="94" word="今日悉尼"/>
<pingbi id="95" word="澳大利亚时报澳奇网"/>
<pingbi id="96" word="中欧新闻网"/>
<pingbi id="97" word="北美中文网"/>
<pingbi id="98" word="南洋视界"/>
<pingbi id="99" word="华人今日网"/>
<pingbi id="100" word="多维新闻"/>
<pingbi id="101" word="牛博网"/>
<pingbi id="102" word="博讯"/>
<pingbi id="103" word="香港独立媒体"/>
<pingbi id="104" word="媒体公民行动网"/>
<pingbi id="105" word="新头壳"/>
<pingbi id="106" word="主场新闻"/>
<pingbi id="107" word="香港人网"/>
<pingbi id="108" word="MyRadio"/>
<pingbi id="109" word="民间电台"/>
<pingbi id="110" word="阳光时务周刊"/>
<pingbi id="111" word="开放杂志"/>
<pingbi id="112" word="苦劳网"/>
<pingbi id="113" word="留园网"/>
<pingbi id="114" word="新三才"/>
<pingbi id="115" word="希望之声国际广播电台"/>
<pingbi id="116" word="新唐人电视台"/>
<pingbi id="117" word="大纪元时报"/>
<pingbi id="118" word="信报财经新闻"/>
<pingbi id="119" word="公教报"/>
<pingbi id="120" word="星岛日报消息"/>
<pingbi id="121" word="达赖喇嘛的智慧箴言"/>
<pingbi id="122" word="辛子陵"/>
<pingbi id="123" word="高文谦"/>
<pingbi id="124" word="心灵法门“白话佛法”系列节目"/>
<pingbi id="125" word="世界报纸"/>
<pingbi id="126" word="周恩来"/>
<pingbi id="127" word="红太阳的陨落"/>
<pingbi id="128" word="CNN/NHK"/>
<pingbi id="129" word="彭博"/>
<pingbi id="130" word="美国有线电视频道"/>
<pingbi id="131" word="国际广播的电视节目"/>
<pingbi id="132" word="穆斯林"/>
<pingbi id="133" word="达赖"/>
<pingbi id="134" word="美国之音"/>
<pingbi id="135" word="世维会"/>
<pingbi id="136" word="伊斯兰"/>
<pingbi id="137" word="真主"/>
<pingbi id="138" word="安拉"/>
<pingbi id="139" word="白话佛法"/>
<pingbi id="140" word="islam"/>
<pingbi id="141" word="黄祸"/>
<pingbi id="142" word="天藏"/>
<pingbi id="143" word="法西斯 "/>
<pingbi id="144" word="右翼"/>
<pingbi id="145" word="CND刊物和论坛"/>
<pingbi id="146" word="东方日报"/>
<pingbi id="147" word="内幕"/>
<pingbi id="148" word="中国茉莉花革命"/>
<pingbi id="149" word="美国之音"/>
<pingbi id="150" word="法广中文网"/>
<pingbi id="151" word="明镜网"/>
<pingbi id="152" word="大事件"/>
<pingbi id="153" word="北京之春"/>
<pingbi id="154" word="多维"/>
<pingbi id="155" word="中央社"/>
<pingbi id="156" word="倍可亲"/>
<pingbi id="157" word="BBC"/>
<pingbi id="158" word="大纪元网"/>
<pingbi id="159" word="阿波罗新闻网"/>
<pingbi id="160" word="看中国专栏"/>
<pingbi id="161" word="万维读者网"/>
<pingbi id="162" word="RFA"/>
<pingbi id="163" word="零八宪章"/>
<pingbi id="164" word="华尔街日报"/>
<pingbi id="165" word="法广新闻网"/>
<pingbi id="166" word="中国密报"/>
<pingbi id="167" word="民主中国"/>
<pingbi id="168" word="多维新闻网"/>
<pingbi id="169" word="万维博客"/>
<pingbi id="170" word="太陽報"/>
<pingbi id="171" word="东网"/>
<pingbi id="172" word="世界日报"/>
<pingbi id="173" word="法广网"/>
<pingbi id="174" word="希望之声"/>
<pingbi id="175" word="世界新闻网"/>
<pingbi id="176" word="阿波罗网"/>
<pingbi id="177" word="内幕第28期"/>
<pingbi id="178" word="多维网"/>
<pingbi id="179" word="新纪元周刊387期"/>
<pingbi id="180" word="中国时报"/>
<pingbi id="181" word="新唐人电视台网"/>
<pingbi id="182" word="南华早报"/>
<pingbi id="183" word="联合早报"/>
<pingbi id="184" word="星岛环球网"/>
<pingbi id="185" word="博讯网"/>
<pingbi id="186" word="金融时报"/>
<pingbi id="187" word="南早中文网"/>
<pingbi id="188" word="新史记"/>
<pingbi id="189" word="金山桥"/>
<pingbi id="190" word="牛泪"/>
<pingbi id="191" word="德国之声中文网"/>
<pingbi id="192" word="信报月刊"/>
<pingbi id="193" word="中国人权双周刊"/>
<pingbi id="194" word="明星新聞網"/>
<pingbi id="195" word="西藏之声"/>
<pingbi id="196" word="开放网"/>
<pingbi id="197" word="RFI"/>
<pingbi id="198" word="博谈网"/>
<pingbi id="199" word="观察者网"/>
<pingbi id="200" word="路透社"/>
<pingbi id="201" word="香港经济日报"/>
<pingbi id="202" word="新纪元"/>
<pingbi id="203" word="纵览中国"/>
<pingbi id="204" word="爱思想"/>
<pingbi id="205" word="明镜新闻"/>
<pingbi id="206" word="动向杂志"/>
<pingbi id="207" word="争鸣杂志"/>
<pingbi id="208" word="DJY"/>
<pingbi id="209" word="茉莉花革命"/>
<pingbi id="210" word="英国金融时报"/>
<pingbi id="211" word="明镜周刊"/>
<pingbi id="212" word="联合新闻"/>
<pingbi id="213" word="BBC"/>
<pingbi id="214" word="AV"/>
<pingbi id="215" word="草榴"/>
<pingbi id="216" word="性交"/>
<pingbi id="217" word="做爱"/>
<pingbi id="218" word="裸体"/>
<pingbi id="219" word="裸聊"/>
<pingbi id="220" word="性交易"/>
<pingbi id="221" word="援交"/>
<pingbi id="222" word="性感"/>
<pingbi id="223" word="诱惑"/>
<pingbi id="224" word="重口味"/>
<pingbi id="225" word="情色"/>
<pingbi id="226" word="做爱姿势"/>
<pingbi id="227" word="性虐"/>
<pingbi id="228" word="肛交"/>
<pingbi id="229" word="口交"/>
<pingbi id="230" word="胸推"/>
<pingbi id="231" word="自慰"/>
<pingbi id="232" word="淫"/>
<pingbi id="233" word="卖身"/>
<pingbi id="234" word="偷欢"/>
<pingbi id="235" word="赤裸"/>
<pingbi id="236" word="勾引"/>
<pingbi id="237" word="强奸"/>
<pingbi id="238" word="迷奸"/>
<pingbi id="239" word="淫荡"/>
<pingbi id="240" word="高潮"/>
<pingbi id="241" word="偷精"/>
<pingbi id="242" word="卖淫"/>
<pingbi id="243" word="性骚扰"/>
<pingbi id="244" word="意淫"/>
<pingbi id="245" word="破处"/>
<pingbi id="246" word="吹萧"/>
<pingbi id="247" word="打炮"/>
<pingbi id="248" word="失身"/>
<pingbi id="249" word="失禁"/>
<pingbi id="250" word="外遇"/>
<pingbi id="251" word="变态"/>
<pingbi id="252" word="出轨"/>
<pingbi id="253" word="呻吟"/>
<pingbi id="254" word="闷骚"/>
<pingbi id="255" word="风骚"/>
<pingbi id="256" word="调戏"/>
<pingbi id="257" word="调教"/>
<pingbi id="258" word="不良"/>
<pingbi id="259" word="寻欢"/>
<pingbi id="260" word="推女郎"/>
<pingbi id="261" word="诱人"/>
<pingbi id="262" word="害羞"/>
<pingbi id="263" word="色撸"/>
<pingbi id="264" word="TD"/>
<pingbi id="265" word="撸"/>
<pingbi id="266" word="性乐"/>
<pingbi id="267" word="恋孕"/>
<pingbi id="268" word="爱爱"/>
<pingbi id="269" word="里番"/>
<pingbi id="270" word="天天干"/>
<pingbi id="271" word="性息"/>
<pingbi id="272" word="裸欲"/>
<pingbi id="273" word="调教性奴"/>
<pingbi id="274" word="成人软件"/>
<pingbi id="275" word="sex聊天室"/>
<pingbi id="276" word="小姐裸聊"/>
<pingbi id="277" word="情色五月"/>
<pingbi id="278" word="美女祼聊"/>
<pingbi id="279" word="同居万岁"/>
<pingbi id="280" word="风流岁月"/>
<pingbi id="281" word="一本道"/>
<pingbi id="282" word="腹黑"/>
<pingbi id="283" word="滥情"/>
<pingbi id="284" word="暴君"/>
<pingbi id="285" word="同居"/>
<pingbi id="286" word="人屠"/>
<pingbi id="287" word="撩人"/>
<pingbi id="288" word="专宠"/>
<pingbi id="289" word="禁忌"/>
<pingbi id="290" word="木耳"/>
<pingbi id="291" word="丰乳"/>
<pingbi id="292" word="翘臀"/>
<pingbi id="293" word="乳波"/>
<pingbi id="294" word="臀浪"/>
<pingbi id="295" word="浪臀"/>
<pingbi id="296" word="咪咪"/>
<pingbi id="297" word="小攻"/>
<pingbi id="298" word="诱惑"/>
<pingbi id="299" word="小姐"/>
<pingbi id="300" word="妓女"/>
<pingbi id="301" word="很黄"/>
<pingbi id="302" word="他妈"/>
<pingbi id="303" word="小右"/>
<pingbi id="304" word="小受"/>
</root>