<root>
<Potential id="1" ATK="143" DEF="114" HP="400" CRI="30" CRI_MUL="50"/>
<Potential id="2" ATK="143" DEF="114" HP="400" CRI="40" CRI_MUL="60"/>
<Potential id="3" ATK="143" DEF="114" HP="400" CRI="50" CRI_MUL="70"/>
<Potential id="4" ATK="143" DEF="114" HP="400" CRI="60" CRI_MUL="80"/>
<Potential id="5" ATK="143" DEF="114" HP="400" CRI="70" CRI_MUL="90"/>
<Potential id="6" ATK="143" DEF="114" HP="400" CRI="80" CRI_MUL="100"/>
<Potential id="7" ATK="143" DEF="114" HP="400" CRI="90" CRI_MUL="110"/>
<Potential id="8" ATK="143" DEF="114" HP="400" CRI="100" CRI_MUL="120"/>
<Potential id="9" ATK="143" DEF="114" HP="400" CRI="110" CRI_MUL="130"/>
<Potential id="10" ATK="143" DEF="114" HP="400" CRI="120" CRI_MUL="140"/>
<Potential id="11" ATK="143" DEF="114" HP="400" CRI="130" CRI_MUL="150"/>
<Potential id="12" ATK="143" DEF="114" HP="400" CRI="140" CRI_MUL="160"/>
<Potential id="13" ATK="143" DEF="114" HP="400" CRI="150" CRI_MUL="170"/>
<Potential id="14" ATK="143" DEF="114" HP="400" CRI="160" CRI_MUL="180"/>
<Potential id="15" ATK="143" DEF="114" HP="400" CRI="170" CRI_MUL="190"/>
<Potential id="16" ATK="143" DEF="114" HP="400" CRI="180" CRI_MUL="200"/>
<Potential id="17" ATK="143" DEF="114" HP="400" CRI="190" CRI_MUL="210"/>
<Potential id="18" ATK="143" DEF="114" HP="400" CRI="200" CRI_MUL="220"/>
<Potential id="19" ATK="143" DEF="114" HP="400" CRI="210" CRI_MUL="230"/>
<Potential id="20" ATK="143" DEF="114" HP="400" CRI="220" CRI_MUL="240"/>
<Potential id="21" ATK="143" DEF="114" HP="400" CRI="230" CRI_MUL="250"/>
<Potential id="22" ATK="143" DEF="114" HP="400" CRI="240" CRI_MUL="260"/>
<Potential id="23" ATK="143" DEF="114" HP="400" CRI="250" CRI_MUL="270"/>
<Potential id="24" ATK="143" DEF="114" HP="400" CRI="260" CRI_MUL="280"/>
<Potential id="25" ATK="143" DEF="114" HP="400" CRI="270" CRI_MUL="290"/>
<Potential id="26" ATK="143" DEF="114" HP="400" CRI="280" CRI_MUL="300"/>
<Potential id="27" ATK="143" DEF="114" HP="400" CRI="290" CRI_MUL="310"/>
<Potential id="28" ATK="143" DEF="114" HP="400" CRI="300" CRI_MUL="320"/>
<Potential id="29" ATK="143" DEF="114" HP="400" CRI="310" CRI_MUL="330"/>
<Potential id="30" ATK="143" DEF="114" HP="400" CRI="320" CRI_MUL="340"/>
<Potential id="31" ATK="150" DEF="120" HP="420" CRI="330" CRI_MUL="350"/>
<Potential id="32" ATK="158" DEF="126" HP="442" CRI="340" CRI_MUL="360"/>
<Potential id="33" ATK="165" DEF="132" HP="462" CRI="350" CRI_MUL="370"/>
<Potential id="34" ATK="173" DEF="138" HP="484" CRI="360" CRI_MUL="380"/>
<Potential id="35" ATK="181" DEF="145" HP="507" CRI="370" CRI_MUL="390"/>
<Potential id="36" ATK="190" DEF="152" HP="532" CRI="380" CRI_MUL="400"/>
<Potential id="37" ATK="199" DEF="159" HP="557" CRI="390" CRI_MUL="410"/>
<Potential id="38" ATK="207" DEF="166" HP="580" CRI="400" CRI_MUL="420"/>
<Potential id="39" ATK="217" DEF="174" HP="608" CRI="410" CRI_MUL="430"/>
<Potential id="40" ATK="226" DEF="181" HP="633" CRI="420" CRI_MUL="440"/>
<Potential id="41" ATK="236" DEF="189" HP="661" CRI="430" CRI_MUL="450"/>
<Potential id="42" ATK="246" DEF="197" HP="689" CRI="440" CRI_MUL="460"/>
<Potential id="43" ATK="256" DEF="205" HP="717" CRI="450" CRI_MUL="470"/>
<Potential id="44" ATK="267" DEF="214" HP="748" CRI="460" CRI_MUL="480"/>
<Potential id="45" ATK="278" DEF="222" HP="778" CRI="470" CRI_MUL="490"/>
<Potential id="46" ATK="290" DEF="232" HP="812" CRI="480" CRI_MUL="500"/>
<Potential id="47" ATK="301" DEF="241" HP="843" CRI="490" CRI_MUL="510"/>
<Potential id="48" ATK="313" DEF="250" HP="876" CRI="500" CRI_MUL="520"/>
<Potential id="49" ATK="326" DEF="261" HP="913" CRI="510" CRI_MUL="530"/>
<Potential id="50" ATK="338" DEF="270" HP="946" CRI="520" CRI_MUL="540"/>
<Potential id="51" ATK="352" DEF="282" HP="986" CRI="530" CRI_MUL="550"/>
<Potential id="52" ATK="365" DEF="292" HP="1022" CRI="540" CRI_MUL="560"/>
<Potential id="53" ATK="379" DEF="303" HP="1061" CRI="550" CRI_MUL="570"/>
<Potential id="54" ATK="393" DEF="314" HP="1100" CRI="560" CRI_MUL="580"/>
<Potential id="55" ATK="408" DEF="326" HP="1142" CRI="570" CRI_MUL="590"/>
<Potential id="56" ATK="423" DEF="338" HP="1184" CRI="580" CRI_MUL="600"/>
<Potential id="57" ATK="439" DEF="351" HP="1229" CRI="590" CRI_MUL="610"/>
<Potential id="58" ATK="455" DEF="364" HP="1274" CRI="600" CRI_MUL="620"/>
<Potential id="59" ATK="472" DEF="378" HP="1322" CRI="610" CRI_MUL="630"/>
<Potential id="60" ATK="489" DEF="391" HP="1369" CRI="620" CRI_MUL="640"/>
<Potential id="61" ATK="507" DEF="406" HP="1420" CRI="630" CRI_MUL="650"/>
<Potential id="62" ATK="525" DEF="420" HP="1470" CRI="640" CRI_MUL="660"/>
<Potential id="63" ATK="544" DEF="435" HP="1523" CRI="650" CRI_MUL="670"/>
<Potential id="64" ATK="563" DEF="450" HP="1576" CRI="660" CRI_MUL="680"/>
<Potential id="65" ATK="583" DEF="466" HP="1632" CRI="670" CRI_MUL="690"/>
<Potential id="66" ATK="603" DEF="482" HP="1688" CRI="680" CRI_MUL="700"/>
<Potential id="67" ATK="625" DEF="500" HP="1750" CRI="690" CRI_MUL="710"/>
<Potential id="68" ATK="646" DEF="517" HP="1809" CRI="700" CRI_MUL="720"/>
<Potential id="69" ATK="669" DEF="535" HP="1873" CRI="710" CRI_MUL="730"/>
<Potential id="70" ATK="692" DEF="554" HP="1938" CRI="720" CRI_MUL="740"/>
<Potential id="71" ATK="716" DEF="573" HP="2005" CRI="730" CRI_MUL="750"/>
<Potential id="72" ATK="740" DEF="592" HP="2072" CRI="740" CRI_MUL="760"/>
<Potential id="73" ATK="765" DEF="612" HP="2142" CRI="750" CRI_MUL="770"/>
<Potential id="74" ATK="791" DEF="633" HP="2215" CRI="760" CRI_MUL="780"/>
<Potential id="75" ATK="818" DEF="654" HP="2290" CRI="770" CRI_MUL="790"/>
<Potential id="76" ATK="845" DEF="676" HP="2366" CRI="780" CRI_MUL="800"/>
<Potential id="77" ATK="874" DEF="699" HP="2447" CRI="790" CRI_MUL="810"/>
<Potential id="78" ATK="903" DEF="722" HP="2528" CRI="800" CRI_MUL="820"/>
<Potential id="79" ATK="933" DEF="746" HP="2612" CRI="810" CRI_MUL="830"/>
<Potential id="80" ATK="964" DEF="771" HP="2699" CRI="820" CRI_MUL="840"/>
<Potential id="81" ATK="996" DEF="797" HP="2789" CRI="830" CRI_MUL="850"/>
<Potential id="82" ATK="1029" DEF="823" HP="2881" CRI="840" CRI_MUL="860"/>
<Potential id="83" ATK="1063" DEF="850" HP="2976" CRI="850" CRI_MUL="870"/>
<Potential id="84" ATK="1098" DEF="878" HP="3074" CRI="860" CRI_MUL="880"/>
<Potential id="85" ATK="1134" DEF="907" HP="3175" CRI="870" CRI_MUL="890"/>
<Potential id="86" ATK="1171" DEF="937" HP="3279" CRI="880" CRI_MUL="900"/>
<Potential id="87" ATK="1209" DEF="967" HP="3385" CRI="890" CRI_MUL="910"/>
<Potential id="88" ATK="1248" DEF="998" HP="3494" CRI="900" CRI_MUL="920"/>
<Potential id="89" ATK="1288" DEF="1030" HP="3606" CRI="910" CRI_MUL="930"/>
<Potential id="90" ATK="1330" DEF="1064" HP="3724" CRI="920" CRI_MUL="940"/>
<Potential id="91" ATK="1373" DEF="1098" HP="3844" CRI="930" CRI_MUL="950"/>
<Potential id="92" ATK="1417" DEF="1134" HP="3968" CRI="940" CRI_MUL="960"/>
<Potential id="93" ATK="1463" DEF="1170" HP="4096" CRI="950" CRI_MUL="970"/>
<Potential id="94" ATK="1510" DEF="1208" HP="4228" CRI="960" CRI_MUL="980"/>
<Potential id="95" ATK="1558" DEF="1246" HP="4362" CRI="970" CRI_MUL="990"/>
<Potential id="96" ATK="1608" DEF="1286" HP="4502" CRI="980" CRI_MUL="1000"/>
<Potential id="97" ATK="1659" DEF="1327" HP="4645" CRI="990" CRI_MUL="1010"/>
<Potential id="98" ATK="1712" DEF="1370" HP="4794" CRI="1000" CRI_MUL="1020"/>
<Potential id="99" ATK="1766" DEF="1413" HP="4945" CRI="1010" CRI_MUL="1030"/>
<Potential id="100" ATK="1822" DEF="1458" HP="5102" CRI="1020" CRI_MUL="1040"/>
<Potential id="101" ATK="1880" DEF="1504" HP="5264" CRI="1030" CRI_MUL="1050"/>
<Potential id="102" ATK="1938" DEF="1550" HP="5426" CRI="1040" CRI_MUL="1060"/>
<Potential id="103" ATK="1996" DEF="1596" HP="5589" CRI="1050" CRI_MUL="1070"/>
<Potential id="104" ATK="2054" DEF="1642" HP="5751" CRI="1060" CRI_MUL="1080"/>
<Potential id="105" ATK="2112" DEF="1688" HP="5914" CRI="1070" CRI_MUL="1090"/>
<Potential id="106" ATK="2170" DEF="1734" HP="6076" CRI="1080" CRI_MUL="1100"/>
<Potential id="107" ATK="2228" DEF="1780" HP="6238" CRI="1090" CRI_MUL="1110"/>
<Potential id="108" ATK="2286" DEF="1826" HP="6401" CRI="1100" CRI_MUL="1120"/>
<Potential id="109" ATK="2344" DEF="1872" HP="6563" CRI="1110" CRI_MUL="1130"/>
<Potential id="110" ATK="2402" DEF="1918" HP="6726" CRI="1120" CRI_MUL="1140"/>
<Potential id="111" ATK="2460" DEF="1964" HP="6888" CRI="1130" CRI_MUL="1150"/>
<Potential id="112" ATK="2518" DEF="2010" HP="7050" CRI="1140" CRI_MUL="1160"/>
<Potential id="113" ATK="2576" DEF="2056" HP="7213" CRI="1150" CRI_MUL="1170"/>
<Potential id="114" ATK="2634" DEF="2102" HP="7375" CRI="1160" CRI_MUL="1180"/>
<Potential id="115" ATK="2692" DEF="2148" HP="7538" CRI="1170" CRI_MUL="1190"/>
<Potential id="116" ATK="2750" DEF="2194" HP="7700" CRI="1180" CRI_MUL="1200"/>
<Potential id="117" ATK="2808" DEF="2240" HP="7862" CRI="1190" CRI_MUL="1210"/>
<Potential id="118" ATK="2866" DEF="2286" HP="8025" CRI="1200" CRI_MUL="1220"/>
<Potential id="119" ATK="2924" DEF="2332" HP="8187" CRI="1210" CRI_MUL="1230"/>
<Potential id="120" ATK="2982" DEF="2378" HP="8350" CRI="1220" CRI_MUL="1240"/>
<Potential id="121" ATK="3040" DEF="2424" HP="8512" CRI="1230" CRI_MUL="1250"/>
<Potential id="122" ATK="3098" DEF="2470" HP="8674" CRI="1240" CRI_MUL="1260"/>
<Potential id="123" ATK="3156" DEF="2516" HP="8837" CRI="1250" CRI_MUL="1270"/>
<Potential id="124" ATK="3214" DEF="2562" HP="8999" CRI="1260" CRI_MUL="1280"/>
<Potential id="125" ATK="3272" DEF="2608" HP="9162" CRI="1270" CRI_MUL="1290"/>
<Potential id="126" ATK="3330" DEF="2654" HP="9324" CRI="1280" CRI_MUL="1300"/>
<Potential id="127" ATK="3388" DEF="2700" HP="9486" CRI="1290" CRI_MUL="1310"/>
<Potential id="128" ATK="3446" DEF="2746" HP="9649" CRI="1300" CRI_MUL="1320"/>
<Potential id="129" ATK="3504" DEF="2792" HP="9811" CRI="1310" CRI_MUL="1330"/>
<Potential id="130" ATK="3562" DEF="2838" HP="9974" CRI="1320" CRI_MUL="1340"/>
<Potential id="131" ATK="3620" DEF="2884" HP="10136" CRI="1330" CRI_MUL="1350"/>
<Potential id="132" ATK="3678" DEF="2930" HP="10298" CRI="1340" CRI_MUL="1360"/>
<Potential id="133" ATK="3736" DEF="2976" HP="10461" CRI="1350" CRI_MUL="1370"/>
<Potential id="134" ATK="3794" DEF="3022" HP="10623" CRI="1360" CRI_MUL="1380"/>
<Potential id="135" ATK="3852" DEF="3068" HP="10786" CRI="1370" CRI_MUL="1390"/>
<Potential id="136" ATK="3910" DEF="3114" HP="10948" CRI="1380" CRI_MUL="1400"/>
<Potential id="137" ATK="3968" DEF="3160" HP="11110" CRI="1390" CRI_MUL="1410"/>
<Potential id="138" ATK="4026" DEF="3206" HP="11273" CRI="1400" CRI_MUL="1420"/>
<Potential id="139" ATK="4084" DEF="3252" HP="11435" CRI="1410" CRI_MUL="1430"/>
<Potential id="140" ATK="4142" DEF="3298" HP="11598" CRI="1420" CRI_MUL="1440"/>
<Potential id="141" ATK="4200" DEF="3344" HP="11760" CRI="1430" CRI_MUL="1450"/>
<Potential id="142" ATK="4258" DEF="3390" HP="11922" CRI="1440" CRI_MUL="1460"/>
<Potential id="143" ATK="4316" DEF="3436" HP="12085" CRI="1450" CRI_MUL="1470"/>
<Potential id="144" ATK="4374" DEF="3482" HP="12247" CRI="1460" CRI_MUL="1480"/>
<Potential id="145" ATK="4432" DEF="3528" HP="12410" CRI="1470" CRI_MUL="1490"/>
<Potential id="146" ATK="4490" DEF="3574" HP="12572" CRI="1480" CRI_MUL="1500"/>
<Potential id="147" ATK="4548" DEF="3620" HP="12734" CRI="1490" CRI_MUL="1510"/>
<Potential id="148" ATK="4606" DEF="3666" HP="12897" CRI="1500" CRI_MUL="1520"/>
<Potential id="149" ATK="4664" DEF="3712" HP="13059" CRI="1510" CRI_MUL="1530"/>
<Potential id="150" ATK="4722" DEF="3758" HP="13222" CRI="1520" CRI_MUL="1540"/>
<Potential id="151" ATK="4780" DEF="3804" HP="13384" CRI="1530" CRI_MUL="1550"/>
<Potential id="152" ATK="4838" DEF="3850" HP="13546" CRI="1540" CRI_MUL="1560"/>
<Potential id="153" ATK="4896" DEF="3896" HP="13709" CRI="1550" CRI_MUL="1570"/>
<Potential id="154" ATK="4954" DEF="3942" HP="13871" CRI="1560" CRI_MUL="1580"/>
<Potential id="155" ATK="5012" DEF="3988" HP="14034" CRI="1570" CRI_MUL="1590"/>
<Potential id="156" ATK="5070" DEF="4034" HP="14196" CRI="1580" CRI_MUL="1600"/>
<Potential id="157" ATK="5128" DEF="4080" HP="14358" CRI="1590" CRI_MUL="1610"/>
<Potential id="158" ATK="5186" DEF="4126" HP="14521" CRI="1600" CRI_MUL="1620"/>
<Potential id="159" ATK="5244" DEF="4172" HP="14683" CRI="1610" CRI_MUL="1630"/>
<Potential id="160" ATK="5302" DEF="4218" HP="14846" CRI="1620" CRI_MUL="1640"/>
<Potential id="161" ATK="5360" DEF="4264" HP="15008" CRI="1630" CRI_MUL="1650"/>
<Potential id="162" ATK="5418" DEF="4310" HP="15170" CRI="1640" CRI_MUL="1660"/>
<Potential id="163" ATK="5476" DEF="4356" HP="15333" CRI="1650" CRI_MUL="1670"/>
<Potential id="164" ATK="5534" DEF="4402" HP="15495" CRI="1660" CRI_MUL="1680"/>
<Potential id="165" ATK="5592" DEF="4448" HP="15658" CRI="1670" CRI_MUL="1690"/>
<Potential id="166" ATK="5650" DEF="4494" HP="15820" CRI="1680" CRI_MUL="1700"/>
<Potential id="167" ATK="5708" DEF="4540" HP="15982" CRI="1690" CRI_MUL="1710"/>
<Potential id="168" ATK="5766" DEF="4586" HP="16145" CRI="1700" CRI_MUL="1720"/>
<Potential id="169" ATK="5824" DEF="4632" HP="16307" CRI="1710" CRI_MUL="1730"/>
<Potential id="170" ATK="5882" DEF="4678" HP="16470" CRI="1720" CRI_MUL="1740"/>
<Potential id="171" ATK="5940" DEF="4724" HP="16632" CRI="1730" CRI_MUL="1750"/>
<Potential id="172" ATK="5998" DEF="4770" HP="16794" CRI="1740" CRI_MUL="1760"/>
<Potential id="173" ATK="6056" DEF="4816" HP="16957" CRI="1750" CRI_MUL="1770"/>
<Potential id="174" ATK="6114" DEF="4862" HP="17119" CRI="1760" CRI_MUL="1780"/>
<Potential id="175" ATK="6172" DEF="4908" HP="17282" CRI="1770" CRI_MUL="1790"/>
<Potential id="176" ATK="6230" DEF="4954" HP="17444" CRI="1780" CRI_MUL="1800"/>
<Potential id="177" ATK="6288" DEF="5000" HP="17606" CRI="1790" CRI_MUL="1810"/>
<Potential id="178" ATK="6346" DEF="5046" HP="17769" CRI="1800" CRI_MUL="1820"/>
<Potential id="179" ATK="6404" DEF="5092" HP="17931" CRI="1810" CRI_MUL="1830"/>
<Potential id="180" ATK="6462" DEF="5138" HP="18094" CRI="1820" CRI_MUL="1840"/>
<Potential id="181" ATK="6520" DEF="5184" HP="18256" CRI="1830" CRI_MUL="1850"/>
<Potential id="182" ATK="6578" DEF="5230" HP="18418" CRI="1840" CRI_MUL="1860"/>
<Potential id="183" ATK="6636" DEF="5276" HP="18581" CRI="1850" CRI_MUL="1870"/>
<Potential id="184" ATK="6694" DEF="5322" HP="18743" CRI="1860" CRI_MUL="1880"/>
<Potential id="185" ATK="6752" DEF="5368" HP="18906" CRI="1870" CRI_MUL="1890"/>
<Potential id="186" ATK="6810" DEF="5414" HP="19068" CRI="1880" CRI_MUL="1900"/>
<Potential id="187" ATK="6868" DEF="5460" HP="19230" CRI="1890" CRI_MUL="1910"/>
<Potential id="188" ATK="6926" DEF="5506" HP="19393" CRI="1900" CRI_MUL="1920"/>
<Potential id="189" ATK="6984" DEF="5552" HP="19555" CRI="1910" CRI_MUL="1930"/>
<Potential id="190" ATK="7042" DEF="5598" HP="19718" CRI="1920" CRI_MUL="1940"/>
<Potential id="191" ATK="7100" DEF="5644" HP="19880" CRI="1930" CRI_MUL="1950"/>
<Potential id="192" ATK="7158" DEF="5690" HP="20042" CRI="1940" CRI_MUL="1960"/>
<Potential id="193" ATK="7216" DEF="5736" HP="20205" CRI="1950" CRI_MUL="1970"/>
<Potential id="194" ATK="7274" DEF="5782" HP="20367" CRI="1960" CRI_MUL="1980"/>
<Potential id="195" ATK="7332" DEF="5828" HP="20530" CRI="1970" CRI_MUL="1990"/>
<Potential id="196" ATK="7390" DEF="5874" HP="20692" CRI="1980" CRI_MUL="2000"/>
<Potential id="197" ATK="7448" DEF="5920" HP="20854" CRI="1990" CRI_MUL="2010"/>
<Potential id="198" ATK="7506" DEF="5966" HP="21017" CRI="2000" CRI_MUL="2020"/>
<Potential id="199" ATK="7564" DEF="6012" HP="21179" CRI="2010" CRI_MUL="2030"/>
<Potential id="200" ATK="7622" DEF="6058" HP="21342" CRI="2020" CRI_MUL="2040"/>
</root>