<root>
<reward id="10001" weight="10000" drop_id="1001" type="1" tsk="金币装备抽奖"/>
<reward id="10002" weight="2000" drop_id="500" type="1" tsk="小金袋"/>
<reward id="10003" weight="500" drop_id="501" type="1" tsk="金袋"/>
<reward id="10004" weight="500" drop_id="504" type="1" tsk="金创药"/>
<reward id="10005" weight="100" drop_id="505" type="1" tsk="黑市刷新券"/>
<reward id="10006" weight="200" drop_id="507" type="1" tsk="神炼石"/>
<reward id="10007" weight="500" drop_id="508" type="1" tsk="普通天书"/>
<reward id="10008" weight="500" drop_id="512" type="1" tsk="一级力量宝石"/>
<reward id="10009" weight="500" drop_id="513" type="1" tsk="一级敏捷宝石"/>
<reward id="10010" weight="500" drop_id="514" type="1" tsk="一级力量宝石"/>
<reward id="10011" weight="500" drop_id="515" type="1" tsk="一级体力宝石"/>
<reward id="10012" weight="200" drop_id="516" type="1" tsk="二级红宝石"/>
<reward id="10013" weight="200" drop_id="517" type="1" tsk="二级体力宝石"/>
<reward id="10014" weight="200" drop_id="518" type="1" tsk="二级蓝玉宝石"/>
<reward id="10015" weight="200" drop_id="519" type="1" tsk="二级绿玉宝石"/>
<reward id="10016" weight="100" drop_id="520" type="1" tsk="三级红宝石"/>
<reward id="10017" weight="100" drop_id="521" type="1" tsk="三级体力宝石"/>
<reward id="10018" weight="100" drop_id="522" type="1" tsk="三级蓝玉宝石"/>
<reward id="10019" weight="100" drop_id="523" type="1" tsk="三级绿玉宝石"/>
<reward id="10020" weight="100" drop_id="509" type="1" tsk="高级天书"/>
<reward id="10021" weight="50" drop_id="510" type="1" tsk="终极天书"/>
<reward id="10022" weight="50" drop_id="511" type="1" tsk="复活药水"/>
<reward id="20001" weight="10000" drop_id="1002" type="2" tsk="钻石装备抽奖"/>
<reward id="20002" weight="1000" drop_id="600" type="2" tsk="大金袋"/>
<reward id="20003" weight="500" drop_id="601" type="2" tsk="超大金袋"/>
<reward id="20004" weight="200" drop_id="602" type="2" tsk="大金袋*2"/>
<reward id="20005" weight="100" drop_id="603" type="2" tsk="超大金袋*2"/>
<reward id="20006" weight="100" drop_id="604" type="2" tsk="黑市刷新券*2"/>
<reward id="20007" weight="100" drop_id="605" type="2" tsk="荣誉商店券"/>
<reward id="20008" weight="100" drop_id="606" type="2" tsk="神炼石*3"/>
<reward id="20009" weight="100" drop_id="607" type="2" tsk="高级天书"/>
<reward id="20010" weight="100" drop_id="608" type="2" tsk="终极天书"/>
<reward id="20011" weight="100" drop_id="609" type="2" tsk="高级天书*2"/>
<reward id="20012" weight="100" drop_id="610" type="2" tsk="终极天书*2"/>
<reward id="20013" weight="100" drop_id="611" type="2" tsk="复活药水"/>
<reward id="20018" weight="200" drop_id="616" type="2" tsk="三级红宝石"/>
<reward id="20019" weight="200" drop_id="617" type="2" tsk="三级体力宝石"/>
<reward id="20020" weight="200" drop_id="618" type="2" tsk="三级蓝玉宝石"/>
<reward id="20021" weight="200" drop_id="619" type="2" tsk="三级绿玉宝石"/>
<reward id="20022" weight="50" drop_id="620" type="2" tsk="4级红宝石"/>
<reward id="20023" weight="50" drop_id="621" type="2" tsk="4级体力宝石"/>
<reward id="20024" weight="50" drop_id="622" type="2" tsk="4级蓝玉宝石"/>
<reward id="20025" weight="50" drop_id="623" type="2" tsk="4级绿玉宝石"/>
<reward id="20026" weight="20" drop_id="624" type="2" tsk="5级红宝石"/>
<reward id="20027" weight="20" drop_id="625" type="2" tsk="5级体力宝石"/>
<reward id="20028" weight="20" drop_id="626" type="2" tsk="5级蓝玉宝石"/>
<reward id="20029" weight="20" drop_id="627" type="2" tsk="5级绿玉宝石"/>
<reward id="30000" weight="60" drop_id="629" type="5" tsk="幽灵狼召唤卷"/>
<reward id="30001" weight="60" drop_id="701" type="5" tsk="吕布卷"/>
<reward id="30002" weight="60" drop_id="702" type="5" tsk="岩牛召唤卷"/>
<reward id="30003" weight="60" drop_id="704" type="5" tsk="烛龙玉"/>
<reward id="30004" weight="60" drop_id="706" type="5" tsk="神行白羽（碎块）"/>
<reward id="30005" weight="60" drop_id="708" type="5" tsk="黑魔大翼（碎块）"/>
<reward id="30006" weight="60" drop_id="710" type="5" tsk="大将战旗（碎块）"/>
<reward id="30007" weight="2000" drop_id="510" type="3" tsk="终极天书"/>
<reward id="30008" weight="2000" drop_id="712" type="3" tsk="诸葛亮"/>
<reward id="30009" weight="2000" drop_id="713" type="3" tsk="左慈"/>
<reward id="30010" weight="2000" drop_id="714" type="3" tsk="孙尚香"/>
<reward id="30011" weight="2000" drop_id="715" type="3" tsk="陆逊"/>
<reward id="30012" weight="2000" drop_id="716" type="3" tsk="6级红宝石"/>
<reward id="30013" weight="2000" drop_id="717" type="3" tsk="6级体力宝石"/>
<reward id="30014" weight="2000" drop_id="718" type="3" tsk="6级蓝玉宝石"/>
<reward id="30015" weight="2000" drop_id="719" type="3" tsk="6级绿玉宝石"/>
</root>