<root>
<room id="11000" roomName="炎山火岭1" heroBornId="Hero_1" finish="null" roomWood="LevelWood_2" iscammove="-1" preLevelId="-1" nextLevelId="11001" Guidepoints="null" bornIds="1#"/>
<room id="11001" roomName="炎山火岭2" heroBornId="Hero_1" finish="null" roomWood="LevelWood_1" iscammove="-1" preLevelId="11000" nextLevelId="11002" Guidepoints="Guidepoints_1" bornIds="2#6#7#8#9#11#12#"/>
<room id="11002" roomName="炎山火岭3" heroBornId="Hero_1" finish="null" roomWood="null" iscammove="-1" preLevelId="11001" nextLevelId="-1" Guidepoints="Guidepoints_2" bornIds="3#"/>
<room id="11110" roomName="迷幻魔林1" heroBornId="Hero_1" finish="null" roomWood="LevelWood_1" iscammove="-1" preLevelId="-1" nextLevelId="11111" Guidepoints="null" bornIds="1140#1141#1142#1143#1144#"/>
<room id="11111" roomName="迷幻魔林2" heroBornId="Hero_1" finish="null" roomWood="null" iscammove="-1" preLevelId="11110" nextLevelId="-1" Guidepoints="Guidepoints_1" bornIds="1145#1146#1147#"/>
<room id="11120" roomName="新城之原1" heroBornId="Hero_1" finish="null" roomWood="LevelWood_1" iscammove="-1" preLevelId="-1" nextLevelId="11121" Guidepoints="null" bornIds="1148#1149#1151#1152#"/>
<room id="11121" roomName="新城之原2" heroBornId="Hero_1" finish="null" roomWood="null" iscammove="-1" preLevelId="11120" nextLevelId="-1" Guidepoints="Guidepoints_1" bornIds="1153#1154#1155#1156#1157#"/>
<room id="11130" roomName="丘陵地宫1" heroBornId="Hero_1" finish="null" roomWood="LevelWood_1" iscammove="-1" preLevelId="-1" nextLevelId="11131" Guidepoints="null" bornIds="1160#1161#"/>
<room id="11131" roomName="丘陵地宫2" heroBornId="Hero_1" finish="null" roomWood="LevelWood_3" iscammove="-1" preLevelId="11130" nextLevelId="11132" Guidepoints="Guidepoints_2" bornIds="1162#1163#1164#1165#1166#"/>
<room id="11132" roomName="丘陵地宫3" heroBornId="Hero_1" finish="null" roomWood="null" iscammove="-1" preLevelId="11131" nextLevelId="-1" Guidepoints="Guidepoints_3" bornIds="1167#"/>
<room id="11210" roomName="黑暗陵寝1" heroBornId="Hero_1" finish="null" roomWood="LevelWood_1" iscammove="-1" preLevelId="-1" nextLevelId="11211" Guidepoints="null" bornIds="1220#1221#1222#1223#1224#1225#1226#1227#"/>
<room id="11211" roomName="黑暗陵寝2" heroBornId="Hero_1" finish="null" roomWood="null" iscammove="-1" preLevelId="11210" nextLevelId="-1" Guidepoints="Guidepoints_1" bornIds="1228#1229#1230#"/>
<room id="11220" roomName="月影墓地1" heroBornId="Hero_1" finish="null" roomWood="LevelWood_1" iscammove="-1" preLevelId="-1" nextLevelId="11221" Guidepoints="null" bornIds="1232#1233#1234#1235#1236#1237#1238#1239#"/>
<room id="11221" roomName="月影墓地2" heroBornId="Hero_1" finish="null" roomWood="LevelWood_2" iscammove="-1" preLevelId="11220" nextLevelId="-1" Guidepoints="Guidepoints_1" bornIds="1240#1241#1242#1243#"/>
<room id="11230" roomName="地下陵宫1" heroBornId="Hero_1" finish="null" roomWood="LevelWood_1" iscammove="-1" preLevelId="-1" nextLevelId="11231" Guidepoints="null" bornIds="1244#1245#1246#1247#1248#1249#1250#"/>
<room id="11231" roomName="地下陵宫2" heroBornId="Hero_1" finish="null" roomWood="null" iscammove="-1" preLevelId="11230" nextLevelId="-1" Guidepoints="Guidepoints_1" bornIds="1251#1252#1253#"/>
<room id="11310" roomName="亡者之林1" heroBornId="Hero_1" finish="null" roomWood="LevelWood_1" iscammove="-1" preLevelId="-1" nextLevelId="11311" Guidepoints="null" bornIds="1315#1316#1317#1318#"/>
<room id="11311" roomName="亡者之林2" heroBornId="Hero_1" finish="null" roomWood="LevelWood_2" iscammove="-1" preLevelId="11310" nextLevelId="11312" Guidepoints="Guidepoints_1" bornIds="1319#1320#"/>
<room id="11312" roomName="亡者之林3" heroBornId="Hero_1" finish="null" roomWood="null" iscammove="-1" preLevelId="11311" nextLevelId="-1" Guidepoints="Guidepoints_2" bornIds="1321#1322#1323#"/>
<room id="11320" roomName="幽暗荒漠1" heroBornId="Hero_1" finish="null" roomWood="LevelWood_2" iscammove="-1" preLevelId="-1" nextLevelId="11321" Guidepoints="null" bornIds="1324#1325#1326#1327#"/>
<room id="11321" roomName="幽暗荒漠2" heroBornId="Hero_1" finish="null" roomWood="null" iscammove="-1" preLevelId="11320" nextLevelId="-1" Guidepoints="Guidepoints_2" bornIds="1328#1329#1330#1331#1332#"/>
<room id="11330" roomName="陵祭平原1" heroBornId="Hero_1" finish="null" roomWood="LevelWood_1" iscammove="-1" preLevelId="-1" nextLevelId="11331" Guidepoints="null" bornIds="1333#1334#1335#1336#"/>
<room id="11331" roomName="陵祭平原2" heroBornId="Hero_1" finish="null" roomWood="LevelWood_2" iscammove="-1" preLevelId="11330" nextLevelId="11332" Guidepoints="Guidepoints_1" bornIds="1337#1338#1339#"/>
<room id="11332" roomName="陵祭平原3" heroBornId="Hero_1" finish="null" roomWood="null" iscammove="-1" preLevelId="11331" nextLevelId="-1" Guidepoints="Guidepoints_2" bornIds="1340#1341#1342#"/>
<room id="11410" roomName="月影墓地1" heroBornId="Hero_1" finish="null" roomWood="LevelWood_1" iscammove="-1" preLevelId="-1" nextLevelId="11411" Guidepoints="null" bornIds="1401#1402#1403#1404#1405#1406#"/>
<room id="11411" roomName="月影墓地2" heroBornId="Hero_1" finish="null" roomWood="null" iscammove="-1" preLevelId="11410" nextLevelId="-1" Guidepoints="Guidepoints_1" bornIds="1407#1408#"/>
<room id="11420" roomName="武帝寝宫1" heroBornId="Hero_1" finish="null" roomWood="LevelWood_1" iscammove="-1" preLevelId="-1" nextLevelId="11421" Guidepoints="null" bornIds="1409#1410#1411#1412#1413#1414#1415#"/>
<room id="11421" roomName="武帝寝宫2" heroBornId="Hero_1" finish="null" roomWood="null" iscammove="-1" preLevelId="11420" nextLevelId="-1" Guidepoints="Guidepoints_1" bornIds="1416#"/>
<room id="11430" roomName="永陵地宫1" heroBornId="Hero_1" finish="null" roomWood="LevelWood_1" iscammove="-1" preLevelId="-1" nextLevelId="11431" Guidepoints="null" bornIds="1417#1418#"/>
<room id="11431" roomName="永陵地宫2" heroBornId="Hero_1" finish="null" roomWood="LevelWood_3" iscammove="-1" preLevelId="11430" nextLevelId="11432" Guidepoints="Guidepoints_2" bornIds="1419#1420#1421#1422#1423#"/>
<room id="11432" roomName="永陵地宫3" heroBornId="Hero_1" finish="null" roomWood="null" iscammove="-1" preLevelId="11431" nextLevelId="-1" Guidepoints="Guidepoints_3" bornIds="1424#"/>
<room id="11440" roomName="迷幻之林1" heroBornId="Hero_1" finish="null" roomWood="LevelWood_1" iscammove="-1" preLevelId="-1" nextLevelId="11441" Guidepoints="null" bornIds="1425#1426#1427#1428#1429#1430#"/>
<room id="11441" roomName="迷幻之林2" heroBornId="Hero_1" finish="null" roomWood="null" iscammove="-1" preLevelId="11440" nextLevelId="-1" Guidepoints="Guidepoints_1" bornIds="1431#1432#"/>
<room id="11510" roomName="密林平原1" heroBornId="Hero_1" finish="null" roomWood="LevelWood_1" iscammove="-1" preLevelId="-1" nextLevelId="11511" Guidepoints="null" bornIds="1501#1502#1503#1504#1505#"/>
<room id="11511" roomName="密林平原2" heroBornId="Hero_1" finish="null" roomWood="LevelWood_2" iscammove="-1" preLevelId="11510" nextLevelId="-1" Guidepoints="Guidepoints_1" bornIds="1506#1507#1508#1509#1510#1511#1512#1513#"/>
<room id="11520" roomName="韩陵寝宫1" heroBornId="Hero_1" finish="null" roomWood="LevelWood_1" iscammove="-1" preLevelId="-1" nextLevelId="11521" Guidepoints="null" bornIds="1514#1515#1516#1517#1518#1519#1520#"/>
<room id="11521" roomName="韩陵寝宫2" heroBornId="Hero_1" finish="null" roomWood="null" iscammove="-1" preLevelId="11520" nextLevelId="-1" Guidepoints="Guidepoints_1" bornIds="1521#1522#"/>
<room id="11530" roomName="幽暗之陵1" heroBornId="Hero_1" finish="null" roomWood="LevelWood_1" iscammove="-1" preLevelId="-1" nextLevelId="11531" Guidepoints="null" bornIds="1523#1524#1525#1526#1527#1528#"/>
<room id="11531" roomName="幽暗之陵2" heroBornId="Hero_1" finish="null" roomWood="null" iscammove="-1" preLevelId="11530" nextLevelId="-1" Guidepoints="Guidepoints_1" bornIds="1529#1530#"/>
<room id="11540" roomName="乌桓祖陵1" heroBornId="Hero_1" finish="null" roomWood="LevelWood_1" iscammove="-1" preLevelId="-1" nextLevelId="11541" Guidepoints="null" bornIds="1531#1532#"/>
<room id="11541" roomName="乌桓祖陵2" heroBornId="Hero_1" finish="null" roomWood="LevelWood_3" iscammove="-1" preLevelId="11540" nextLevelId="11542" Guidepoints="Guidepoints_2" bornIds="1533#1534#1535#1536#1537#1538#1539#1540#"/>
<room id="11542" roomName="乌桓祖陵3" heroBornId="Hero_1" finish="null" roomWood="null" iscammove="-1" preLevelId="11541" nextLevelId="-1" Guidepoints="Guidepoints_3" bornIds="1541#"/>
<room id="11550" roomName="死亡之林1" heroBornId="Hero_1" finish="null" roomWood="LevelWood_1" iscammove="-1" preLevelId="-1" nextLevelId="11551" Guidepoints="null" bornIds="1542#1543#1544#1545#1546#"/>
<room id="11551" roomName="死亡之林2" heroBornId="Hero_1" finish="null" roomWood="null" iscammove="-1" preLevelId="11550" nextLevelId="-1" Guidepoints="Guidepoints_1" bornIds="1547#1548#1549#1550#1551#"/>
<room id="21110" roomName="丘陵之城1" heroBornId="Hero_1" finish="null" roomWood="LevelWood_2" iscammove="-1" preLevelId="-1" nextLevelId="21111" Guidepoints="null" bornIds="2000#2001#"/>
<room id="21111" roomName="丘陵之城2" heroBornId="Hero_1" finish="null" roomWood="null" iscammove="-1" preLevelId="21110" nextLevelId="-1" Guidepoints="Guidepoints_2" bornIds="2002#2003#2004#2005#2006#2007#"/>
<room id="21120" roomName="蛮荒平原1" heroBornId="Hero_1" finish="null" roomWood="LevelWood_1" iscammove="-1" preLevelId="-1" nextLevelId="21121" Guidepoints="null" bornIds="2008#2009#2010#2011#"/>
<room id="21121" roomName="蛮荒平原2" heroBornId="Hero_1" finish="null" roomWood="LevelWood_2" iscammove="-1" preLevelId="21120" nextLevelId="21122" Guidepoints="Guidepoints_1" bornIds="2012#2013#2014#2015#2016#"/>
<room id="21122" roomName="蛮荒平原3" heroBornId="Hero_1" finish="null" roomWood="null" iscammove="-1" preLevelId="21121" nextLevelId="-1" Guidepoints="Guidepoints_2" bornIds="2017#2018#2019#2020#"/>
<room id="21130" roomName="封穴禅台 1" heroBornId="Hero_1" finish="null" roomWood="LevelWood_1" iscammove="-1" preLevelId="-1" nextLevelId="21131" Guidepoints="null" bornIds="2021#2022#2023#2024#2025#2026#2027#2028#"/>
<room id="21131" roomName="封穴禅台 2" heroBornId="Hero_1" finish="null" roomWood="null" iscammove="-1" preLevelId="21130" nextLevelId="-1" Guidepoints="Guidepoints_1" bornIds="2029#2030#2031#"/>
<room id="21140" roomName="江陵地窟1" heroBornId="Hero_1" finish="null" roomWood="LevelWood_1" iscammove="-1" preLevelId="-1" nextLevelId="21141" Guidepoints="null" bornIds="2032#2033#"/>
<room id="21141" roomName="江陵地窟2" heroBornId="Hero_1" finish="null" roomWood="LevelWood_3" iscammove="-1" preLevelId="21140" nextLevelId="21142" Guidepoints="Guidepoints_2" bornIds="2035#2036#2037#2038#2039#2040#"/>
<room id="21142" roomName="江陵地窟3" heroBornId="Hero_1" finish="null" roomWood="null" iscammove="-1" preLevelId="21141" nextLevelId="-1" Guidepoints="Guidepoints_3" bornIds="2041#"/>
<room id="21210" roomName="蛮荒之墓1" heroBornId="Hero_1" finish="null" roomWood="LevelWood_1" iscammove="-1" preLevelId="-1" nextLevelId="21211" Guidepoints="null" bornIds="2100#2101#2102#2103#2104#2105#"/>
<room id="21211" roomName="蛮荒之墓2" heroBornId="Hero_1" finish="null" roomWood="null" iscammove="-1" preLevelId="21210" nextLevelId="-1" Guidepoints="Guidepoints_1" bornIds="2106#2107#2160#2161#2162#2163#"/>
<room id="21220" roomName="魔域林1" heroBornId="Hero_1" finish="null" roomWood="LevelWood_1" iscammove="-1" preLevelId="-1" nextLevelId="21221" Guidepoints="null" bornIds="2108#2109#2110#2111#2112#"/>
<room id="21221" roomName="魔域林2" heroBornId="Hero_1" finish="null" roomWood="LevelWood_2" iscammove="-1" preLevelId="21220" nextLevelId="21222" Guidepoints="Guidepoints_1" bornIds="2113#2114#2115#"/>
<room id="21222" roomName="魔域林3" heroBornId="Hero_1" finish="null" roomWood="null" iscammove="-1" preLevelId="21221" nextLevelId="-1" Guidepoints="Guidepoints_2" bornIds="2116#2117#2118#2119#"/>
<room id="21230" roomName="黄金之城1" heroBornId="Hero_1" finish="null" roomWood="LevelWood_2" iscammove="-1" preLevelId="-1" nextLevelId="21231" Guidepoints="null" bornIds="2120#2121#2122#2123#2124#"/>
<room id="21231" roomName="黄金之城2" heroBornId="Hero_1" finish="null" roomWood="null" iscammove="-1" preLevelId="21230" nextLevelId="-1" Guidepoints="Guidepoints_2" bornIds="2125#2126#2127#2128#2129#2130#"/>
<room id="21240" roomName="冥雪之林1" heroBornId="Hero_1" finish="null" roomWood="LevelWood_1" iscammove="-1" preLevelId="-1" nextLevelId="21241" Guidepoints="null" bornIds="2131#2132#2133#"/>
<room id="21241" roomName="冥雪之林2" heroBornId="Hero_1" finish="null" roomWood="LevelWood_2" iscammove="-1" preLevelId="21240" nextLevelId="21242" Guidepoints="Guidepoints_1" bornIds="2134#2135#2136#2137#"/>
<room id="21242" roomName="冥雪之林3" heroBornId="Hero_1" finish="null" roomWood="null" iscammove="-1" preLevelId="21241" nextLevelId="-1" Guidepoints="Guidepoints_2" bornIds="2138#2139#2140#2141#2142#"/>
<room id="21310" roomName="墓穴之陵1" heroBornId="Hero_1" finish="null" roomWood="LevelWood_1" iscammove="-1" preLevelId="-1" nextLevelId="21311" Guidepoints="null" bornIds="2200#2201#"/>
<room id="21311" roomName="墓穴之陵2" heroBornId="Hero_1" finish="null" roomWood="LevelWood_3" iscammove="-1" preLevelId="21310" nextLevelId="21312" Guidepoints="Guidepoints_2" bornIds="2202#2203#2204#2205#2206#2207#2208#"/>
<room id="21312" roomName="墓穴之陵3" heroBornId="Hero_1" finish="null" roomWood="null" iscammove="-1" preLevelId="21311" nextLevelId="-1" Guidepoints="Guidepoints_3" bornIds="2209#"/>
<room id="21320" roomName="诸陵地宫1" heroBornId="Hero_1" finish="null" roomWood="LevelWood_1" iscammove="-1" preLevelId="-1" nextLevelId="21321" Guidepoints="null" bornIds="2210#2211#2212#2213#2214#2215#2216#2217#"/>
<room id="21321" roomName="诸陵地宫2" heroBornId="Hero_1" finish="null" roomWood="null" iscammove="-1" preLevelId="21320" nextLevelId="-1" Guidepoints="Guidepoints_1" bornIds="2240#2241#2242#"/>
<room id="21330" roomName="黑暗陵宫1" heroBornId="Hero_1" finish="null" roomWood="LevelWood_1" iscammove="-1" preLevelId="-1" nextLevelId="21331" Guidepoints="null" bornIds="2218#2219#2220#2221#"/>
<room id="21331" roomName="黑暗陵宫2" heroBornId="Hero_1" finish="null" roomWood="null" iscammove="-1" preLevelId="21330" nextLevelId="-1" Guidepoints="Guidepoints_1" bornIds="2222#2223#2224#2225#2226#2227#"/>
<room id="21410" roomName="幽暗冥地 1" heroBornId="Hero_1" finish="null" roomWood="LevelWood_1" iscammove="-1" preLevelId="-1" nextLevelId="21411" Guidepoints="null" bornIds="2300#2301#2302#2303#2304#2305#"/>
<room id="21411" roomName="幽暗冥地 2" heroBornId="Hero_1" finish="null" roomWood="null" iscammove="-1" preLevelId="21410" nextLevelId="-1" Guidepoints="Guidepoints_1" bornIds="2306#2307#2308#2309#2310#2311#2312#2313#"/>
<room id="21420" roomName="苍莽密林1" heroBornId="Hero_1" finish="null" roomWood="LevelWood_1" iscammove="-1" preLevelId="-1" nextLevelId="21421" Guidepoints="null" bornIds="2316#2317#2318#2319#2320#"/>
<room id="21421" roomName="苍莽密林2" heroBornId="Hero_1" finish="null" roomWood="null" iscammove="-1" preLevelId="21420" nextLevelId="-1" Guidepoints="Guidepoints_1" bornIds="2321#2322#2323#2324#2325#2326#2327#2328#2329#2330#"/>
<room id="21430" roomName="东郡墓陵1" heroBornId="Hero_1" finish="null" roomWood="LevelWood_1" iscammove="-1" preLevelId="-1" nextLevelId="21431" Guidepoints="null" bornIds="2332#2333#"/>
<room id="21431" roomName="东郡墓陵2" heroBornId="Hero_1" finish="null" roomWood="LevelWood_3" iscammove="-1" preLevelId="21430" nextLevelId="21432" Guidepoints="Guidepoints_2" bornIds="2334#2335#2336#2337#2338#2339#2340#"/>
<room id="21432" roomName="东郡墓陵3" heroBornId="Hero_1" finish="null" roomWood="null" iscammove="-1" preLevelId="21431" nextLevelId="-1" Guidepoints="Guidepoints_3" bornIds="2341#"/>
<room id="21440" roomName="暗雪阁1" heroBornId="Hero_1" finish="null" roomWood="LevelWood_1" iscammove="-1" preLevelId="-1" nextLevelId="21441" Guidepoints="null" bornIds="2342#2343#2344#"/>
<room id="21441" roomName="暗雪阁2" heroBornId="Hero_1" finish="null" roomWood="LevelWood_2" iscammove="-1" preLevelId="21440" nextLevelId="21442" Guidepoints="Guidepoints_1" bornIds="2345#2346#2347#2348#"/>
<room id="21442" roomName="暗雪阁3" heroBornId="Hero_1" finish="null" roomWood="null" iscammove="-1" preLevelId="21441" nextLevelId="-1" Guidepoints="Guidepoints_2" bornIds="2349#2350#2351#2352#"/>
<room id="21510" roomName="祁山之岭1" heroBornId="Hero_1" finish="null" roomWood="LevelWood_1" iscammove="-1" preLevelId="-1" nextLevelId="21511" Guidepoints="null" bornIds="2400#2401#2402#"/>
<room id="21511" roomName="祁山之岭2" heroBornId="Hero_1" finish="null" roomWood="LevelWood_2" iscammove="-1" preLevelId="21510" nextLevelId="21512" Guidepoints="Guidepoints_1" bornIds="2403#2404#2405#2406#2407#"/>
<room id="21512" roomName="祁山之岭3" heroBornId="Hero_1" finish="null" roomWood="null" iscammove="-1" preLevelId="21511" nextLevelId="-1" Guidepoints="Guidepoints_2" bornIds="2408#2409#2410#2411#"/>
<room id="21520" roomName="御龙林1" heroBornId="Hero_1" finish="null" roomWood="LevelWood_1" iscammove="-1" preLevelId="-1" nextLevelId="21521" Guidepoints="null" bornIds="2412#2413#2414#2415#"/>
<room id="21521" roomName="御龙林2" heroBornId="Hero_1" finish="null" roomWood="LevelWood_2" iscammove="-1" preLevelId="21520" nextLevelId="21522" Guidepoints="Guidepoints_1" bornIds="2416#2417#2418#"/>
<room id="21522" roomName="御龙林3" heroBornId="Hero_1" finish="null" roomWood="null" iscammove="-1" preLevelId="21521" nextLevelId="-1" Guidepoints="Guidepoints_2" bornIds="2419#2420#"/>
<room id="21530" roomName="魔冥宫1" heroBornId="Hero_2" finish="null" roomWood="LevelWood_2" iscammove="-1" preLevelId="-1" nextLevelId="21531" Guidepoints="null" bornIds="2421#2422#2423#2424#2425#2426#"/>
<room id="21531" roomName="魔冥宫2" heroBornId="Hero_2" finish="null" roomWood="null" iscammove="-1" preLevelId="21530" nextLevelId="-1" Guidepoints="Guidepoints_2" bornIds="2427#2428#2429#2430#2431#"/>
<room id="21610" roomName="暗幽魔洞1" heroBornId="Hero_1" finish="null" roomWood="LevelWood_1" iscammove="-1" preLevelId="-1" nextLevelId="21611" Guidepoints="null" bornIds="2500#2501#2502#2503#2504#"/>
<room id="21611" roomName="暗幽魔洞2" heroBornId="Hero_1" finish="null" roomWood="LevelWood_2" iscammove="-1" preLevelId="21610" nextLevelId="-1" Guidepoints="Guidepoints_1" bornIds="2505#2506#2507#2508#2509#2510#2511#"/>
<room id="21620" roomName="东郡墓陵1" heroBornId="Hero_1" finish="null" roomWood="LevelWood_1" iscammove="-1" preLevelId="-1" nextLevelId="21621" Guidepoints="null" bornIds="2512#2513#"/>
<room id="21621" roomName="东郡墓陵2" heroBornId="Hero_1" finish="null" roomWood="LevelWood_3" iscammove="-1" preLevelId="21620" nextLevelId="21622" Guidepoints="Guidepoints_2" bornIds="2514#2515#2516#2517#2518#"/>
<room id="21622" roomName="东郡墓陵3" heroBornId="Hero_1" finish="null" roomWood="null" iscammove="-1" preLevelId="21621" nextLevelId="-1" Guidepoints="Guidepoints_3" bornIds="2519#"/>
<room id="21630" roomName="幽暗巢穴1" heroBornId="Hero_1" finish="null" roomWood="LevelWood_1" iscammove="-1" preLevelId="-1" nextLevelId="21631" Guidepoints="null" bornIds="2520#2521#2522#2523#2524#2525#"/>
<room id="21631" roomName="幽暗巢穴2" heroBornId="Hero_1" finish="null" roomWood="null" iscammove="-1" preLevelId="21630" nextLevelId="-1" Guidepoints="Guidepoints_1" bornIds="2526#2527#2528#2529#2530#2531#2532#2533#"/>
<room id="21640" roomName="黑暗陵宫1" heroBornId="Hero_2" finish="null" roomWood="LevelWood_2" iscammove="-1" preLevelId="-1" nextLevelId="21641" Guidepoints="null" bornIds="2536#2537#2538#2539#2540#2541#2542#"/>
<room id="21641" roomName="黑暗陵宫2" heroBornId="Hero_2" finish="null" roomWood="null" iscammove="-1" preLevelId="21640" nextLevelId="-1" Guidepoints="Guidepoints_2" bornIds="2543#2544#2545#2546#2547#"/>
<room id="31110" roomName="王陵走廊1" heroBornId="Hero_1" finish="null" roomWood="LevelWood_1" iscammove="-1" preLevelId="-1" nextLevelId="31111" Guidepoints="null" bornIds="3000#3001#3002#3003#3004#3005#3006#"/>
<room id="31111" roomName="王陵走廊2" heroBornId="Hero_1" finish="null" roomWood="null" iscammove="-1" preLevelId="31110" nextLevelId="-1" Guidepoints="Guidepoints_1" bornIds="3007#3008#3009#3010#3011#3012#"/>
<room id="31120" roomName="奇宝阁1" heroBornId="Hero_1" finish="null" roomWood="LevelWood_1" iscammove="-1" preLevelId="-1" nextLevelId="31121" Guidepoints="null" bornIds="3019#3020#"/>
<room id="31121" roomName="奇宝阁2" heroBornId="Hero_1" finish="null" roomWood="LevelWood_3" iscammove="-1" preLevelId="31120" nextLevelId="31122" Guidepoints="Guidepoints_2" bornIds="3021#3022#3023#3024#3025#3026#3027#"/>
<room id="31122" roomName="奇宝阁3" heroBornId="Hero_1" finish="null" roomWood="null" iscammove="-1" preLevelId="31121" nextLevelId="-1" Guidepoints="Guidepoints_3" bornIds="3028#"/>
<room id="31130" roomName="王陵暗阁1" heroBornId="Hero_2" finish="null" roomWood="LevelWood_2" iscammove="-1" preLevelId="-1" nextLevelId="31131" Guidepoints="null" bornIds="3029#3030#3031#3032#3033#3034#"/>
<room id="31131" roomName="王陵暗阁2" heroBornId="Hero_2" finish="null" roomWood="null" iscammove="-1" preLevelId="31130" nextLevelId="-1" Guidepoints="Guidepoints_2" bornIds="3035#3036#3037#3038#3039#"/>
<room id="31140" roomName="魏王宝殿1" heroBornId="Hero_1" finish="null" roomWood="LevelWood_1" iscammove="-1" preLevelId="-1" nextLevelId="31141" Guidepoints="null" bornIds="3040#3041#3042#3043#3044#3045#3046#"/>
<room id="31141" roomName="魏王宝殿2" heroBornId="Hero_1" finish="null" roomWood="null" iscammove="-1" preLevelId="31140" nextLevelId="-1" Guidepoints="Guidepoints_1" bornIds="3047#3048#3049#"/>
<room id="31210" roomName="陵墓回廊1" heroBornId="Hero_1" finish="null" roomWood="LevelWood_1" iscammove="-1" preLevelId="-1" nextLevelId="31211" Guidepoints="null" bornIds="3100#3101#3102#"/>
<room id="31211" roomName="陵墓回廊2" heroBornId="Hero_1" finish="null" roomWood="LevelWood_2" iscammove="-1" preLevelId="31210" nextLevelId="31212" Guidepoints="Guidepoints_1" bornIds="3103#3104#3105#3106#"/>
<room id="31212" roomName="陵墓回廊3" heroBornId="Hero_1" finish="null" roomWood="null" iscammove="-1" preLevelId="31211" nextLevelId="-1" Guidepoints="Guidepoints_2" bornIds="3107#3108#3109#3110#"/>
<room id="31220" roomName="暗幽阁1" heroBornId="Hero_1" finish="null" roomWood="LevelWood_1" iscammove="-1" preLevelId="-1" nextLevelId="31221" Guidepoints="null" bornIds="3111#3112#3113#3114#"/>
<room id="31221" roomName="暗幽阁2" heroBornId="Hero_1" finish="null" roomWood="LevelWood_2" iscammove="-1" preLevelId="31220" nextLevelId="31222" Guidepoints="Guidepoints_1" bornIds="3115#3116#3117#3118#3119#"/>
<room id="31222" roomName="暗幽阁3" heroBornId="Hero_1" finish="null" roomWood="null" iscammove="-1" preLevelId="31221" nextLevelId="-1" Guidepoints="Guidepoints_2" bornIds="3120#3121#3122#3123#"/>
<room id="31230" roomName="冥墓殿1" heroBornId="Hero_1" finish="null" roomWood="LevelWood_1" iscammove="-1" preLevelId="-1" nextLevelId="31231" Guidepoints="null" bornIds="3124#3125#3126#3127#"/>
<room id="31231" roomName="冥墓殿2" heroBornId="Hero_1" finish="null" roomWood="LevelWood_2" iscammove="-1" preLevelId="31230" nextLevelId="31232" Guidepoints="Guidepoints_1" bornIds="3128#3129#3130#"/>
<room id="31232" roomName="冥墓殿3" heroBornId="Hero_1" finish="null" roomWood="null" iscammove="-1" preLevelId="31231" nextLevelId="-1" Guidepoints="Guidepoints_2" bornIds="3131#3132#"/>
<room id="31310" roomName="蛮荒林1" heroBornId="Hero_1" finish="null" roomWood="LevelWood_1" iscammove="-1" preLevelId="-1" nextLevelId="31311" Guidepoints="null" bornIds="3200#3201#3202#3203#3204#3205#"/>
<room id="31311" roomName="蛮荒林2" heroBornId="Hero_1" finish="null" roomWood="null" iscammove="-1" preLevelId="31310" nextLevelId="-1" Guidepoints="Guidepoints_1" bornIds="3206#3207#3208#3209#3210#3211#3212#3213#"/>
<room id="31320" roomName="暗幽潭1" heroBornId="Hero_1" finish="null" roomWood="LevelWood_1" iscammove="-1" preLevelId="-1" nextLevelId="31321" Guidepoints="null" bornIds="3214#3215#3216#3217#3218#"/>
<room id="31321" roomName="暗幽潭2" heroBornId="Hero_1" finish="null" roomWood="null" iscammove="-1" preLevelId="31320" nextLevelId="-1" Guidepoints="Guidepoints_1" bornIds="3219#3220#3221#3222#3223#3224#3225#3226#3227#3228#"/>
<room id="31330" roomName="蛮荒过道 1" heroBornId="Hero_1" finish="null" roomWood="LevelWood_1" iscammove="-1" preLevelId="-1" nextLevelId="31331" Guidepoints="null" bornIds="3229#3230#3231#3232#3233#3234#3235#"/>
<room id="31331" roomName="蛮荒过道 2" heroBornId="Hero_1" finish="null" roomWood="null" iscammove="-1" preLevelId="31330" nextLevelId="-1" Guidepoints="Guidepoints_1" bornIds="3236#3237#3238#"/>
<room id="31340" roomName="幽暗林殿1" heroBornId="Hero_1" finish="null" roomWood="LevelWood_1" iscammove="-1" preLevelId="-1" nextLevelId="31341" Guidepoints="null" bornIds="3239#3240#"/>
<room id="31341" roomName="幽暗林殿2" heroBornId="Hero_1" finish="null" roomWood="LevelWood_3" iscammove="-1" preLevelId="31340" nextLevelId="31342" Guidepoints="Guidepoints_2" bornIds="3241#3242#3243#3244#3245#3246#3247#"/>
<room id="31342" roomName="幽暗林殿3" heroBornId="Hero_1" finish="null" roomWood="null" iscammove="-1" preLevelId="31341" nextLevelId="-1" Guidepoints="Guidepoints_3" bornIds="3248#"/>
<room id="31410" roomName="陵宫回廊1" heroBornId="Hero_1" finish="null" roomWood="LevelWood_1" iscammove="-1" preLevelId="-1" nextLevelId="31411" Guidepoints="null" bornIds="3300#3301#3302#"/>
<room id="31411" roomName="陵宫回廊2" heroBornId="Hero_1" finish="null" roomWood="LevelWood_2" iscammove="-1" preLevelId="31410" nextLevelId="31412" Guidepoints="Guidepoints_1" bornIds="3303#3304#3305#3306#"/>
<room id="31412" roomName="陵宫回廊3" heroBornId="Hero_1" finish="null" roomWood="null" iscammove="-1" preLevelId="31411" nextLevelId="-1" Guidepoints="Guidepoints_2" bornIds="3307#3308#3309#3310#"/>
<room id="31420" roomName="幽暗之地1" heroBornId="Hero_1" finish="null" roomWood="LevelWood_1" iscammove="-1" preLevelId="-1" nextLevelId="31421" Guidepoints="null" bornIds="3311#3312#3313#3314#3315#3316#3317#"/>
<room id="31421" roomName="幽暗之地2" heroBornId="Hero_1" finish="null" roomWood="null" iscammove="-1" preLevelId="31420" nextLevelId="-1" Guidepoints="Guidepoints_1" bornIds="3318#3319#3320#3321#3322#"/>
<room id="31430" roomName="幽暗密室1" heroBornId="Hero_1" finish="null" roomWood="LevelWood_1" iscammove="-1" preLevelId="-1" nextLevelId="31431" Guidepoints="null" bornIds="3323#3324#3325#3326#3327#3328#3329#"/>
<room id="31431" roomName="幽暗密室2" heroBornId="Hero_1" finish="null" roomWood="null" iscammove="-1" preLevelId="31430" nextLevelId="-1" Guidepoints="Guidepoints_1" bornIds="3330#3331#3332#"/>
<room id="31440" roomName="韩陵寝宫1" heroBornId="Hero_1" finish="null" roomWood="LevelWood_1" iscammove="-1" preLevelId="-1" nextLevelId="31441" Guidepoints="null" bornIds="3333#3334#3335#3336#3337#"/>
<room id="31441" roomName="韩陵寝宫2" heroBornId="Hero_1" finish="null" roomWood="LevelWood_2" iscammove="-1" preLevelId="31440" nextLevelId="31442" Guidepoints="Guidepoints_1" bornIds="3338#3339#3340#3341#"/>
<room id="31442" roomName="韩陵寝宫3" heroBornId="Hero_1" finish="null" roomWood="null" iscammove="-1" preLevelId="31441" nextLevelId="-1" Guidepoints="Guidepoints_2" bornIds="3342#3343#3344#3345#"/>
<room id="31510" roomName="永陵阁1" heroBornId="Hero_1" finish="null" roomWood="LevelWood_1" iscammove="-1" preLevelId="-1" nextLevelId="31511" Guidepoints="null" bornIds="3400#3401#3402#"/>
<room id="31511" roomName="永陵阁2" heroBornId="Hero_1" finish="null" roomWood="null" iscammove="-1" preLevelId="31510" nextLevelId="-1" Guidepoints="Guidepoints_1" bornIds="3403#3404#3405#3406#3407#3408#3409#3410#3411#"/>
<room id="31520" roomName="幽暗回廊1" heroBornId="Hero_1" finish="null" roomWood="LevelWood_1" iscammove="-1" preLevelId="-1" nextLevelId="31521" Guidepoints="null" bornIds="3412#3413#3414#3415#"/>
<room id="31521" roomName="幽暗回廊2" heroBornId="Hero_1" finish="null" roomWood="LevelWood_2" iscammove="-1" preLevelId="31520" nextLevelId="31522" Guidepoints="Guidepoints_1" bornIds="3416#3417#3418#"/>
<room id="31522" roomName="幽暗回廊3" heroBornId="Hero_1" finish="null" roomWood="null" iscammove="-1" preLevelId="31521" nextLevelId="-1" Guidepoints="Guidepoints_2" bornIds="3419#3420#"/>
<room id="31530" roomName="蛮荒之墓1" heroBornId="Hero_1" finish="null" roomWood="LevelWood_1" iscammove="-1" preLevelId="-1" nextLevelId="31531" Guidepoints="null" bornIds="3421#3422#3423#3424#"/>
<room id="31531" roomName="蛮荒之墓2" heroBornId="Hero_1" finish="null" roomWood="LevelWood_2" iscammove="-1" preLevelId="31530" nextLevelId="31532" Guidepoints="Guidepoints_1" bornIds="3425#3426#3427#3428#3429#"/>
<room id="31532" roomName="蛮荒之墓3" heroBornId="Hero_1" finish="null" roomWood="null" iscammove="-1" preLevelId="31531" nextLevelId="-1" Guidepoints="Guidepoints_2" bornIds="3430#3431#3432#3462#"/>
<room id="31540" roomName="幽冥路1" heroBornId="Hero_1" finish="null" roomWood="LevelWood_1" iscammove="-1" preLevelId="-1" nextLevelId="31541" Guidepoints="null" bornIds="3433#3434#3435#3436#3437#3438#"/>
<room id="31541" roomName="幽冥路2" heroBornId="Hero_1" finish="null" roomWood="null" iscammove="-1" preLevelId="31540" nextLevelId="-1" Guidepoints="Guidepoints_1" bornIds="3439#3440#3441#3442#3443#3444#3445#3446#"/>
<room id="31550" roomName="永陵殿1" heroBornId="Hero_1" finish="null" roomWood="LevelWood_1" iscammove="-1" preLevelId="-1" nextLevelId="31551" Guidepoints="null" bornIds="3447#3448#3449#3450#3451#"/>
<room id="31551" roomName="永陵殿2" heroBornId="Hero_1" finish="null" roomWood="null" iscammove="-1" preLevelId="31550" nextLevelId="-1" Guidepoints="Guidepoints_1" bornIds="3452#3453#3454#3455#3456#3457#3458#3459#3460#3461#"/>
<room id="31610" roomName="幽灵路1" heroBornId="Hero_1" finish="null" roomWood="LevelWood_1" iscammove="-1" preLevelId="-1" nextLevelId="31611" Guidepoints="null" bornIds="3500#3501#3502#"/>
<room id="31611" roomName="幽灵路2" heroBornId="Hero_1" finish="null" roomWood="LevelWood_2" iscammove="-1" preLevelId="31610" nextLevelId="31612" Guidepoints="Guidepoints_1" bornIds="3503#3504#3505#3506#"/>
<room id="31612" roomName="幽灵路3" heroBornId="Hero_1" finish="null" roomWood="null" iscammove="-1" preLevelId="31611" nextLevelId="-1" Guidepoints="Guidepoints_2" bornIds="3507#3508#3509#3510#"/>
<room id="31620" roomName="蛮荒阁1" heroBornId="Hero_1" finish="null" roomWood="LevelWood_1" iscammove="-1" preLevelId="-1" nextLevelId="31621" Guidepoints="null" bornIds="3511#3512#3513#3514#3515#3516#3517#"/>
<room id="31621" roomName="蛮荒阁2" heroBornId="Hero_1" finish="null" roomWood="null" iscammove="-1" preLevelId="31620" nextLevelId="-1" Guidepoints="Guidepoints_1" bornIds="3518#3519#3520#3521#3522#"/>
<room id="31630" roomName="幽灵走廊1" heroBornId="Hero_1" finish="null" roomWood="LevelWood_1" iscammove="-1" preLevelId="-1" nextLevelId="31631" Guidepoints="null" bornIds="3523#3524#3525#3526#3527#3528#3529#"/>
<room id="31631" roomName="幽灵走廊2" heroBornId="Hero_1" finish="null" roomWood="null" iscammove="-1" preLevelId="31630" nextLevelId="-1" Guidepoints="Guidepoints_1" bornIds="3530#3531#3532#"/>
<room id="31640" roomName="幽暗密林1" heroBornId="Hero_1" finish="null" roomWood="LevelWood_1" iscammove="-1" preLevelId="-1" nextLevelId="31641" Guidepoints="null" bornIds="3533#3534#"/>
<room id="31641" roomName="幽暗密林2" heroBornId="Hero_1" finish="null" roomWood="LevelWood_3" iscammove="-1" preLevelId="31640" nextLevelId="31642" Guidepoints="Guidepoints_2" bornIds="3535#3536#3537#3538#3539#3540#3541#"/>
<room id="31642" roomName="幽暗密林3" heroBornId="Hero_1" finish="null" roomWood="null" iscammove="-1" preLevelId="31641" nextLevelId="-1" Guidepoints="Guidepoints_3" bornIds="3542#"/>
<room id="31650" roomName="蛮荒殿1" heroBornId="Hero_2" finish="null" roomWood="LevelWood_2" iscammove="-1" preLevelId="-1" nextLevelId="31651" Guidepoints="null" bornIds="3543#3544#3545#3546#3547#3548#"/>
<room id="31651" roomName="蛮荒殿2" heroBornId="Hero_2" finish="null" roomWood="null" iscammove="-1" preLevelId="31650" nextLevelId="-1" Guidepoints="Guidepoints_2" bornIds="3549#3550#3551#3552#3553#"/>
<room id="41110" roomName="陵墓殿 1" heroBornId="Hero_1" finish="null" roomWood="LevelWood_1" iscammove="-1" preLevelId="-1" nextLevelId="41111" Guidepoints="null" bornIds="4000#4001#4002#"/>
<room id="41111" roomName="陵墓殿 2" heroBornId="Hero_1" finish="null" roomWood="null" iscammove="-1" preLevelId="41110" nextLevelId="-1" Guidepoints="Guidepoints_1" bornIds="4003#4004#4005#4006#4007#4008#4009#4010#4011#"/>
<room id="41120" roomName="靖王墓道" heroBornId="Hero_1" finish="null" roomWood="LevelWood_1" iscammove="-1" preLevelId="-1" nextLevelId="41121" Guidepoints="null" bornIds="4012#4013#4014#4015#"/>
<room id="41121" roomName="靖王墓道" heroBornId="Hero_1" finish="null" roomWood="LevelWood_2" iscammove="-1" preLevelId="41120" nextLevelId="41122" Guidepoints="Guidepoints_1" bornIds="4016#4017#4018#"/>
<room id="41122" roomName="靖王墓道" heroBornId="Hero_1" finish="null" roomWood="null" iscammove="-1" preLevelId="41121" nextLevelId="-1" Guidepoints="Guidepoints_2" bornIds="4019#4020#"/>
<room id="41130" roomName="藏宝阁 " heroBornId="Hero_1" finish="null" roomWood="LevelWood_1" iscammove="-1" preLevelId="-1" nextLevelId="41131" Guidepoints="null" bornIds="4021#4022#4023#4024#"/>
<room id="41131" roomName="藏宝阁 " heroBornId="Hero_1" finish="null" roomWood="LevelWood_2" iscammove="-1" preLevelId="41130" nextLevelId="41132" Guidepoints="Guidepoints_1" bornIds="4025#4026#4027#4028#4029#"/>
<room id="41132" roomName="藏宝阁 " heroBornId="Hero_1" finish="null" roomWood="null" iscammove="-1" preLevelId="41131" nextLevelId="-1" Guidepoints="Guidepoints_2" bornIds="4030#4031#4032#4062#"/>
<room id="41140" roomName="陵墓之心" heroBornId="Hero_1" finish="null" roomWood="LevelWood_1" iscammove="-1" preLevelId="-1" nextLevelId="41141" Guidepoints="null" bornIds="4033#4034#4035#4036#4037#4038#"/>
<room id="41141" roomName="陵墓之心" heroBornId="Hero_1" finish="null" roomWood="null" iscammove="-1" preLevelId="41140" nextLevelId="-1" Guidepoints="Guidepoints_1" bornIds="4039#4040#4041#4042#4043#4044#4045#4046#"/>
<room id="41150" roomName="仙藏殿" heroBornId="Hero_1" finish="null" roomWood="LevelWood_1" iscammove="-1" preLevelId="-1" nextLevelId="41151" Guidepoints="null" bornIds="4100#4101#4102#4103#4104#"/>
<room id="41151" roomName="仙藏殿" heroBornId="Hero_1" finish="null" roomWood="null" iscammove="-1" preLevelId="41150" nextLevelId="-1" Guidepoints="Guidepoints_1" bornIds="4105#4106#4107#4108#4109#4110#4111#4112#4113#4114#"/>
<room id="41160" roomName="不死之路" heroBornId="Hero_1" finish="null" roomWood="LevelWood_1" iscammove="-1" preLevelId="-1" nextLevelId="41161" Guidepoints="null" bornIds="4115#4116#4117#4118#4119#4120#4121#"/>
<room id="41161" roomName="不死之路" heroBornId="Hero_1" finish="null" roomWood="null" iscammove="-1" preLevelId="41160" nextLevelId="-1" Guidepoints="Guidepoints_1" bornIds="4122#4123#4124#"/>
<room id="41170" roomName="水晶宝阁" heroBornId="Hero_1" finish="null" roomWood="LevelWood_1" iscammove="-1" preLevelId="-1" nextLevelId="41171" Guidepoints="null" bornIds="4125#4126#"/>
<room id="41171" roomName="水晶宝阁" heroBornId="Hero_1" finish="null" roomWood="LevelWood_3" iscammove="-1" preLevelId="41170" nextLevelId="41172" Guidepoints="Guidepoints_2" bornIds="4127#4128#4129#4130#4131#4132#4133#"/>
<room id="41172" roomName="水晶宝阁" heroBornId="Hero_1" finish="null" roomWood="null" iscammove="-1" preLevelId="41171" nextLevelId="-1" Guidepoints="Guidepoints_3" bornIds="4134#"/>
<room id="41180" roomName="魔冥宫" heroBornId="Hero_1" finish="null" roomWood="LevelWood_1" iscammove="-1" preLevelId="-1" nextLevelId="41181" Guidepoints="null" bornIds="4135#4136#4137#"/>
<room id="41181" roomName="魔冥宫" heroBornId="Hero_1" finish="null" roomWood="LevelWood_2" iscammove="-1" preLevelId="41180" nextLevelId="41182" Guidepoints="Guidepoints_1" bornIds="4138#4139#4140#4141#"/>
<room id="41182" roomName="魔冥宫" heroBornId="Hero_1" finish="null" roomWood="null" iscammove="-1" preLevelId="41181" nextLevelId="-1" Guidepoints="Guidepoints_2" bornIds="4142#4143#4144#4145#"/>
<room id="41190" roomName="魔陵殿" heroBornId="Hero_1" finish="null" roomWood="LevelWood_1" iscammove="-1" preLevelId="-1" nextLevelId="41191" Guidepoints="null" bornIds="4200#4201#4202#4203#4204#4205#4206#"/>
<room id="41191" roomName="魔陵殿" heroBornId="Hero_1" finish="null" roomWood="null" iscammove="-1" preLevelId="41190" nextLevelId="-1" Guidepoints="Guidepoints_1" bornIds="4207#4208#4209#4210#4211#"/>
<room id="41200" roomName="冥啸阁" heroBornId="Hero_1" finish="null" roomWood="LevelWood_1" iscammove="-1" preLevelId="-1" nextLevelId="41201" Guidepoints="null" bornIds="4212#4213#4214#4215#4216#"/>
<room id="41201" roomName="冥啸阁" heroBornId="Hero_1" finish="null" roomWood="LevelWood_2" iscammove="-1" preLevelId="41200" nextLevelId="41202" Guidepoints="Guidepoints_1" bornIds="4217#4218#4219#4220#"/>
<room id="41202" roomName="冥啸阁" heroBornId="Hero_1" finish="null" roomWood="null" iscammove="-1" preLevelId="41201" nextLevelId="-1" Guidepoints="Guidepoints_2" bornIds="4221#4222#4240#4241#"/>
<room id="41210" roomName="魔冥陵宫" heroBornId="Hero_1" finish="null" roomWood="LevelWood_1" iscammove="-1" preLevelId="-1" nextLevelId="41211" Guidepoints="null" bornIds="4223#4224#4225#4226#4227#4228#4229#"/>
<room id="41211" roomName="魔冥陵宫" heroBornId="Hero_1" finish="null" roomWood="null" iscammove="-1" preLevelId="41210" nextLevelId="-1" Guidepoints="Guidepoints_1" bornIds="4230#4231#4232#"/>
<room id="41220" roomName="陵墓殿" heroBornId="Hero_1" finish="null" roomWood="LevelWood_1" iscammove="-1" preLevelId="-1" nextLevelId="41221" Guidepoints="null" bornIds="4300#4301#4302#"/>
<room id="41221" roomName="陵墓殿" heroBornId="Hero_1" finish="null" roomWood="null" iscammove="-1" preLevelId="41220" nextLevelId="-1" Guidepoints="Guidepoints_1" bornIds="4303#4304#4305#4306#4307#4308#4309#4310#4311#"/>
<room id="41230" roomName="陵宫宝阁" heroBornId="Hero_1" finish="null" roomWood="LevelWood_1" iscammove="-1" preLevelId="-1" nextLevelId="41231" Guidepoints="null" bornIds="4312#4313#4314#4315#"/>
<room id="41231" roomName="陵宫宝阁" heroBornId="Hero_1" finish="null" roomWood="LevelWood_2" iscammove="-1" preLevelId="41230" nextLevelId="41232" Guidepoints="Guidepoints_1" bornIds="4316#4317#4318#"/>
<room id="41232" roomName="陵宫宝阁" heroBornId="Hero_1" finish="null" roomWood="null" iscammove="-1" preLevelId="41231" nextLevelId="-1" Guidepoints="Guidepoints_2" bornIds="4319#4320#"/>
<room id="41240" roomName="墓穴过道" heroBornId="Hero_1" finish="null" roomWood="LevelWood_1" iscammove="-1" preLevelId="-1" nextLevelId="41241" Guidepoints="null" bornIds="4321#4322#4323#4324#"/>
<room id="41241" roomName="墓穴过道" heroBornId="Hero_1" finish="null" roomWood="LevelWood_2" iscammove="-1" preLevelId="41240" nextLevelId="41242" Guidepoints="Guidepoints_1" bornIds="4325#4326#4327#4328#4329#"/>
<room id="41242" roomName="墓穴过道" heroBornId="Hero_1" finish="null" roomWood="null" iscammove="-1" preLevelId="41241" nextLevelId="-1" Guidepoints="Guidepoints_2" bornIds="4330#4331#4332#4362#"/>
<room id="41250" roomName="陵宫魔殿" heroBornId="Hero_1" finish="null" roomWood="LevelWood_1" iscammove="-1" preLevelId="-1" nextLevelId="41251" Guidepoints="null" bornIds="4333#4334#4335#4336#4337#4338#"/>
<room id="41251" roomName="陵宫魔殿" heroBornId="Hero_1" finish="null" roomWood="null" iscammove="-1" preLevelId="41250" nextLevelId="-1" Guidepoints="Guidepoints_1" bornIds="4339#4340#4341#4342#4343#4344#4345#4346#"/>
<room id="41260" roomName="长安郊外" heroBornId="Hero_1" finish="null" roomWood="LevelWood_1" iscammove="-1" preLevelId="-1" nextLevelId="41261" Guidepoints="null" bornIds="4400#4401#4402#4403#4404#4405#4406#"/>
<room id="41261" roomName="长安郊外" heroBornId="Hero_1" finish="null" roomWood="null" iscammove="-1" preLevelId="41260" nextLevelId="-1" Guidepoints="Guidepoints_1" bornIds="4407#4408#4409#"/>
<room id="41270" roomName="大校场 " heroBornId="Hero_1" finish="null" roomWood="LevelWood_1" iscammove="-1" preLevelId="-1" nextLevelId="41271" Guidepoints="null" bornIds="4410#4411#"/>
<room id="41271" roomName="大校场 " heroBornId="Hero_1" finish="null" roomWood="LevelWood_3" iscammove="-1" preLevelId="41270" nextLevelId="41272" Guidepoints="Guidepoints_2" bornIds="4412#4413#4414#4415#4416#4417#4418#"/>
<room id="41272" roomName="大校场 " heroBornId="Hero_1" finish="null" roomWood="null" iscammove="-1" preLevelId="41271" nextLevelId="-1" Guidepoints="Guidepoints_3" bornIds="4419#"/>
<room id="41280" roomName="陵宫之殿" heroBornId="Hero_1" finish="null" roomWood="LevelWood_1" iscammove="-1" preLevelId="-1" nextLevelId="41281" Guidepoints="null" bornIds="4420#4421#4422#4423#4424#4425#"/>
<room id="41281" roomName="陵宫之殿" heroBornId="Hero_1" finish="null" roomWood="LevelWood_2" iscammove="-1" preLevelId="41280" nextLevelId="41282" Guidepoints="Guidepoints_1" bornIds="4426#4427#4428#4429#"/>
<room id="41282" roomName="陵宫之殿" heroBornId="Hero_1" finish="null" roomWood="null" iscammove="-1" preLevelId="41281" nextLevelId="-1" Guidepoints="Guidepoints_2" bornIds="4430#4431#4432#4433#"/>
<room id="41290" roomName="乌巢" heroBornId="Hero_1" finish="null" roomWood="LevelWood_1" iscammove="-1" preLevelId="-1" nextLevelId="41291" Guidepoints="null" bornIds="4500#4501#4502#4503#"/>
<room id="41291" roomName="乌巢" heroBornId="Hero_1" finish="null" roomWood="LevelWood_2" iscammove="-1" preLevelId="41290" nextLevelId="41292" Guidepoints="Guidepoints_1" bornIds="4504#4505#4506#"/>
<room id="41292" roomName="乌巢" heroBornId="Hero_1" finish="null" roomWood="null" iscammove="-1" preLevelId="41291" nextLevelId="-1" Guidepoints="Guidepoints_2" bornIds="4507#4508#"/>
<room id="41300" roomName="白马" heroBornId="Hero_1" finish="null" roomWood="LevelWood_1" iscammove="-1" preLevelId="-1" nextLevelId="41301" Guidepoints="null" bornIds="4509#4510#4511#4512#"/>
<room id="41301" roomName="白马" heroBornId="Hero_1" finish="null" roomWood="LevelWood_2" iscammove="-1" preLevelId="41300" nextLevelId="41302" Guidepoints="Guidepoints_1" bornIds="4513#4514#4515#4516#4517#"/>
<room id="41302" roomName="白马" heroBornId="Hero_1" finish="null" roomWood="null" iscammove="-1" preLevelId="41301" nextLevelId="-1" Guidepoints="Guidepoints_2" bornIds="4518#4519#4520#4521#"/>
<room id="41310" roomName="河岸渡口" heroBornId="Hero_1" finish="null" roomWood="LevelWood_1" iscammove="-1" preLevelId="-1" nextLevelId="41311" Guidepoints="null" bornIds="4522#4562#4523#4524#4525#4526#"/>
<room id="41311" roomName="河岸渡口" heroBornId="Hero_1" finish="null" roomWood="null" iscammove="-1" preLevelId="41310" nextLevelId="-1" Guidepoints="Guidepoints_1" bornIds="4527#4528#4529#4530#4531#4532#4533#4534#"/>
<room id="41320" roomName="许昌" heroBornId="Hero_1" finish="null" roomWood="LevelWood_1" iscammove="-1" preLevelId="-1" nextLevelId="41321" Guidepoints="null" bornIds="4535#4536#4537#4538#4539#"/>
<room id="41321" roomName="许昌" heroBornId="Hero_1" finish="null" roomWood="null" iscammove="-1" preLevelId="41320" nextLevelId="-1" Guidepoints="Guidepoints_1" bornIds="4540#4541#4542#4543#4544#4545#4546#4547#4548#4549#"/>
<room id="51110" roomName="陵墓殿 1" heroBornId="Hero_1" finish="null" roomWood="LevelWood_1" iscammove="-1" preLevelId="-1" nextLevelId="51111" Guidepoints="null" bornIds="5000#5001#5002#"/>
<room id="51111" roomName="陵墓殿 2" heroBornId="Hero_1" finish="null" roomWood="null" iscammove="-1" preLevelId="51110" nextLevelId="-1" Guidepoints="Guidepoints_1" bornIds="5003#5004#5005#5006#5007#5008#5009#5010#5011#"/>
<room id="51120" roomName="靖王墓道" heroBornId="Hero_1" finish="null" roomWood="LevelWood_1" iscammove="-1" preLevelId="-1" nextLevelId="51121" Guidepoints="null" bornIds="5012#5013#5014#5015#"/>
<room id="51121" roomName="靖王墓道" heroBornId="Hero_1" finish="null" roomWood="LevelWood_2" iscammove="-1" preLevelId="51120" nextLevelId="51122" Guidepoints="Guidepoints_1" bornIds="5016#5017#5018#"/>
<room id="51122" roomName="靖王墓道" heroBornId="Hero_1" finish="null" roomWood="null" iscammove="-1" preLevelId="51121" nextLevelId="-1" Guidepoints="Guidepoints_2" bornIds="5019#5020#"/>
<room id="51130" roomName="藏宝阁 " heroBornId="Hero_1" finish="null" roomWood="LevelWood_1" iscammove="-1" preLevelId="-1" nextLevelId="51131" Guidepoints="null" bornIds="5021#5022#5023#5024#"/>
<room id="51131" roomName="藏宝阁 " heroBornId="Hero_1" finish="null" roomWood="LevelWood_2" iscammove="-1" preLevelId="51130" nextLevelId="51132" Guidepoints="Guidepoints_1" bornIds="5025#5026#5027#5028#5029#"/>
<room id="51132" roomName="藏宝阁 " heroBornId="Hero_1" finish="null" roomWood="null" iscammove="-1" preLevelId="51131" nextLevelId="-1" Guidepoints="Guidepoints_2" bornIds="5030#5031#5032#5062#"/>
<room id="51140" roomName="陵墓之心" heroBornId="Hero_1" finish="null" roomWood="LevelWood_1" iscammove="-1" preLevelId="-1" nextLevelId="51141" Guidepoints="null" bornIds="5033#5034#5035#5036#5037#5038#"/>
<room id="51141" roomName="陵墓之心" heroBornId="Hero_1" finish="null" roomWood="null" iscammove="-1" preLevelId="51140" nextLevelId="-1" Guidepoints="Guidepoints_1" bornIds="5039#5040#5041#5042#5043#5044#5045#5046#"/>
<room id="51150" roomName="仙藏殿" heroBornId="Hero_1" finish="null" roomWood="LevelWood_1" iscammove="-1" preLevelId="-1" nextLevelId="51151" Guidepoints="null" bornIds="5100#5101#5102#5103#5104#"/>
<room id="51151" roomName="仙藏殿" heroBornId="Hero_1" finish="null" roomWood="null" iscammove="-1" preLevelId="51150" nextLevelId="-1" Guidepoints="Guidepoints_1" bornIds="5105#5106#5107#5108#5109#5110#5111#5112#5113#5114#"/>
<room id="51160" roomName="不死之路" heroBornId="Hero_1" finish="null" roomWood="LevelWood_1" iscammove="-1" preLevelId="-1" nextLevelId="51161" Guidepoints="null" bornIds="5115#5116#5117#5118#5119#5120#5121#"/>
<room id="51161" roomName="不死之路" heroBornId="Hero_1" finish="null" roomWood="null" iscammove="-1" preLevelId="51160" nextLevelId="-1" Guidepoints="Guidepoints_1" bornIds="5122#5123#5124#"/>
<room id="51170" roomName="水晶宝阁" heroBornId="Hero_1" finish="null" roomWood="LevelWood_1" iscammove="-1" preLevelId="-1" nextLevelId="51171" Guidepoints="null" bornIds="5125#5126#"/>
<room id="51171" roomName="水晶宝阁" heroBornId="Hero_1" finish="null" roomWood="LevelWood_3" iscammove="-1" preLevelId="51170" nextLevelId="51172" Guidepoints="Guidepoints_2" bornIds="5127#5128#5129#5130#5131#5132#5133#"/>
<room id="51172" roomName="水晶宝阁" heroBornId="Hero_1" finish="null" roomWood="null" iscammove="-1" preLevelId="51171" nextLevelId="-1" Guidepoints="Guidepoints_3" bornIds="5134#"/>
<room id="51180" roomName="魔冥宫" heroBornId="Hero_1" finish="null" roomWood="LevelWood_1" iscammove="-1" preLevelId="-1" nextLevelId="51181" Guidepoints="null" bornIds="5135#5136#5137#"/>
<room id="51181" roomName="魔冥宫" heroBornId="Hero_1" finish="null" roomWood="LevelWood_2" iscammove="-1" preLevelId="51180" nextLevelId="51182" Guidepoints="Guidepoints_1" bornIds="5138#5139#5140#5141#"/>
<room id="51182" roomName="魔冥宫" heroBornId="Hero_1" finish="null" roomWood="null" iscammove="-1" preLevelId="51181" nextLevelId="-1" Guidepoints="Guidepoints_2" bornIds="5142#5143#5144#5145#"/>
<room id="51190" roomName="魔陵殿" heroBornId="Hero_1" finish="null" roomWood="LevelWood_1" iscammove="-1" preLevelId="-1" nextLevelId="51191" Guidepoints="null" bornIds="5200#5201#5202#5203#5204#5205#5206#"/>
<room id="51191" roomName="魔陵殿" heroBornId="Hero_1" finish="null" roomWood="null" iscammove="-1" preLevelId="51190" nextLevelId="-1" Guidepoints="Guidepoints_1" bornIds="5207#5208#5209#5210#5211#"/>
<room id="51200" roomName="冥啸阁" heroBornId="Hero_1" finish="null" roomWood="LevelWood_1" iscammove="-1" preLevelId="-1" nextLevelId="51201" Guidepoints="null" bornIds="5212#5213#5214#5215#5216#"/>
<room id="51201" roomName="冥啸阁" heroBornId="Hero_1" finish="null" roomWood="LevelWood_2" iscammove="-1" preLevelId="51200" nextLevelId="51202" Guidepoints="Guidepoints_1" bornIds="5217#5218#5219#5220#"/>
<room id="51202" roomName="冥啸阁" heroBornId="Hero_1" finish="null" roomWood="null" iscammove="-1" preLevelId="51201" nextLevelId="-1" Guidepoints="Guidepoints_2" bornIds="5221#5222#5240#5241#"/>
<room id="51210" roomName="魔冥陵宫" heroBornId="Hero_1" finish="null" roomWood="LevelWood_1" iscammove="-1" preLevelId="-1" nextLevelId="51211" Guidepoints="null" bornIds="5223#5224#5225#5226#5227#5228#5229#"/>
<room id="51211" roomName="魔冥陵宫" heroBornId="Hero_1" finish="null" roomWood="null" iscammove="-1" preLevelId="51210" nextLevelId="-1" Guidepoints="Guidepoints_1" bornIds="5230#5231#5232#"/>
<room id="51220" roomName="陵墓殿" heroBornId="Hero_1" finish="null" roomWood="LevelWood_1" iscammove="-1" preLevelId="-1" nextLevelId="51221" Guidepoints="null" bornIds="5300#5301#5302#"/>
<room id="51221" roomName="陵墓殿" heroBornId="Hero_1" finish="null" roomWood="null" iscammove="-1" preLevelId="51220" nextLevelId="-1" Guidepoints="Guidepoints_1" bornIds="5303#5304#5305#5306#5307#5308#5309#5310#5311#"/>
<room id="51230" roomName="陵宫宝阁" heroBornId="Hero_1" finish="null" roomWood="LevelWood_1" iscammove="-1" preLevelId="-1" nextLevelId="51231" Guidepoints="null" bornIds="5312#5313#5314#5315#"/>
<room id="51231" roomName="陵宫宝阁" heroBornId="Hero_1" finish="null" roomWood="LevelWood_2" iscammove="-1" preLevelId="51230" nextLevelId="51232" Guidepoints="Guidepoints_1" bornIds="5316#5317#5318#"/>
<room id="51232" roomName="陵宫宝阁" heroBornId="Hero_1" finish="null" roomWood="null" iscammove="-1" preLevelId="51231" nextLevelId="-1" Guidepoints="Guidepoints_2" bornIds="5319#5320#"/>
<room id="51240" roomName="墓穴过道" heroBornId="Hero_1" finish="null" roomWood="LevelWood_1" iscammove="-1" preLevelId="-1" nextLevelId="51241" Guidepoints="null" bornIds="5321#5322#5323#5324#"/>
<room id="51241" roomName="墓穴过道" heroBornId="Hero_1" finish="null" roomWood="LevelWood_2" iscammove="-1" preLevelId="51240" nextLevelId="51242" Guidepoints="Guidepoints_1" bornIds="5325#5326#5327#5328#5329#"/>
<room id="51242" roomName="墓穴过道" heroBornId="Hero_1" finish="null" roomWood="null" iscammove="-1" preLevelId="51241" nextLevelId="-1" Guidepoints="Guidepoints_2" bornIds="5330#5331#5332#5362#"/>
<room id="51250" roomName="陵宫魔殿" heroBornId="Hero_1" finish="null" roomWood="LevelWood_1" iscammove="-1" preLevelId="-1" nextLevelId="51251" Guidepoints="null" bornIds="5333#5334#5335#5336#5337#5338#"/>
<room id="51251" roomName="陵宫魔殿" heroBornId="Hero_1" finish="null" roomWood="null" iscammove="-1" preLevelId="51250" nextLevelId="-1" Guidepoints="Guidepoints_1" bornIds="5339#5340#5341#5342#5343#5344#5345#5346#"/>
<room id="51260" roomName="长安郊外" heroBornId="Hero_1" finish="null" roomWood="LevelWood_1" iscammove="-1" preLevelId="-1" nextLevelId="51261" Guidepoints="null" bornIds="5400#5401#5402#5403#5404#5405#5406#"/>
<room id="51261" roomName="长安郊外" heroBornId="Hero_1" finish="null" roomWood="null" iscammove="-1" preLevelId="51260" nextLevelId="-1" Guidepoints="Guidepoints_1" bornIds="5407#5408#5409#"/>
<room id="51270" roomName="大校场 " heroBornId="Hero_1" finish="null" roomWood="LevelWood_1" iscammove="-1" preLevelId="-1" nextLevelId="51271" Guidepoints="null" bornIds="5410#5411#"/>
<room id="51271" roomName="大校场 " heroBornId="Hero_1" finish="null" roomWood="LevelWood_3" iscammove="-1" preLevelId="51270" nextLevelId="51272" Guidepoints="Guidepoints_2" bornIds="5412#5413#5414#5415#5416#5417#5418#"/>
<room id="51272" roomName="大校场 " heroBornId="Hero_1" finish="null" roomWood="null" iscammove="-1" preLevelId="51271" nextLevelId="-1" Guidepoints="Guidepoints_3" bornIds="5419#"/>
<room id="51280" roomName="陵宫之殿" heroBornId="Hero_1" finish="null" roomWood="LevelWood_1" iscammove="-1" preLevelId="-1" nextLevelId="51281" Guidepoints="null" bornIds="5420#5421#5422#5423#5424#5425#"/>
<room id="51281" roomName="陵宫之殿" heroBornId="Hero_1" finish="null" roomWood="LevelWood_2" iscammove="-1" preLevelId="51280" nextLevelId="51282" Guidepoints="Guidepoints_1" bornIds="5426#5427#5428#5429#"/>
<room id="51282" roomName="陵宫之殿" heroBornId="Hero_1" finish="null" roomWood="null" iscammove="-1" preLevelId="51281" nextLevelId="-1" Guidepoints="Guidepoints_2" bornIds="5430#5431#5432#5433#"/>
<room id="51290" roomName="乌巢" heroBornId="Hero_1" finish="null" roomWood="LevelWood_1" iscammove="-1" preLevelId="-1" nextLevelId="51291" Guidepoints="null" bornIds="5500#5501#5502#5503#"/>
<room id="51291" roomName="乌巢" heroBornId="Hero_1" finish="null" roomWood="LevelWood_2" iscammove="-1" preLevelId="51290" nextLevelId="51292" Guidepoints="Guidepoints_1" bornIds="5504#5505#5506#"/>
<room id="51292" roomName="乌巢" heroBornId="Hero_1" finish="null" roomWood="null" iscammove="-1" preLevelId="51291" nextLevelId="-1" Guidepoints="Guidepoints_2" bornIds="5507#5508#"/>
<room id="51300" roomName="白马" heroBornId="Hero_1" finish="null" roomWood="LevelWood_1" iscammove="-1" preLevelId="-1" nextLevelId="51301" Guidepoints="null" bornIds="5509#5510#5511#5512#"/>
<room id="51301" roomName="白马" heroBornId="Hero_1" finish="null" roomWood="LevelWood_2" iscammove="-1" preLevelId="51300" nextLevelId="51302" Guidepoints="Guidepoints_1" bornIds="5513#5514#5515#5516#5517#"/>
<room id="51302" roomName="白马" heroBornId="Hero_1" finish="null" roomWood="null" iscammove="-1" preLevelId="51301" nextLevelId="-1" Guidepoints="Guidepoints_2" bornIds="5518#5519#5520#5521#"/>
<room id="51310" roomName="河岸渡口" heroBornId="Hero_1" finish="null" roomWood="LevelWood_1" iscammove="-1" preLevelId="-1" nextLevelId="51311" Guidepoints="null" bornIds="5522#5562#5523#5524#5525#5526#"/>
<room id="51311" roomName="河岸渡口" heroBornId="Hero_1" finish="null" roomWood="null" iscammove="-1" preLevelId="51310" nextLevelId="-1" Guidepoints="Guidepoints_1" bornIds="5527#5528#5529#5530#5531#5532#5533#5534#"/>
<room id="51320" roomName="许昌" heroBornId="Hero_1" finish="null" roomWood="LevelWood_1" iscammove="-1" preLevelId="-1" nextLevelId="51321" Guidepoints="null" bornIds="5535#5536#5537#5538#5539#"/>
<room id="51321" roomName="许昌" heroBornId="Hero_1" finish="null" roomWood="null" iscammove="-1" preLevelId="51320" nextLevelId="-1" Guidepoints="Guidepoints_1" bornIds="5540#5541#5542#5543#5544#5545#5546#5547#5548#5549#"/>
<room id="61110" roomName="陵墓殿 1" heroBornId="Hero_1" finish="null" roomWood="LevelWood_1" iscammove="-1" preLevelId="-1" nextLevelId="61111" Guidepoints="null" bornIds="6000#6001#6002#"/>
<room id="61111" roomName="陵墓殿 2" heroBornId="Hero_1" finish="null" roomWood="null" iscammove="-1" preLevelId="61110" nextLevelId="-1" Guidepoints="Guidepoints_1" bornIds="6003#6004#6005#6006#6007#6008#6009#6010#6011#"/>
<room id="61120" roomName="靖王墓道" heroBornId="Hero_1" finish="null" roomWood="LevelWood_1" iscammove="-1" preLevelId="-1" nextLevelId="61121" Guidepoints="null" bornIds="6012#6013#6014#6015#"/>
<room id="61121" roomName="靖王墓道" heroBornId="Hero_1" finish="null" roomWood="LevelWood_2" iscammove="-1" preLevelId="61120" nextLevelId="61122" Guidepoints="Guidepoints_1" bornIds="6016#6017#6018#"/>
<room id="61122" roomName="靖王墓道" heroBornId="Hero_1" finish="null" roomWood="null" iscammove="-1" preLevelId="61121" nextLevelId="-1" Guidepoints="Guidepoints_2" bornIds="6019#6020#"/>
<room id="61130" roomName="藏宝阁 " heroBornId="Hero_1" finish="null" roomWood="LevelWood_1" iscammove="-1" preLevelId="-1" nextLevelId="61131" Guidepoints="null" bornIds="6021#6022#6023#6024#"/>
<room id="61131" roomName="藏宝阁 " heroBornId="Hero_1" finish="null" roomWood="LevelWood_2" iscammove="-1" preLevelId="61130" nextLevelId="61132" Guidepoints="Guidepoints_1" bornIds="6025#6026#6027#6028#6029#"/>
<room id="61132" roomName="藏宝阁 " heroBornId="Hero_1" finish="null" roomWood="null" iscammove="-1" preLevelId="61131" nextLevelId="-1" Guidepoints="Guidepoints_2" bornIds="6030#6031#6032#6062#"/>
<room id="61140" roomName="陵墓之心" heroBornId="Hero_1" finish="null" roomWood="LevelWood_1" iscammove="-1" preLevelId="-1" nextLevelId="61141" Guidepoints="null" bornIds="6033#6034#6035#6036#6037#6038#"/>
<room id="61141" roomName="陵墓之心" heroBornId="Hero_1" finish="null" roomWood="null" iscammove="-1" preLevelId="61140" nextLevelId="-1" Guidepoints="Guidepoints_1" bornIds="6039#6040#6041#6042#6043#6044#6045#6046#"/>
<room id="61150" roomName="仙藏殿" heroBornId="Hero_1" finish="null" roomWood="LevelWood_1" iscammove="-1" preLevelId="-1" nextLevelId="61161" Guidepoints="null" bornIds="6100#6101#6102#6103#6104#"/>
<room id="61161" roomName="仙藏殿" heroBornId="Hero_1" finish="null" roomWood="null" iscammove="-1" preLevelId="61150" nextLevelId="-1" Guidepoints="Guidepoints_1" bornIds="6105#6106#6107#6108#6109#6110#6111#6112#6113#6114#"/>
<room id="61160" roomName="不死之路" heroBornId="Hero_1" finish="null" roomWood="LevelWood_1" iscammove="-1" preLevelId="-1" nextLevelId="61161" Guidepoints="null" bornIds="6115#6116#6117#6118#6119#6120#6121#"/>
<room id="61161" roomName="不死之路" heroBornId="Hero_1" finish="null" roomWood="null" iscammove="-1" preLevelId="61160" nextLevelId="-1" Guidepoints="Guidepoints_1" bornIds="6122#6123#6124#"/>
<room id="61170" roomName="水晶宝阁" heroBornId="Hero_1" finish="null" roomWood="LevelWood_1" iscammove="-1" preLevelId="-1" nextLevelId="61171" Guidepoints="null" bornIds="6125#6126#"/>
<room id="61171" roomName="水晶宝阁" heroBornId="Hero_1" finish="null" roomWood="LevelWood_3" iscammove="-1" preLevelId="61170" nextLevelId="61172" Guidepoints="Guidepoints_2" bornIds="6127#6128#6129#6130#6131#6132#6133#"/>
<room id="61172" roomName="水晶宝阁" heroBornId="Hero_1" finish="null" roomWood="null" iscammove="-1" preLevelId="61171" nextLevelId="-1" Guidepoints="Guidepoints_3" bornIds="6134#"/>
<room id="61180" roomName="魔冥宫" heroBornId="Hero_1" finish="null" roomWood="LevelWood_1" iscammove="-1" preLevelId="-1" nextLevelId="61181" Guidepoints="null" bornIds="6135#6136#6137#"/>
<room id="61181" roomName="魔冥宫" heroBornId="Hero_1" finish="null" roomWood="LevelWood_2" iscammove="-1" preLevelId="61180" nextLevelId="61182" Guidepoints="Guidepoints_1" bornIds="6138#6139#6140#6141#"/>
<room id="61182" roomName="魔冥宫" heroBornId="Hero_1" finish="null" roomWood="null" iscammove="-1" preLevelId="61181" nextLevelId="-1" Guidepoints="Guidepoints_2" bornIds="6142#6143#6144#6145#"/>
<room id="61190" roomName="魔陵殿" heroBornId="Hero_1" finish="null" roomWood="LevelWood_1" iscammove="-1" preLevelId="-1" nextLevelId="61191" Guidepoints="null" bornIds="6200#6201#6202#6203#6204#6205#6206#"/>
<room id="61191" roomName="魔陵殿" heroBornId="Hero_1" finish="null" roomWood="null" iscammove="-1" preLevelId="61190" nextLevelId="-1" Guidepoints="Guidepoints_1" bornIds="6207#6208#6209#6210#6211#"/>
<room id="61200" roomName="冥啸阁" heroBornId="Hero_1" finish="null" roomWood="LevelWood_1" iscammove="-1" preLevelId="-1" nextLevelId="61201" Guidepoints="null" bornIds="6212#6213#6214#6215#6216#"/>
<room id="61201" roomName="冥啸阁" heroBornId="Hero_1" finish="null" roomWood="LevelWood_2" iscammove="-1" preLevelId="61200" nextLevelId="61202" Guidepoints="Guidepoints_1" bornIds="6217#6218#6219#6220#6221#"/>
<room id="61202" roomName="冥啸阁" heroBornId="Hero_1" finish="null" roomWood="null" iscammove="-1" preLevelId="61201" nextLevelId="-1" Guidepoints="Guidepoints_2" bornIds="6222#6240#6241#6242#"/>
<room id="61210" roomName="魔冥陵宫" heroBornId="Hero_1" finish="null" roomWood="LevelWood_1" iscammove="-1" preLevelId="-1" nextLevelId="61211" Guidepoints="null" bornIds="6223#6224#6225#6226#6227#6228#6229#"/>
<room id="61211" roomName="魔冥陵宫" heroBornId="Hero_1" finish="null" roomWood="null" iscammove="-1" preLevelId="61210" nextLevelId="-1" Guidepoints="Guidepoints_1" bornIds="6230#6231#6232#"/>
<room id="61220" roomName="陵墓殿" heroBornId="Hero_1" finish="null" roomWood="LevelWood_1" iscammove="-1" preLevelId="-1" nextLevelId="61221" Guidepoints="null" bornIds="6300#6301#6302#"/>
<room id="61221" roomName="陵墓殿" heroBornId="Hero_1" finish="null" roomWood="null" iscammove="-1" preLevelId="61220" nextLevelId="-1" Guidepoints="Guidepoints_1" bornIds="6303#6304#6305#6306#6307#6308#6309#6310#6311#"/>
<room id="61230" roomName="陵宫宝阁" heroBornId="Hero_1" finish="null" roomWood="LevelWood_1" iscammove="-1" preLevelId="-1" nextLevelId="61231" Guidepoints="null" bornIds="6312#6313#6314#6315#"/>
<room id="61231" roomName="陵宫宝阁" heroBornId="Hero_1" finish="null" roomWood="LevelWood_2" iscammove="-1" preLevelId="61230" nextLevelId="61232" Guidepoints="Guidepoints_1" bornIds="6316#6317#6318#"/>
<room id="61232" roomName="陵宫宝阁" heroBornId="Hero_1" finish="null" roomWood="null" iscammove="-1" preLevelId="61231" nextLevelId="-1" Guidepoints="Guidepoints_2" bornIds="6319#6320#"/>
<room id="61240" roomName="墓穴过道" heroBornId="Hero_1" finish="null" roomWood="LevelWood_1" iscammove="-1" preLevelId="-1" nextLevelId="61241" Guidepoints="null" bornIds="6321#6322#6323#6324#"/>
<room id="61241" roomName="墓穴过道" heroBornId="Hero_1" finish="null" roomWood="LevelWood_2" iscammove="-1" preLevelId="61240" nextLevelId="61242" Guidepoints="Guidepoints_1" bornIds="6325#6326#6327#6328#6329#"/>
<room id="61242" roomName="墓穴过道" heroBornId="Hero_1" finish="null" roomWood="null" iscammove="-1" preLevelId="61241" nextLevelId="-1" Guidepoints="Guidepoints_2" bornIds="6330#6331#6332#6362#"/>
<room id="61250" roomName="陵宫魔殿" heroBornId="Hero_1" finish="null" roomWood="LevelWood_1" iscammove="-1" preLevelId="-1" nextLevelId="61261" Guidepoints="null" bornIds="6333#6334#6335#6336#6337#6338#"/>
<room id="61261" roomName="陵宫魔殿" heroBornId="Hero_1" finish="null" roomWood="null" iscammove="-1" preLevelId="61250" nextLevelId="-1" Guidepoints="Guidepoints_1" bornIds="6339#6340#6341#6342#6343#6344#6345#6346#"/>
<room id="61260" roomName="长安郊外" heroBornId="Hero_1" finish="null" roomWood="LevelWood_1" iscammove="-1" preLevelId="-1" nextLevelId="61261" Guidepoints="null" bornIds="6400#6401#6402#6403#6404#6405#6406#"/>
<room id="61261" roomName="长安郊外" heroBornId="Hero_1" finish="null" roomWood="null" iscammove="-1" preLevelId="61260" nextLevelId="-1" Guidepoints="Guidepoints_1" bornIds="6407#6408#6409#"/>
<room id="61270" roomName="大校场 " heroBornId="Hero_1" finish="null" roomWood="LevelWood_1" iscammove="-1" preLevelId="-1" nextLevelId="61271" Guidepoints="null" bornIds="6410#6411#"/>
<room id="61271" roomName="大校场 " heroBornId="Hero_1" finish="null" roomWood="LevelWood_3" iscammove="-1" preLevelId="61270" nextLevelId="61272" Guidepoints="Guidepoints_2" bornIds="6412#6413#6414#6415#6416#6417#6418#"/>
<room id="61272" roomName="大校场 " heroBornId="Hero_1" finish="null" roomWood="null" iscammove="-1" preLevelId="61271" nextLevelId="-1" Guidepoints="Guidepoints_3" bornIds="6419#"/>
<room id="61280" roomName="陵宫之殿" heroBornId="Hero_1" finish="null" roomWood="LevelWood_1" iscammove="-1" preLevelId="-1" nextLevelId="61281" Guidepoints="null" bornIds="6420#6421#6422#6423#6424#6425#"/>
<room id="61281" roomName="陵宫之殿" heroBornId="Hero_1" finish="null" roomWood="LevelWood_2" iscammove="-1" preLevelId="61280" nextLevelId="61282" Guidepoints="Guidepoints_1" bornIds="6426#6427#6428#6429#"/>
<room id="61282" roomName="陵宫之殿" heroBornId="Hero_1" finish="null" roomWood="null" iscammove="-1" preLevelId="61281" nextLevelId="-1" Guidepoints="Guidepoints_2" bornIds="6430#6431#6432#6433#"/>
<room id="61290" roomName="乌巢" heroBornId="Hero_1" finish="null" roomWood="LevelWood_1" iscammove="-1" preLevelId="-1" nextLevelId="61291" Guidepoints="null" bornIds="6500#6501#6502#6503#"/>
<room id="61291" roomName="乌巢" heroBornId="Hero_1" finish="null" roomWood="LevelWood_2" iscammove="-1" preLevelId="61290" nextLevelId="61292" Guidepoints="Guidepoints_1" bornIds="6504#6505#6506#"/>
<room id="61292" roomName="乌巢" heroBornId="Hero_1" finish="null" roomWood="null" iscammove="-1" preLevelId="61291" nextLevelId="-1" Guidepoints="Guidepoints_2" bornIds="6507#6508#"/>
<room id="61300" roomName="白马" heroBornId="Hero_1" finish="null" roomWood="LevelWood_1" iscammove="-1" preLevelId="-1" nextLevelId="61301" Guidepoints="null" bornIds="6509#6510#6511#6512#"/>
<room id="61301" roomName="白马" heroBornId="Hero_1" finish="null" roomWood="LevelWood_2" iscammove="-1" preLevelId="61300" nextLevelId="61302" Guidepoints="Guidepoints_1" bornIds="6513#6514#6515#6516#6517#"/>
<room id="61302" roomName="白马" heroBornId="Hero_1" finish="null" roomWood="null" iscammove="-1" preLevelId="61301" nextLevelId="-1" Guidepoints="Guidepoints_2" bornIds="6518#6519#6520#6521#"/>
<room id="61310" roomName="河岸渡口" heroBornId="Hero_1" finish="null" roomWood="LevelWood_1" iscammove="-1" preLevelId="-1" nextLevelId="61311" Guidepoints="null" bornIds="6522#6562#6523#6524#6525#6526#"/>
<room id="61311" roomName="河岸渡口" heroBornId="Hero_1" finish="null" roomWood="null" iscammove="-1" preLevelId="61310" nextLevelId="-1" Guidepoints="Guidepoints_1" bornIds="6527#6528#6529#6530#6531#6532#6533#6534#"/>
<room id="61320" roomName="许昌" heroBornId="Hero_1" finish="null" roomWood="LevelWood_1" iscammove="-1" preLevelId="-1" nextLevelId="61321" Guidepoints="null" bornIds="6535#6536#6537#6538#6539#"/>
<room id="61321" roomName="许昌" heroBornId="Hero_1" finish="null" roomWood="null" iscammove="-1" preLevelId="61320" nextLevelId="-1" Guidepoints="Guidepoints_1" bornIds="6540#6541#6542#6543#6544#6545#6546#6547#6548#6549#"/>
<room id="12001" roomName="王陵走廊 (精英)" heroBornId="Hero_1" finish="null" roomWood="LevelWood_1" iscammove="-1" preLevelId="-1" nextLevelId="12002" Guidepoints="null" bornIds="20000#20001#20002#20003#20004#"/>
<room id="12002" roomName="王陵走廊 (精英)" heroBornId="Hero_1" finish="null" roomWood="null" iscammove="-1" preLevelId="12001" nextLevelId="-1" Guidepoints="Guidepoints_1" bornIds="20005#20006#20007#20008#20009#20010#"/>
<room id="12011" roomName="奇宝阁(精英)" heroBornId="Hero_1" finish="null" roomWood="LevelWood_1" iscammove="-1" preLevelId="-1" nextLevelId="12012" Guidepoints="null" bornIds="20100#20101#20102#20103#20104#"/>
<room id="12012" roomName="奇宝阁(精英1)" heroBornId="Hero_1" finish="null" roomWood="null" iscammove="-1" preLevelId="12011" nextLevelId="-1" Guidepoints="Guidepoints_1" bornIds="20105#20106#20107#20108#20109#20110#20111#20112#"/>
<room id="12021" roomName="王陵暗阁(精英)" heroBornId="Hero_1" finish="null" roomWood="LevelWood_1" iscammove="-1" preLevelId="-1" nextLevelId="12022" Guidepoints="null" bornIds="20200#20201#20202#20203#20204#"/>
<room id="12022" roomName="王陵暗阁(精英1)" heroBornId="Hero_1" finish="null" roomWood="LevelWood_2" iscammove="-1" preLevelId="12021" nextLevelId="12023" Guidepoints="Guidepoints_1" bornIds="20205#20206#20207#"/>
<room id="12023" roomName="王陵暗阁(精英2)" heroBornId="Hero_1" finish="null" roomWood="null" iscammove="-1" preLevelId="12022" nextLevelId="-1" Guidepoints="Guidepoints_2" bornIds="20208#20209#20210#20211#20212#20213#20214#"/>
<room id="12031" roomName="魏王宝殿(精英)" heroBornId="Hero_1" finish="null" roomWood="LevelWood_1" iscammove="-1" preLevelId="-1" nextLevelId="12032" Guidepoints="null" bornIds="20300#20301#"/>
<room id="12032" roomName="魏王宝殿(精英1)" heroBornId="Hero_1" finish="null" roomWood="LevelWood_2" iscammove="-1" preLevelId="12031" nextLevelId="12033" Guidepoints="Guidepoints_2" bornIds="20302#20303#20304#20305#"/>
<room id="12033" roomName="魏王宝殿(精英2)" heroBornId="Hero_1" finish="null" roomWood="null" iscammove="-1" preLevelId="12032" nextLevelId="-1" Guidepoints="Guidepoints_3" bornIds="20306#20307#20308#20309#20310#20311#"/>
<room id="12041" roomName="陵墓回廊(精英)" heroBornId="Hero_1" finish="null" roomWood="LevelWood_1" iscammove="-1" preLevelId="-1" nextLevelId="12042" Guidepoints="null" bornIds="20400#20401#20402#20403#"/>
<room id="12042" roomName="陵墓回廊(精英1)" heroBornId="Hero_1" finish="null" roomWood="null" iscammove="-1" preLevelId="12041" nextLevelId="-1" Guidepoints="Guidepoints_1" bornIds="20404#20405#20406#20407#20408#20409#20410#20411#20412#"/>
<room id="12051" roomName="暗幽阁(精英)" heroBornId="Hero_1" finish="null" roomWood="LevelWood_1" iscammove="-1" preLevelId="-1" nextLevelId="12052" Guidepoints="null" bornIds="20500#20501#20502#20503#20504#20505#"/>
<room id="12052" roomName="暗幽阁(精英1)" heroBornId="Hero_1" finish="null" roomWood="LevelWood_2" iscammove="-1" preLevelId="12051" nextLevelId="12053" Guidepoints="Guidepoints_1" bornIds="20506#20507#20508#20509#20510#"/>
<room id="12053" roomName="暗幽阁(精英1)" heroBornId="Hero_1" finish="null" roomWood="null" iscammove="-1" preLevelId="12052" nextLevelId="-1" Guidepoints="Guidepoints_2" bornIds="20511#20512#20513#20514#"/>
<room id="12061" roomName="冥墓殿(精英)" heroBornId="Hero_1" finish="null" roomWood="LevelWood_1" iscammove="-1" preLevelId="-1" nextLevelId="12062" Guidepoints="null" bornIds="20600#20601#20602#20603#20604#20605#"/>
<room id="12062" roomName="冥墓殿(精英1)" heroBornId="Hero_1" finish="null" roomWood="null" iscammove="-1" preLevelId="12061" nextLevelId="-1" Guidepoints="Guidepoints_1" bornIds="20606#20607#20608#20609#20610#20611#"/>
<room id="12071" roomName="蛮荒林(精英)" heroBornId="Hero_1" finish="null" roomWood="LevelWood_1" iscammove="-1" preLevelId="-1" nextLevelId="12072" Guidepoints="null" bornIds="20700#20701#20702#20703#20704#"/>
<room id="12072" roomName="蛮荒林(精英1)" heroBornId="Hero_1" finish="null" roomWood="LevelWood_2" iscammove="-1" preLevelId="12071" nextLevelId="12073" Guidepoints="Guidepoints_1" bornIds="20705#20706#20707#20708#"/>
<room id="12073" roomName="蛮荒林(精英1)" heroBornId="Hero_1" finish="null" roomWood="null" iscammove="-1" preLevelId="12072" nextLevelId="-1" Guidepoints="Guidepoints_2" bornIds="20709#20710#20711#20712#20713#"/>
<room id="12081" roomName="暗幽潭(精英)" heroBornId="Hero_1" finish="null" roomWood="LevelWood_1" iscammove="-1" preLevelId="-1" nextLevelId="12082" Guidepoints="null" bornIds="20800#20801#20802#20803#"/>
<room id="12082" roomName="暗幽潭(精英1)" heroBornId="Hero_1" finish="null" roomWood="LevelWood_2" iscammove="-1" preLevelId="12081" nextLevelId="12083" Guidepoints="Guidepoints_1" bornIds="20804#20805#20806#20807#20808#"/>
<room id="12083" roomName="暗幽潭(精英1)" heroBornId="Hero_1" finish="null" roomWood="null" iscammove="-1" preLevelId="12082" nextLevelId="-1" Guidepoints="Guidepoints_2" bornIds="20809#20810#20811#20812#20813#20814#"/>
<room id="12091" roomName="蛮荒过道 (精英)" heroBornId="Hero_1" finish="null" roomWood="LevelWood_1" iscammove="-1" preLevelId="-1" nextLevelId="12092" Guidepoints="null" bornIds="20900#20901#20902#20903#20904#"/>
<room id="12092" roomName="蛮荒过道 (精英1)" heroBornId="Hero_1" finish="null" roomWood="null" iscammove="-1" preLevelId="12091" nextLevelId="-1" Guidepoints="Guidepoints_1" bornIds="20905#20906#20907#20908#20909#20910#20911#"/>
<room id="12101" roomName="幽暗林殿(精英)" heroBornId="Hero_1" finish="null" roomWood="LevelWood_1" iscammove="-1" preLevelId="-1" nextLevelId="12102" Guidepoints="null" bornIds="21000#21001#21002#21003#21004#"/>
<room id="12102" roomName="幽暗林殿(精英1)" heroBornId="Hero_1" finish="null" roomWood="null" iscammove="-1" preLevelId="12101" nextLevelId="-1" Guidepoints="Guidepoints_1" bornIds="21005#21006#21007#21008#21009#21010#21011#21012#"/>
<room id="12111" roomName="陵宫回廊(精英)" heroBornId="Hero_1" finish="null" roomWood="LevelWood_1" iscammove="-1" preLevelId="-1" nextLevelId="12112" Guidepoints="null" bornIds="21100#21101#21102#21103#21104#21105#"/>
<room id="12112" roomName="陵宫回廊(精英1)" heroBornId="Hero_1" finish="null" roomWood="LevelWood_2" iscammove="-1" preLevelId="12111" nextLevelId="12113" Guidepoints="Guidepoints_1" bornIds="21106#21107#21108#21109#21110#"/>
<room id="12113" roomName="陵宫回廊(精英1)" heroBornId="Hero_1" finish="null" roomWood="null" iscammove="-1" preLevelId="12112" nextLevelId="-1" Guidepoints="Guidepoints_2" bornIds="21111#21112#21113#21114#"/>
<room id="12121" roomName="幽暗之地(精英)" heroBornId="Hero_1" finish="null" roomWood="LevelWood_1" iscammove="-1" preLevelId="-1" nextLevelId="12122" Guidepoints="null" bornIds="21200#21201#"/>
<room id="12122" roomName="幽暗之地(精英1)" heroBornId="Hero_1" finish="null" roomWood="LevelWood_3" iscammove="-1" preLevelId="12121" nextLevelId="12123" Guidepoints="Guidepoints_2" bornIds="21202#21203#21204#21205#21206#21207#21208#21209#"/>
<room id="12123" roomName="幽暗之地(精英1)" heroBornId="Hero_1" finish="null" roomWood="null" iscammove="-1" preLevelId="12122" nextLevelId="-1" Guidepoints="Guidepoints_3" bornIds="21210#"/>
<room id="12131" roomName="幽暗密室(精英)" heroBornId="Hero_1" finish="null" roomWood="LevelWood_1" iscammove="-1" preLevelId="-1" nextLevelId="12132" Guidepoints="null" bornIds="21300#21301#21302#21303#21304#21305#21306#21307#"/>
<room id="12132" roomName="幽暗密室(精英)" heroBornId="Hero_1" finish="null" roomWood="null" iscammove="-1" preLevelId="12131" nextLevelId="-1" Guidepoints="Guidepoints_1" bornIds="21308#21309#21310#"/>
<room id="12141" roomName="韩陵寝宫(精英)" heroBornId="Hero_1" finish="null" roomWood="LevelWood_1" iscammove="-1" preLevelId="-1" nextLevelId="12142" Guidepoints="null" bornIds="21400#21401#21402#21403#21404#"/>
<room id="12142" roomName="韩陵寝宫(精英1)" heroBornId="Hero_1" finish="null" roomWood="null" iscammove="-1" preLevelId="12141" nextLevelId="-1" Guidepoints="Guidepoints_1" bornIds="21405#21406#21407#21408#21409#21410#21411#21412#21413#"/>
<room id="12151" roomName="永陵阁(精英)" heroBornId="Hero_1" finish="null" roomWood="LevelWood_1" iscammove="-1" preLevelId="-1" nextLevelId="12152" Guidepoints="null" bornIds="21500#21501#21502#21503#21504#"/>
<room id="12152" roomName="永陵阁(精英1)" heroBornId="Hero_1" finish="null" roomWood="null" iscammove="-1" preLevelId="12151" nextLevelId="-1" Guidepoints="Guidepoints_1" bornIds="21505#21506#21507#21508#21509#21510#21511#"/>
<room id="12161" roomName="幽暗回廊(精英)" heroBornId="Hero_1" finish="null" roomWood="LevelWood_1" iscammove="-1" preLevelId="-1" nextLevelId="12162" Guidepoints="null" bornIds="21600#21601#21602#21603#"/>
<room id="12162" roomName="幽暗回廊(精英1)" heroBornId="Hero_1" finish="null" roomWood="LevelWood_2" iscammove="-1" preLevelId="12161" nextLevelId="12163" Guidepoints="Guidepoints_1" bornIds="21604#21605#21606#21607#"/>
<room id="12163" roomName="幽暗回廊(精英1)" heroBornId="Hero_1" finish="null" roomWood="null" iscammove="-1" preLevelId="12162" nextLevelId="-1" Guidepoints="Guidepoints_2" bornIds="21608#21609#21610#21611#21612#21613#"/>
<room id="12171" roomName="蛮荒之墓 (精英)" heroBornId="Hero_1" finish="null" roomWood="LevelWood_1" iscammove="-1" preLevelId="-1" nextLevelId="12172" Guidepoints="null" bornIds="21700#21701#21702#21703#21704#21705#"/>
<room id="12172" roomName="蛮荒之墓 (精英)" heroBornId="Hero_1" finish="null" roomWood="LevelWood_2" iscammove="-1" preLevelId="12171" nextLevelId="12173" Guidepoints="Guidepoints_1" bornIds="21706#21707#21708#21709#21710#"/>
<room id="12173" roomName="蛮荒之墓 (精英)" heroBornId="Hero_1" finish="null" roomWood="null" iscammove="-1" preLevelId="12172" nextLevelId="-1" Guidepoints="Guidepoints_2" bornIds="21711#21712#21713#21714#"/>
<room id="12181" roomName="幽冥路(精英)" heroBornId="Hero_1" finish="null" roomWood="LevelWood_1" iscammove="-1" preLevelId="-1" nextLevelId="12182" Guidepoints="null" bornIds="21800#21801#21802#21803#21804#21805#"/>
<room id="12182" roomName="幽冥路(精英)" heroBornId="Hero_1" finish="null" roomWood="null" iscammove="-1" preLevelId="12181" nextLevelId="-1" Guidepoints="Guidepoints_1" bornIds="21806#21807#21808#21809#21810#21811#"/>
<room id="12191" roomName="永陵殿(精英)" heroBornId="Hero_1" finish="null" roomWood="LevelWood_1" iscammove="-1" preLevelId="-1" nextLevelId="12192" Guidepoints="null" bornIds="21900#21901#21902#21903#21904#"/>
<room id="12192" roomName="永陵殿(精英)" heroBornId="Hero_1" finish="null" roomWood="LevelWood_2" iscammove="-1" preLevelId="12191" nextLevelId="12193" Guidepoints="Guidepoints_1" bornIds="21905#21906#21907#21908#"/>
<room id="12193" roomName="永陵殿(精英)" heroBornId="Hero_1" finish="null" roomWood="null" iscammove="-1" preLevelId="12192" nextLevelId="-1" Guidepoints="Guidepoints_2" bornIds="21909#21910#21911#21912#21913#"/>
<room id="12201" roomName="幽灵路(精英)" heroBornId="Hero_1" finish="null" roomWood="LevelWood_1" iscammove="-1" preLevelId="-1" nextLevelId="12202" Guidepoints="null" bornIds="22000#22001#22002#22003#"/>
<room id="12202" roomName="幽灵路(精英)" heroBornId="Hero_1" finish="null" roomWood="LevelWood_2" iscammove="-1" preLevelId="12201" nextLevelId="12203" Guidepoints="Guidepoints_1" bornIds="22004#22005#22006#22007#22008#"/>
<room id="12203" roomName="幽灵路(精英)" heroBornId="Hero_1" finish="null" roomWood="null" iscammove="-1" preLevelId="12202" nextLevelId="-1" Guidepoints="Guidepoints_2" bornIds="22009#22010#22011#22012#22013#22014#"/>
<room id="12211" roomName="蛮荒阁(精英)" heroBornId="Hero_1" finish="null" roomWood="LevelWood_1" iscammove="-1" preLevelId="-1" nextLevelId="12212" Guidepoints="null" bornIds="22100#22101#22102#22103#22104#"/>
<room id="12212" roomName="蛮荒阁(精英)" heroBornId="Hero_1" finish="null" roomWood="null" iscammove="-1" preLevelId="12211" nextLevelId="-1" Guidepoints="Guidepoints_1" bornIds="22105#22106#22107#22108#22109#22110#22111#"/>
<room id="12221" roomName="幽灵走廊(精英)" heroBornId="Hero_1" finish="null" roomWood="LevelWood_1" iscammove="-1" preLevelId="-1" nextLevelId="12222" Guidepoints="null" bornIds="22200#22201#22202#22203#22204#"/>
<room id="12222" roomName="幽灵走廊(精英)" heroBornId="Hero_1" finish="null" roomWood="null" iscammove="-1" preLevelId="12221" nextLevelId="-1" Guidepoints="Guidepoints_1" bornIds="22205#22206#22207#22208#22209#22210#22211#22212#"/>
<room id="12231" roomName="幽暗密林(精英)" heroBornId="Hero_1" finish="null" roomWood="LevelWood_1" iscammove="-1" preLevelId="-1" nextLevelId="12232" Guidepoints="null" bornIds="22300#22301#22302#22303#22304#22305#"/>
<room id="12232" roomName="幽暗密林(精英)" heroBornId="Hero_1" finish="null" roomWood="LevelWood_2" iscammove="-1" preLevelId="12231" nextLevelId="12233" Guidepoints="Guidepoints_1" bornIds="22306#22307#22308#22309#22310#"/>
<room id="12233" roomName="幽暗密林(精英)" heroBornId="Hero_1" finish="null" roomWood="null" iscammove="-1" preLevelId="12232" nextLevelId="-1" Guidepoints="Guidepoints_2" bornIds="22311#22312#22313#22314#"/>
<room id="12241" roomName="蛮荒殿(精英)" heroBornId="Hero_1" finish="null" roomWood="LevelWood_1" iscammove="-1" preLevelId="-1" nextLevelId="12242" Guidepoints="null" bornIds="22400#22401#"/>
<room id="12242" roomName="蛮荒殿(精英)" heroBornId="Hero_1" finish="null" roomWood="LevelWood_3" iscammove="-1" preLevelId="12241" nextLevelId="12243" Guidepoints="Guidepoints_2" bornIds="22402#22403#22404#22405#22406#22407#22408#22409#"/>
<room id="12243" roomName="蛮荒殿(精英)" heroBornId="Hero_1" finish="null" roomWood="null" iscammove="-1" preLevelId="12242" nextLevelId="-1" Guidepoints="Guidepoints_3" bornIds="22410#"/>
<room id="12251" roomName="陵墓殿 (精英)" heroBornId="Hero_1" finish="null" roomWood="LevelWood_1" iscammove="-1" preLevelId="-1" nextLevelId="12252" Guidepoints="null" bornIds="22500#22501#22502#22503#22504#22505#22506#22507#"/>
<room id="12252" roomName="陵墓殿 (精英)" heroBornId="Hero_1" finish="null" roomWood="null" iscammove="-1" preLevelId="12251" nextLevelId="-1" Guidepoints="Guidepoints_1" bornIds="22508#22509#22510#"/>
<room id="12261" roomName="靖王墓道 (精英)" heroBornId="Hero_1" finish="null" roomWood="LevelWood_1" iscammove="-1" preLevelId="-1" nextLevelId="12262" Guidepoints="null" bornIds="22600#22601#22602#22603#22604#"/>
<room id="12262" roomName="靖王墓道 (精英)" heroBornId="Hero_1" finish="null" roomWood="null" iscammove="-1" preLevelId="12261" nextLevelId="-1" Guidepoints="Guidepoints_1" bornIds="22605#22606#22607#22608#22609#22610#22611#22612#22613#"/>
<room id="12271" roomName="藏宝阁 (精英)" heroBornId="Hero_1" finish="null" roomWood="LevelWood_1" iscammove="-1" preLevelId="-1" nextLevelId="12272" Guidepoints="null" bornIds="22500#22501#22502#22503#22504#"/>
<room id="12272" roomName="藏宝阁 (精英)" heroBornId="Hero_1" finish="null" roomWood="null" iscammove="-1" preLevelId="12271" nextLevelId="-1" Guidepoints="Guidepoints_1" bornIds="22505#22506#22507#22508#22509#22510#"/>
<room id="12281" roomName="陵墓之心(精英)" heroBornId="Hero_1" finish="null" roomWood="LevelWood_1" iscammove="-1" preLevelId="-1" nextLevelId="12282" Guidepoints="null" bornIds="22800#22801#22802#22803#"/>
<room id="12282" roomName="陵墓之心(精英)" heroBornId="Hero_1" finish="null" roomWood="LevelWood_2" iscammove="-1" preLevelId="12281" nextLevelId="12283" Guidepoints="Guidepoints_1" bornIds="22804#22805#22806#22807#"/>
<room id="12283" roomName="陵墓之心(精英)" heroBornId="Hero_1" finish="null" roomWood="null" iscammove="-1" preLevelId="12282" nextLevelId="-1" Guidepoints="Guidepoints_2" bornIds="22808#22809#22810#22811#22812#22813#"/>
<room id="12291" roomName="仙藏殿 (精英)" heroBornId="Hero_1" finish="null" roomWood="LevelWood_1" iscammove="-1" preLevelId="-1" nextLevelId="12292" Guidepoints="null" bornIds="22900#22901#22902#22903#22904#22905#"/>
<room id="12292" roomName="仙藏殿 (精英)" heroBornId="Hero_1" finish="null" roomWood="LevelWood_2" iscammove="-1" preLevelId="12291" nextLevelId="12293" Guidepoints="Guidepoints_1" bornIds="22906#22907#22908#22909#22910#"/>
<room id="12293" roomName="仙藏殿 (精英)" heroBornId="Hero_1" finish="null" roomWood="null" iscammove="-1" preLevelId="12292" nextLevelId="-1" Guidepoints="Guidepoints_2" bornIds="22911#22912#22913#22914#"/>
<room id="12301" roomName="不死之路(精英)" heroBornId="Hero_1" finish="null" roomWood="LevelWood_1" iscammove="-1" preLevelId="-1" nextLevelId="12302" Guidepoints="null" bornIds="23000#23001#23002#23003#23004#23005#"/>
<room id="12302" roomName="不死之路(精英)" heroBornId="Hero_1" finish="null" roomWood="null" iscammove="-1" preLevelId="12301" nextLevelId="-1" Guidepoints="Guidepoints_1" bornIds="23006#23007#23008#23009#23010#23011#"/>
<room id="12311" roomName="水晶宝阁(精英)" heroBornId="Hero_1" finish="null" roomWood="LevelWood_1" iscammove="-1" preLevelId="-1" nextLevelId="12312" Guidepoints="null" bornIds="23100#23101#23102#23103#23104#"/>
<room id="12312" roomName="水晶宝阁(精英)" heroBornId="Hero_1" finish="null" roomWood="LevelWood_2" iscammove="-1" preLevelId="12311" nextLevelId="12313" Guidepoints="Guidepoints_1" bornIds="23105#23106#23107#23108#"/>
<room id="12313" roomName="水晶宝阁(精英)" heroBornId="Hero_1" finish="null" roomWood="null" iscammove="-1" preLevelId="12312" nextLevelId="-1" Guidepoints="Guidepoints_2" bornIds="23109#23110#23111#23112#23113#"/>
<room id="12321" roomName="魔冥宫(精英)" heroBornId="Hero_1" finish="null" roomWood="LevelWood_1" iscammove="-1" preLevelId="-1" nextLevelId="12322" Guidepoints="null" bornIds="23200#23201#23202#23203#"/>
<room id="12322" roomName="魔冥宫(精英)" heroBornId="Hero_1" finish="null" roomWood="LevelWood_2" iscammove="-1" preLevelId="12321" nextLevelId="12323" Guidepoints="Guidepoints_1" bornIds="23204#23205#23206#23207#23208#"/>
<room id="12323" roomName="魔冥宫(精英)" heroBornId="Hero_1" finish="null" roomWood="null" iscammove="-1" preLevelId="12322" nextLevelId="-1" Guidepoints="Guidepoints_2" bornIds="23209#23210#23211#23212#23213#23214#"/>
<room id="12331" roomName="魔陵殿(精英)" heroBornId="Hero_1" finish="null" roomWood="LevelWood_1" iscammove="-1" preLevelId="-1" nextLevelId="12332" Guidepoints="null" bornIds="23300#23301#23302#23303#23304#"/>
<room id="12332" roomName="魔陵殿(精英)" heroBornId="Hero_1" finish="null" roomWood="null" iscammove="-1" preLevelId="12331" nextLevelId="-1" Guidepoints="Guidepoints_1" bornIds="23305#23306#23307#23308#23309#23310#23311#"/>
<room id="12341" roomName="冥啸阁(精英)" heroBornId="Hero_1" finish="null" roomWood="LevelWood_1" iscammove="-1" preLevelId="-1" nextLevelId="12342" Guidepoints="null" bornIds="23400#23401#23402#23403#23404#"/>
<room id="12342" roomName="冥啸阁(精英)" heroBornId="Hero_1" finish="null" roomWood="null" iscammove="-1" preLevelId="12341" nextLevelId="-1" Guidepoints="Guidepoints_1" bornIds="23405#23406#23407#23408#23409#23410#23411#23412#"/>
<room id="100100" roomName="修炼之地" heroBornId="Hero_1" finish="null" roomWood="LevelWood_1" iscammove="-1" preLevelId="-1" nextLevelId="100101" Guidepoints="null" bornIds="10100#10101#10102#10103#10104#10105#10106#"/>
<room id="100101" roomName="修炼之地" heroBornId="Hero_1" finish="null" roomWood="null" iscammove="-1" preLevelId="100100" nextLevelId="-1" Guidepoints="Guidepoints_1" bornIds="10107#10108#10109#10110#10111#10112#10113#10114#"/>
<room id="100102" roomName="金库" heroBornId="Hero_1" finish="null" roomWood="LevelWood_1" iscammove="-1" preLevelId="-1" nextLevelId="100103" Guidepoints="null" bornIds="10115#10116#10117#10118#10119#"/>
<room id="100103" roomName="金库" heroBornId="Hero_1" finish="null" roomWood="LevelWood_2" iscammove="-1" preLevelId="100102" nextLevelId="100104" Guidepoints="Guidepoints_1" bornIds="10120#10121#10122#10123#10124#10125#"/>
<room id="100104" roomName="金库" heroBornId="Hero_1" finish="null" roomWood="null" iscammove="-1" preLevelId="100103" nextLevelId="-1" Guidepoints="Guidepoints_2" bornIds="10126#10127#10128#10129#10130#10131#10132#"/>
<room id="100105" roomName="神秘石窟" heroBornId="Hero_1" finish="null" roomWood="LevelWood_1" iscammove="-1" preLevelId="-1" nextLevelId="100106" Guidepoints="null" bornIds="10133#10134#10135#10136#10137#10138#10139#10140#"/>
<room id="100106" roomName="神秘石窟" heroBornId="Hero_1" finish="null" roomWood="LevelWood_2" iscammove="-1" preLevelId="100105" nextLevelId="100107" Guidepoints="Guidepoints_1" bornIds="10141#10142#10143#10144#10145#10146#"/>
<room id="100107" roomName="神秘石窟" heroBornId="Hero_1" finish="null" roomWood="null" iscammove="-1" preLevelId="100106" nextLevelId="-1" Guidepoints="Guidepoints_2" bornIds="10147#10148#10149#10150#"/>
<room id="100108" roomName="宝石发源地" heroBornId="Hero_2" finish="null" roomWood="LevelWood_2" iscammove="-1" preLevelId="-1" nextLevelId="100109" Guidepoints="null" bornIds="10151#10152#10153#10154#10155#10156#10157#"/>
<room id="100109" roomName="宝石发源地" heroBornId="Hero_2" finish="null" roomWood="null" iscammove="-1" preLevelId="100108" nextLevelId="-1" Guidepoints="Guidepoints_2" bornIds="10158#10159#10160#10161#10162#10163#10164#"/>
<room id="210001" roomName="竞技场" heroBornId="Hero_2" finish="null" roomWood="null" iscammove="-1" preLevelId="-1" nextLevelId="-1" Guidepoints="null" bornIds="null"/>
<room id="310001" roomName="伏魔塔1层" heroBornId="Hero_2" finish="null" roomWood="null" iscammove="-1" preLevelId="-1" nextLevelId="310002" Guidepoints="null" bornIds="300101#300102#300103#300104#300105#"/>
<room id="310002" roomName="伏魔塔2层" heroBornId="Hero_2" finish="null" roomWood="null" iscammove="-1" preLevelId="310001" nextLevelId="310003" Guidepoints="null" bornIds="300201#300202#300203#300204#300205#"/>
<room id="310003" roomName="伏魔塔3层" heroBornId="Hero_2" finish="null" roomWood="null" iscammove="-1" preLevelId="310002" nextLevelId="310004" Guidepoints="null" bornIds="300301#300302#300303#300304#300305#"/>
<room id="310004" roomName="伏魔塔4层" heroBornId="Hero_2" finish="null" roomWood="null" iscammove="-1" preLevelId="310003" nextLevelId="310005" Guidepoints="null" bornIds="300401#300402#300403#300404#300405#"/>
<room id="310005" roomName="伏魔塔5层" heroBornId="Hero_2" finish="null" roomWood="null" iscammove="-1" preLevelId="310004" nextLevelId="310006" Guidepoints="null" bornIds="300501#300502#300503#300504#300505#"/>
<room id="310006" roomName="伏魔塔6层" heroBornId="Hero_2" finish="null" roomWood="null" iscammove="-1" preLevelId="310005" nextLevelId="310007" Guidepoints="null" bornIds="300601#300602#300603#300604#300605#"/>
<room id="310007" roomName="伏魔塔7层" heroBornId="Hero_2" finish="null" roomWood="null" iscammove="-1" preLevelId="310006" nextLevelId="310008" Guidepoints="null" bornIds="300701#300702#300703#300704#300705#"/>
<room id="310008" roomName="伏魔塔8层" heroBornId="Hero_2" finish="null" roomWood="null" iscammove="-1" preLevelId="310007" nextLevelId="310009" Guidepoints="null" bornIds="300801#300802#300803#300804#300805#"/>
<room id="310009" roomName="伏魔塔9层" heroBornId="Hero_2" finish="null" roomWood="null" iscammove="-1" preLevelId="310008" nextLevelId="310010" Guidepoints="null" bornIds="300901#300902#300903#300904#300905#"/>
<room id="310010" roomName="伏魔塔10层" heroBornId="Hero_2" finish="null" roomWood="null" iscammove="-1" preLevelId="310009" nextLevelId="310011" Guidepoints="null" bornIds="301001#301002#301003#301004#301005#"/>
<room id="310011" roomName="伏魔塔11层" heroBornId="Hero_2" finish="null" roomWood="null" iscammove="-1" preLevelId="310010" nextLevelId="310012" Guidepoints="null" bornIds="301101#301102#301103#301104#301105#"/>
<room id="310012" roomName="伏魔塔12层" heroBornId="Hero_2" finish="null" roomWood="null" iscammove="-1" preLevelId="310011" nextLevelId="310013" Guidepoints="null" bornIds="301201#301202#301203#301204#301205#"/>
<room id="310013" roomName="伏魔塔13层" heroBornId="Hero_2" finish="null" roomWood="null" iscammove="-1" preLevelId="310012" nextLevelId="310014" Guidepoints="null" bornIds="301301#301302#301303#301304#301305#"/>
<room id="310014" roomName="伏魔塔14层" heroBornId="Hero_2" finish="null" roomWood="null" iscammove="-1" preLevelId="310013" nextLevelId="310015" Guidepoints="null" bornIds="301401#301402#301403#301404#301405#"/>
<room id="310015" roomName="伏魔塔15层" heroBornId="Hero_2" finish="null" roomWood="null" iscammove="-1" preLevelId="310014" nextLevelId="310016" Guidepoints="null" bornIds="301501#301502#301503#301504#301505#"/>
<room id="310016" roomName="伏魔塔16层" heroBornId="Hero_2" finish="null" roomWood="null" iscammove="-1" preLevelId="310015" nextLevelId="310017" Guidepoints="null" bornIds="301601#301602#301603#301604#301605#"/>
<room id="310017" roomName="伏魔塔17层" heroBornId="Hero_2" finish="null" roomWood="null" iscammove="-1" preLevelId="310016" nextLevelId="310018" Guidepoints="null" bornIds="301701#301702#301703#301704#301705#"/>
<room id="310018" roomName="伏魔塔18层" heroBornId="Hero_2" finish="null" roomWood="null" iscammove="-1" preLevelId="310017" nextLevelId="310019" Guidepoints="null" bornIds="301801#301802#301803#301804#301805#"/>
<room id="310019" roomName="伏魔塔19层" heroBornId="Hero_2" finish="null" roomWood="null" iscammove="-1" preLevelId="310018" nextLevelId="310020" Guidepoints="null" bornIds="301901#301902#301903#301904#301905#"/>
<room id="310020" roomName="伏魔塔20层" heroBornId="Hero_2" finish="null" roomWood="null" iscammove="-1" preLevelId="310019" nextLevelId="-1" Guidepoints="null" bornIds="302001#302002#302003#302004#302005#"/>
<room id="410000" roomName="世界BOSS" heroBornId="Hero_1" finish="null" roomWood="LevelWood_1" iscammove="-1" preLevelId="-1" nextLevelId="-1" Guidepoints="null" bornIds="400000#"/>
<room id="410001" roomName="世界BOSS" heroBornId="Hero_1" finish="null" roomWood="LevelWood_1" iscammove="-1" preLevelId="-1" nextLevelId="-1" Guidepoints="null" bornIds="410000#"/>
<room id="410002" roomName="世界BOSS" heroBornId="Hero_1" finish="null" roomWood="LevelWood_1" iscammove="-1" preLevelId="-1" nextLevelId="-1" Guidepoints="null" bornIds="420000#"/>
<room id="410003" roomName="世界BOSS" heroBornId="Hero_1" finish="null" roomWood="LevelWood_1" iscammove="-1" preLevelId="-1" nextLevelId="-1" Guidepoints="null" bornIds="430000#"/>
<room id="410004" roomName="世界BOSS" heroBornId="Hero_1" finish="null" roomWood="LevelWood_1" iscammove="-1" preLevelId="-1" nextLevelId="-1" Guidepoints="null" bornIds="440000#"/>
<room id="410005" roomName="世界BOSS" heroBornId="Hero_1" finish="null" roomWood="LevelWood_1" iscammove="-1" preLevelId="-1" nextLevelId="-1" Guidepoints="null" bornIds="450000#"/>
<room id="410006" roomName="世界BOSS" heroBornId="Hero_1" finish="null" roomWood="LevelWood_1" iscammove="-1" preLevelId="-1" nextLevelId="-1" Guidepoints="null" bornIds="460000#"/>
<room id="510000" roomName="守护女神" heroBornId="Hero_3" finish="null" roomWood="null" iscammove="-1" preLevelId="-1" nextLevelId="-1" Guidepoints="null" bornIds="500001#500002#500003#500004#500005#500006#500007#500008#500009#500010#500011#500012#500013#500014#500015#500016#500017#500018#500019#500020#500021#500022#500023#500024#500025#500026#500027#500028#500029#500030#500031#500032#500033#500034#500035#500036#500037#500038#500039#500040#500041#500042#500043#500044#500045#500046#500047#500048#500049#500050#500051#500052#500053#500054#500055#500056#500057#500058#500059#500060#500061#500062#500063#500064#500065#500066#500067#500068#500069#500070#500071#500072#500073#500074#500075#500076#500077#500078#500079#500080#500081#500082#"/>
<room id="1000000" roomName="职业测试图" heroBornId="Hero_2" finish="null" roomWood="null" iscammove="-1" preLevelId="-1" nextLevelId="-1" Guidepoints="null" bornIds="10#"/>
<room id="610001" roomName="战场" heroBornId="Hero_1" finish="null" roomWood="null" iscammove="-1" preLevelId="-1" nextLevelId="-1" Guidepoints="null" bornIds="null"/>
</root>