<root>
<sceneItems id="1" bornName="chest_epic" dropIds="14000" buffId="0" buffRate="10000" model="chest_epic_gold"/>
<sceneItems id="2" bornName="chest_epic" dropIds="14001" buffId="0" buffRate="10000" model="chest_epic_gold"/>
<sceneItems id="3" bornName="chest_epic" dropIds="14002" buffId="0" buffRate="10000" model="chest_epic_gold"/>
<sceneItems id="4" bornName="chest_epic" dropIds="14003" buffId="0" buffRate="10000" model="chest_epic_gold"/>
<sceneItems id="5" bornName="mutong" dropIds="0" buffId="20000" buffRate="10000" model="mutong"/>
<sceneItems id="10" bornName="chest_epic" dropIds="0" buffId="20001" buffRate="10000" model="chest_epic_gold"/>
<sceneItems id="20" bornName="chest_epic" dropIds="12101" buffId="0" buffRate="10000" model="chest_epic_gold"/>
<sceneItems id="21" bornName="chest_epic" dropIds="600" buffId="0" buffRate="10000" model="chest_epic_gold"/>
<sceneItems id="22" bornName="chest_epic" dropIds="0" buffId="20000" buffRate="10000" model="chest_epic_gold"/>
<sceneItems id="23" bornName="chest_epic" dropIds="12003" buffId="0" buffRate="10000" model="chest_epic_gold"/>
</root>