<root>
<sevenTarget id="1" day="1" target="主公等级达到20级 " funId="playerlevel" param="20" gold="10000" zuan="0" item="102011:1,101001:5" icon="zhugong"/>
<sevenTarget id="2" day="1" target="任意技能达到10级" funId="skilllevel" param="10" gold="10000" zuan="0" item="null" icon="jineng"/>
<sevenTarget id="3" day="1" target="任意装备强化到20级" funId="equipstrong" param="20" gold="10000" zuan="0" item="null" icon="qianghua"/>
<sevenTarget id="4" day="1" target="武将等级达到20级" funId="petlevel" param="20" gold="10000" zuan="0" item="null" icon="wujiang"/>
<sevenTarget id="5" day="2" target="世界BOSS挑战满3次" funId="boss" param="3" gold="10000" zuan="0" item="108021:1,101201:5" icon="shijieboss"/>
<sevenTarget id="6" day="2" target="镶嵌宝石1次" funId="stonelay" param="1" gold="10000" zuan="0" item="null" icon="xiangqian"/>
<sevenTarget id="7" day="2" target="参与签到活动1次" funId="sign" param="1" gold="10000" zuan="0" item="null" icon="qiandao"/>
<sevenTarget id="8" day="3" target="武将穿戴任意装备1次" funId="petequipon" param="1" gold="10000" zuan="0" item="101009:3,101006:5" icon="zhuangbei"/>
<sevenTarget id="9" day="3" target="竞技场挑战3次" funId="jingji" param="3" gold="10000" zuan="0" item="null" icon="jingji"/>
<sevenTarget id="10" day="3" target="合成任意宝石1次" funId="stonecombine" param="1" gold="10000" zuan="0" item="null" icon="hecheng"/>
<sevenTarget id="11" day="4" target="武将穿戴任意装备1次" funId="petequipon" param="1" gold="10000" zuan="0" item="201005:3,203005:3" icon="zhuangbei"/>
<sevenTarget id="12" day="4" target="竞技场挑战3次" funId="jingji" param="3" gold="10000" zuan="0" item="null" icon="jingji"/>
<sevenTarget id="13" day="4" target="合成任意宝石3次" funId="stonecombine" param="3" gold="10000" zuan="0" item="null" icon="hecheng"/>
<sevenTarget id="14" day="5" target="伏魔塔通关10层以上" funId="tower" param="10" gold="10000" zuan="188" item="102011:5" icon="fumota"/>
<sevenTarget id="15" day="5" target="参与5V5达10次" funId="battle" param="10" gold="10000" zuan="0" item="null" icon="5v5"/>
<sevenTarget id="16" day="5" target="战力达到10000战力值" funId="fightvalue" param="10000" gold="10000" zuan="0" item="null" icon="zhanli"/>
<sevenTarget id="17" day="6" target="竞技场挑战3次" funId="jingji" param="3" gold="10000" zuan="0" item="104004:5,108007:1" icon="jingji"/>
<sevenTarget id="18" day="6" target="寻宝活动完成5次" funId="xunbao" param="5" gold="10000" zuan="0" item="null" icon="xunbao"/>
<sevenTarget id="19" day="6" target="熔炼等级达到3级" funId="smelt" param="3" gold="10000" zuan="0" item="null" icon="ronglian"/>
<sevenTarget id="20" day="7" target="角色兵法强化3次" funId="talent" param="3" gold="10000" zuan="388" item="105004:10" icon="bingfa"/>
<sevenTarget id="21" day="7" target="宝物提升3次" funId="train" param="3" gold="10000" zuan="0" item="null" icon="peiyang"/>
<sevenTarget id="22" day="7" target="熔炼等级达到5级" funId="smelt" param="5" gold="10000" zuan="0" item="null" icon="ronglian"/>
</root>