<root>
<shop id="201001" item_type="2" item_number="5" currency="GOLD" discount="1"/>
<shop id="201002" item_type="2" item_number="5" currency="GOLD" discount="1"/>
<shop id="201003" item_type="2" item_number="5" currency="GOLD" discount="1"/>
<shop id="201004" item_type="2" item_number="5" currency="RMB" discount="1"/>
<shop id="202001" item_type="2" item_number="5" currency="GOLD" discount="1"/>
<shop id="202002" item_type="2" item_number="5" currency="GOLD" discount="1"/>
<shop id="202003" item_type="2" item_number="5" currency="GOLD" discount="1"/>
<shop id="202004" item_type="2" item_number="5" currency="RMB" discount="1"/>
<shop id="203001" item_type="2" item_number="5" currency="GOLD" discount="1"/>
<shop id="203002" item_type="2" item_number="5" currency="GOLD" discount="1"/>
<shop id="203003" item_type="2" item_number="5" currency="GOLD" discount="1"/>
<shop id="203004" item_type="2" item_number="5" currency="RMB" discount="1"/>
<shop id="204001" item_type="2" item_number="5" currency="GOLD" discount="1"/>
<shop id="204002" item_type="2" item_number="5" currency="GOLD" discount="1"/>
<shop id="204003" item_type="2" item_number="5" currency="GOLD" discount="1"/>
<shop id="204004" item_type="2" item_number="5" currency="RMB" discount="1"/>
<shop id="205001" item_type="2" item_number="5" currency="GOLD" discount="1"/>
<shop id="205002" item_type="2" item_number="5" currency="GOLD" discount="1"/>
<shop id="205003" item_type="2" item_number="5" currency="GOLD" discount="1"/>
<shop id="205004" item_type="2" item_number="5" currency="RMB" discount="1"/>
<shop id="206001" item_type="2" item_number="5" currency="GOLD" discount="1"/>
<shop id="206002" item_type="2" item_number="5" currency="GOLD" discount="1"/>
<shop id="206003" item_type="2" item_number="5" currency="GOLD" discount="1"/>
<shop id="206004" item_type="2" item_number="5" currency="RMB" discount="1"/>
<shop id="310000" item_type="2" item_number="1" currency="RMB" discount="1"/>
<shop id="102007" item_type="1" item_number="0" currency="RMB" discount="0.9"/>
<shop id="102008" item_type="2" item_number="2" currency="RMB" discount="0.9"/>
<shop id="102009" item_type="2" item_number="2" currency="RMB" discount="0.9"/>
<shop id="102010" item_type="2" item_number="2" currency="RMB" discount="0.9"/>
<shop id="101001" item_type="1" item_number="0" currency="GOLD" discount="1"/>
<shop id="101004" item_type="1" item_number="0" currency="GOLD" discount="1"/>
<shop id="101005" item_type="1" item_number="0" currency="GOLD" discount="1"/>
<shop id="101006" item_type="2" item_number="5" currency="GOLD" discount="1"/>
<shop id="101007" item_type="2" item_number="5" currency="GOLD" discount="0.8"/>
<shop id="101008" item_type="2" item_number="5" currency="GOLD" discount="0.8"/>
<shop id="101009" item_type="2" item_number="5" currency="RMB" discount="0.8"/>
<shop id="101201" item_type="1" item_number="0" currency="RMB" discount="1"/>
<shop id="102022" item_type="1" item_number="0" currency="RMB" discount="0.8"/>
</root>