<root>
<Signreward id="101" reward="101004" rewardNum="1" signTimes="0" isOpenVIPDouble="0" multiples="1" jewel="5"/>
<Signreward id="102" reward="101005" rewardNum="1" signTimes="0" isOpenVIPDouble="0" multiples="1" jewel="5"/>
<Signreward id="103" reward="101006" rewardNum="1" signTimes="0" isOpenVIPDouble="2" multiples="2" jewel="5"/>
<Signreward id="104" reward="101001" rewardNum="1" signTimes="0" isOpenVIPDouble="0" multiples="1" jewel="5"/>
<Signreward id="105" reward="101007" rewardNum="1" signTimes="0" isOpenVIPDouble="4" multiples="2" jewel="5"/>
<Signreward id="106" reward="101008" rewardNum="1" signTimes="0" isOpenVIPDouble="6" multiples="2" jewel="5"/>
<Signreward id="107" reward="201002" rewardNum="1" signTimes="0" isOpenVIPDouble="0" multiples="1" jewel="5"/>
<Signreward id="108" reward="202002" rewardNum="1" signTimes="0" isOpenVIPDouble="0" multiples="1" jewel="5"/>
<Signreward id="109" reward="101201" rewardNum="1" signTimes="0" isOpenVIPDouble="7" multiples="2" jewel="5"/>
<Signreward id="110" reward="203002" rewardNum="1" signTimes="0" isOpenVIPDouble="0" multiples="1" jewel="5"/>
<Signreward id="111" reward="101008" rewardNum="1" signTimes="0" isOpenVIPDouble="9" multiples="2" jewel="5"/>
<Signreward id="112" reward="101009" rewardNum="1" signTimes="0" isOpenVIPDouble="10" multiples="2" jewel="5"/>
<Signreward id="113" reward="101004" rewardNum="1" signTimes="0" isOpenVIPDouble="0" multiples="1" jewel="5"/>
<Signreward id="114" reward="101005" rewardNum="1" signTimes="0" isOpenVIPDouble="0" multiples="1" jewel="5"/>
<Signreward id="115" reward="101006" rewardNum="1" signTimes="0" isOpenVIPDouble="2" multiples="2" jewel="5"/>
<Signreward id="116" reward="101001" rewardNum="1" signTimes="0" isOpenVIPDouble="0" multiples="1" jewel="5"/>
<Signreward id="117" reward="101007" rewardNum="1" signTimes="0" isOpenVIPDouble="4" multiples="2" jewel="5"/>
<Signreward id="118" reward="101008" rewardNum="1" signTimes="0" isOpenVIPDouble="6" multiples="2" jewel="5"/>
<Signreward id="119" reward="204002" rewardNum="1" signTimes="0" isOpenVIPDouble="0" multiples="1" jewel="5"/>
<Signreward id="120" reward="205002" rewardNum="1" signTimes="0" isOpenVIPDouble="0" multiples="1" jewel="5"/>
<Signreward id="121" reward="101201" rewardNum="1" signTimes="0" isOpenVIPDouble="7" multiples="2" jewel="5"/>
<Signreward id="122" reward="206002" rewardNum="1" signTimes="0" isOpenVIPDouble="0" multiples="1" jewel="5"/>
<Signreward id="123" reward="101008" rewardNum="1" signTimes="0" isOpenVIPDouble="9" multiples="2" jewel="5"/>
<Signreward id="124" reward="101009" rewardNum="1" signTimes="0" isOpenVIPDouble="10" multiples="2" jewel="5"/>
<Signreward id="125" reward="201003" rewardNum="1" signTimes="0" isOpenVIPDouble="0" multiples="1" jewel="5"/>
<Signreward id="126" reward="202003" rewardNum="1" signTimes="0" isOpenVIPDouble="0" multiples="1" jewel="5"/>
<Signreward id="127" reward="101201" rewardNum="1" signTimes="0" isOpenVIPDouble="7" multiples="2" jewel="5"/>
<Signreward id="128" reward="203003" rewardNum="1" signTimes="0" isOpenVIPDouble="0" multiples="1" jewel="5"/>
<Signreward id="129" reward="101008" rewardNum="1" signTimes="0" isOpenVIPDouble="9" multiples="2" jewel="5"/>
<Signreward id="130" reward="105003" rewardNum="1" signTimes="0" isOpenVIPDouble="10" multiples="2" jewel="5"/>
<Signreward id="131" reward="105004" rewardNum="1" signTimes="0" isOpenVIPDouble="10" multiples="2" jewel="5"/>
<Signreward id="201" reward="101004" rewardNum="1" signTimes="0" isOpenVIPDouble="0" multiples="1" jewel="5"/>
<Signreward id="202" reward="101005" rewardNum="1" signTimes="0" isOpenVIPDouble="0" multiples="1" jewel="5"/>
<Signreward id="203" reward="101006" rewardNum="1" signTimes="0" isOpenVIPDouble="2" multiples="2" jewel="5"/>
<Signreward id="204" reward="101001" rewardNum="1" signTimes="0" isOpenVIPDouble="0" multiples="1" jewel="5"/>
<Signreward id="205" reward="101007" rewardNum="1" signTimes="0" isOpenVIPDouble="4" multiples="2" jewel="5"/>
<Signreward id="206" reward="101008" rewardNum="1" signTimes="0" isOpenVIPDouble="6" multiples="2" jewel="5"/>
<Signreward id="207" reward="201002" rewardNum="1" signTimes="0" isOpenVIPDouble="0" multiples="1" jewel="5"/>
<Signreward id="208" reward="202002" rewardNum="1" signTimes="0" isOpenVIPDouble="0" multiples="1" jewel="5"/>
<Signreward id="209" reward="101201" rewardNum="1" signTimes="0" isOpenVIPDouble="7" multiples="2" jewel="5"/>
<Signreward id="210" reward="203002" rewardNum="1" signTimes="0" isOpenVIPDouble="0" multiples="1" jewel="5"/>
<Signreward id="211" reward="101008" rewardNum="1" signTimes="0" isOpenVIPDouble="9" multiples="2" jewel="5"/>
<Signreward id="212" reward="101009" rewardNum="1" signTimes="0" isOpenVIPDouble="10" multiples="2" jewel="5"/>
<Signreward id="213" reward="101004" rewardNum="1" signTimes="0" isOpenVIPDouble="0" multiples="1" jewel="5"/>
<Signreward id="214" reward="101005" rewardNum="1" signTimes="0" isOpenVIPDouble="0" multiples="1" jewel="5"/>
<Signreward id="215" reward="101006" rewardNum="1" signTimes="0" isOpenVIPDouble="2" multiples="2" jewel="5"/>
<Signreward id="216" reward="101001" rewardNum="1" signTimes="0" isOpenVIPDouble="0" multiples="1" jewel="5"/>
<Signreward id="217" reward="101007" rewardNum="1" signTimes="0" isOpenVIPDouble="4" multiples="2" jewel="5"/>
<Signreward id="218" reward="101008" rewardNum="1" signTimes="0" isOpenVIPDouble="6" multiples="2" jewel="5"/>
<Signreward id="219" reward="204002" rewardNum="1" signTimes="0" isOpenVIPDouble="0" multiples="1" jewel="5"/>
<Signreward id="220" reward="205002" rewardNum="1" signTimes="0" isOpenVIPDouble="0" multiples="1" jewel="5"/>
<Signreward id="221" reward="101201" rewardNum="1" signTimes="0" isOpenVIPDouble="7" multiples="2" jewel="5"/>
<Signreward id="222" reward="206002" rewardNum="1" signTimes="0" isOpenVIPDouble="0" multiples="1" jewel="5"/>
<Signreward id="223" reward="101008" rewardNum="1" signTimes="0" isOpenVIPDouble="9" multiples="2" jewel="5"/>
<Signreward id="224" reward="101009" rewardNum="1" signTimes="0" isOpenVIPDouble="10" multiples="2" jewel="5"/>
<Signreward id="225" reward="201003" rewardNum="1" signTimes="0" isOpenVIPDouble="0" multiples="1" jewel="5"/>
<Signreward id="226" reward="202003" rewardNum="1" signTimes="0" isOpenVIPDouble="0" multiples="1" jewel="5"/>
<Signreward id="227" reward="101201" rewardNum="1" signTimes="0" isOpenVIPDouble="7" multiples="2" jewel="5"/>
<Signreward id="228" reward="203003" rewardNum="1" signTimes="0" isOpenVIPDouble="0" multiples="1" jewel="5"/>
<Signreward id="229" reward="101008" rewardNum="1" signTimes="0" isOpenVIPDouble="9" multiples="2" jewel="5"/>
<Signreward id="301" reward="101004" rewardNum="1" signTimes="0" isOpenVIPDouble="0" multiples="1" jewel="5"/>
<Signreward id="302" reward="101005" rewardNum="1" signTimes="0" isOpenVIPDouble="0" multiples="1" jewel="5"/>
<Signreward id="303" reward="101006" rewardNum="1" signTimes="0" isOpenVIPDouble="2" multiples="2" jewel="5"/>
<Signreward id="304" reward="101001" rewardNum="1" signTimes="0" isOpenVIPDouble="0" multiples="1" jewel="5"/>
<Signreward id="305" reward="101007" rewardNum="1" signTimes="0" isOpenVIPDouble="4" multiples="2" jewel="5"/>
<Signreward id="306" reward="101008" rewardNum="1" signTimes="0" isOpenVIPDouble="6" multiples="2" jewel="5"/>
<Signreward id="307" reward="201002" rewardNum="1" signTimes="0" isOpenVIPDouble="0" multiples="1" jewel="5"/>
<Signreward id="308" reward="202002" rewardNum="1" signTimes="0" isOpenVIPDouble="0" multiples="1" jewel="5"/>
<Signreward id="309" reward="101201" rewardNum="1" signTimes="0" isOpenVIPDouble="7" multiples="2" jewel="5"/>
<Signreward id="310" reward="203002" rewardNum="1" signTimes="0" isOpenVIPDouble="0" multiples="1" jewel="5"/>
<Signreward id="311" reward="101008" rewardNum="1" signTimes="0" isOpenVIPDouble="9" multiples="2" jewel="5"/>
<Signreward id="312" reward="101009" rewardNum="1" signTimes="0" isOpenVIPDouble="10" multiples="2" jewel="5"/>
<Signreward id="313" reward="101004" rewardNum="1" signTimes="0" isOpenVIPDouble="0" multiples="1" jewel="5"/>
<Signreward id="314" reward="101005" rewardNum="1" signTimes="0" isOpenVIPDouble="0" multiples="1" jewel="5"/>
<Signreward id="315" reward="101006" rewardNum="1" signTimes="0" isOpenVIPDouble="2" multiples="2" jewel="5"/>
<Signreward id="316" reward="101001" rewardNum="1" signTimes="0" isOpenVIPDouble="0" multiples="1" jewel="5"/>
<Signreward id="317" reward="101007" rewardNum="1" signTimes="0" isOpenVIPDouble="4" multiples="2" jewel="5"/>
<Signreward id="318" reward="101008" rewardNum="1" signTimes="0" isOpenVIPDouble="6" multiples="2" jewel="5"/>
<Signreward id="319" reward="204002" rewardNum="1" signTimes="0" isOpenVIPDouble="0" multiples="1" jewel="5"/>
<Signreward id="320" reward="205002" rewardNum="1" signTimes="0" isOpenVIPDouble="0" multiples="1" jewel="5"/>
<Signreward id="321" reward="101201" rewardNum="1" signTimes="0" isOpenVIPDouble="7" multiples="2" jewel="5"/>
<Signreward id="322" reward="206002" rewardNum="1" signTimes="0" isOpenVIPDouble="0" multiples="1" jewel="5"/>
<Signreward id="323" reward="101008" rewardNum="1" signTimes="0" isOpenVIPDouble="9" multiples="2" jewel="5"/>
<Signreward id="324" reward="101009" rewardNum="1" signTimes="0" isOpenVIPDouble="10" multiples="2" jewel="5"/>
<Signreward id="325" reward="201003" rewardNum="1" signTimes="0" isOpenVIPDouble="0" multiples="1" jewel="5"/>
<Signreward id="326" reward="202003" rewardNum="1" signTimes="0" isOpenVIPDouble="0" multiples="1" jewel="5"/>
<Signreward id="327" reward="101201" rewardNum="1" signTimes="0" isOpenVIPDouble="7" multiples="2" jewel="5"/>
<Signreward id="328" reward="203003" rewardNum="1" signTimes="0" isOpenVIPDouble="0" multiples="1" jewel="5"/>
<Signreward id="329" reward="101008" rewardNum="1" signTimes="0" isOpenVIPDouble="9" multiples="2" jewel="5"/>
<Signreward id="330" reward="105003" rewardNum="1" signTimes="0" isOpenVIPDouble="10" multiples="2" jewel="5"/>
<Signreward id="331" reward="105004" rewardNum="1" signTimes="0" isOpenVIPDouble="10" multiples="2" jewel="5"/>
<Signreward id="401" reward="101004" rewardNum="1" signTimes="0" isOpenVIPDouble="0" multiples="1" jewel="5"/>
<Signreward id="402" reward="101005" rewardNum="1" signTimes="0" isOpenVIPDouble="0" multiples="1" jewel="5"/>
<Signreward id="403" reward="101006" rewardNum="1" signTimes="0" isOpenVIPDouble="2" multiples="2" jewel="5"/>
<Signreward id="404" reward="101001" rewardNum="1" signTimes="0" isOpenVIPDouble="0" multiples="1" jewel="5"/>
<Signreward id="405" reward="101007" rewardNum="1" signTimes="0" isOpenVIPDouble="4" multiples="2" jewel="5"/>
<Signreward id="406" reward="101008" rewardNum="1" signTimes="0" isOpenVIPDouble="6" multiples="2" jewel="5"/>
<Signreward id="407" reward="201002" rewardNum="1" signTimes="0" isOpenVIPDouble="0" multiples="1" jewel="5"/>
<Signreward id="408" reward="202002" rewardNum="1" signTimes="0" isOpenVIPDouble="0" multiples="1" jewel="5"/>
<Signreward id="409" reward="101201" rewardNum="1" signTimes="0" isOpenVIPDouble="7" multiples="2" jewel="5"/>
<Signreward id="410" reward="203002" rewardNum="1" signTimes="0" isOpenVIPDouble="0" multiples="1" jewel="5"/>
<Signreward id="411" reward="101008" rewardNum="1" signTimes="0" isOpenVIPDouble="9" multiples="2" jewel="5"/>
<Signreward id="412" reward="101009" rewardNum="1" signTimes="0" isOpenVIPDouble="10" multiples="2" jewel="5"/>
<Signreward id="413" reward="101004" rewardNum="1" signTimes="0" isOpenVIPDouble="0" multiples="1" jewel="5"/>
<Signreward id="414" reward="101005" rewardNum="1" signTimes="0" isOpenVIPDouble="0" multiples="1" jewel="5"/>
<Signreward id="415" reward="101006" rewardNum="1" signTimes="0" isOpenVIPDouble="2" multiples="2" jewel="5"/>
<Signreward id="416" reward="101001" rewardNum="1" signTimes="0" isOpenVIPDouble="0" multiples="1" jewel="5"/>
<Signreward id="417" reward="101007" rewardNum="1" signTimes="0" isOpenVIPDouble="4" multiples="2" jewel="5"/>
<Signreward id="418" reward="101008" rewardNum="1" signTimes="0" isOpenVIPDouble="6" multiples="2" jewel="5"/>
<Signreward id="419" reward="204002" rewardNum="1" signTimes="0" isOpenVIPDouble="0" multiples="1" jewel="5"/>
<Signreward id="420" reward="205002" rewardNum="1" signTimes="0" isOpenVIPDouble="0" multiples="1" jewel="5"/>
<Signreward id="421" reward="101201" rewardNum="1" signTimes="0" isOpenVIPDouble="7" multiples="2" jewel="5"/>
<Signreward id="422" reward="206002" rewardNum="1" signTimes="0" isOpenVIPDouble="0" multiples="1" jewel="5"/>
<Signreward id="423" reward="101008" rewardNum="1" signTimes="0" isOpenVIPDouble="9" multiples="2" jewel="5"/>
<Signreward id="424" reward="101009" rewardNum="1" signTimes="0" isOpenVIPDouble="10" multiples="2" jewel="5"/>
<Signreward id="425" reward="201003" rewardNum="1" signTimes="0" isOpenVIPDouble="0" multiples="1" jewel="5"/>
<Signreward id="426" reward="202003" rewardNum="1" signTimes="0" isOpenVIPDouble="0" multiples="1" jewel="5"/>
<Signreward id="427" reward="101201" rewardNum="1" signTimes="0" isOpenVIPDouble="7" multiples="2" jewel="5"/>
<Signreward id="428" reward="203003" rewardNum="1" signTimes="0" isOpenVIPDouble="0" multiples="1" jewel="5"/>
<Signreward id="429" reward="101008" rewardNum="1" signTimes="0" isOpenVIPDouble="9" multiples="2" jewel="5"/>
<Signreward id="430" reward="105003" rewardNum="1" signTimes="0" isOpenVIPDouble="10" multiples="2" jewel="5"/>
<Signreward id="501" reward="101004" rewardNum="1" signTimes="0" isOpenVIPDouble="0" multiples="1" jewel="5"/>
<Signreward id="502" reward="101005" rewardNum="1" signTimes="0" isOpenVIPDouble="0" multiples="1" jewel="5"/>
<Signreward id="503" reward="101006" rewardNum="1" signTimes="0" isOpenVIPDouble="2" multiples="2" jewel="5"/>
<Signreward id="504" reward="101001" rewardNum="1" signTimes="0" isOpenVIPDouble="0" multiples="1" jewel="5"/>
<Signreward id="505" reward="101007" rewardNum="1" signTimes="0" isOpenVIPDouble="4" multiples="2" jewel="5"/>
<Signreward id="506" reward="101008" rewardNum="1" signTimes="0" isOpenVIPDouble="6" multiples="2" jewel="5"/>
<Signreward id="507" reward="201002" rewardNum="1" signTimes="0" isOpenVIPDouble="0" multiples="1" jewel="5"/>
<Signreward id="508" reward="202002" rewardNum="1" signTimes="0" isOpenVIPDouble="0" multiples="1" jewel="5"/>
<Signreward id="509" reward="101201" rewardNum="1" signTimes="0" isOpenVIPDouble="7" multiples="2" jewel="5"/>
<Signreward id="510" reward="203002" rewardNum="1" signTimes="0" isOpenVIPDouble="0" multiples="1" jewel="5"/>
<Signreward id="511" reward="101008" rewardNum="1" signTimes="0" isOpenVIPDouble="9" multiples="2" jewel="5"/>
<Signreward id="512" reward="101009" rewardNum="1" signTimes="0" isOpenVIPDouble="10" multiples="2" jewel="5"/>
<Signreward id="513" reward="101004" rewardNum="1" signTimes="0" isOpenVIPDouble="0" multiples="1" jewel="5"/>
<Signreward id="514" reward="101005" rewardNum="1" signTimes="0" isOpenVIPDouble="0" multiples="1" jewel="5"/>
<Signreward id="515" reward="101006" rewardNum="1" signTimes="0" isOpenVIPDouble="2" multiples="2" jewel="5"/>
<Signreward id="516" reward="101001" rewardNum="1" signTimes="0" isOpenVIPDouble="0" multiples="1" jewel="5"/>
<Signreward id="517" reward="101007" rewardNum="1" signTimes="0" isOpenVIPDouble="4" multiples="2" jewel="5"/>
<Signreward id="518" reward="101008" rewardNum="1" signTimes="0" isOpenVIPDouble="6" multiples="2" jewel="5"/>
<Signreward id="519" reward="204002" rewardNum="1" signTimes="0" isOpenVIPDouble="0" multiples="1" jewel="5"/>
<Signreward id="520" reward="205002" rewardNum="1" signTimes="0" isOpenVIPDouble="0" multiples="1" jewel="5"/>
<Signreward id="521" reward="101201" rewardNum="1" signTimes="0" isOpenVIPDouble="7" multiples="2" jewel="5"/>
<Signreward id="522" reward="206002" rewardNum="1" signTimes="0" isOpenVIPDouble="0" multiples="1" jewel="5"/>
<Signreward id="523" reward="101008" rewardNum="1" signTimes="0" isOpenVIPDouble="9" multiples="2" jewel="5"/>
<Signreward id="524" reward="101009" rewardNum="1" signTimes="0" isOpenVIPDouble="10" multiples="2" jewel="5"/>
<Signreward id="525" reward="201003" rewardNum="1" signTimes="0" isOpenVIPDouble="0" multiples="1" jewel="5"/>
<Signreward id="526" reward="202003" rewardNum="1" signTimes="0" isOpenVIPDouble="0" multiples="1" jewel="5"/>
<Signreward id="527" reward="101201" rewardNum="1" signTimes="0" isOpenVIPDouble="7" multiples="2" jewel="5"/>
<Signreward id="528" reward="203003" rewardNum="1" signTimes="0" isOpenVIPDouble="0" multiples="1" jewel="5"/>
<Signreward id="529" reward="101008" rewardNum="1" signTimes="0" isOpenVIPDouble="9" multiples="2" jewel="5"/>
<Signreward id="530" reward="105003" rewardNum="1" signTimes="0" isOpenVIPDouble="10" multiples="2" jewel="5"/>
<Signreward id="531" reward="105004" rewardNum="1" signTimes="0" isOpenVIPDouble="10" multiples="2" jewel="5"/>
<Signreward id="601" reward="101004" rewardNum="1" signTimes="0" isOpenVIPDouble="0" multiples="1" jewel="5"/>
<Signreward id="602" reward="101005" rewardNum="1" signTimes="0" isOpenVIPDouble="0" multiples="1" jewel="5"/>
<Signreward id="603" reward="101006" rewardNum="1" signTimes="0" isOpenVIPDouble="2" multiples="2" jewel="5"/>
<Signreward id="604" reward="101001" rewardNum="1" signTimes="0" isOpenVIPDouble="0" multiples="1" jewel="5"/>
<Signreward id="605" reward="101007" rewardNum="1" signTimes="0" isOpenVIPDouble="4" multiples="2" jewel="5"/>
<Signreward id="606" reward="101008" rewardNum="1" signTimes="0" isOpenVIPDouble="6" multiples="2" jewel="5"/>
<Signreward id="607" reward="201002" rewardNum="1" signTimes="0" isOpenVIPDouble="0" multiples="1" jewel="5"/>
<Signreward id="608" reward="202002" rewardNum="1" signTimes="0" isOpenVIPDouble="0" multiples="1" jewel="5"/>
<Signreward id="609" reward="101201" rewardNum="1" signTimes="0" isOpenVIPDouble="7" multiples="2" jewel="5"/>
<Signreward id="610" reward="203002" rewardNum="1" signTimes="0" isOpenVIPDouble="0" multiples="1" jewel="5"/>
<Signreward id="611" reward="101008" rewardNum="1" signTimes="0" isOpenVIPDouble="9" multiples="2" jewel="5"/>
<Signreward id="612" reward="101009" rewardNum="1" signTimes="0" isOpenVIPDouble="10" multiples="2" jewel="5"/>
<Signreward id="613" reward="101004" rewardNum="1" signTimes="0" isOpenVIPDouble="0" multiples="1" jewel="5"/>
<Signreward id="614" reward="101005" rewardNum="1" signTimes="0" isOpenVIPDouble="0" multiples="1" jewel="5"/>
<Signreward id="615" reward="101006" rewardNum="1" signTimes="0" isOpenVIPDouble="2" multiples="2" jewel="5"/>
<Signreward id="616" reward="101001" rewardNum="1" signTimes="0" isOpenVIPDouble="0" multiples="1" jewel="5"/>
<Signreward id="617" reward="101007" rewardNum="1" signTimes="0" isOpenVIPDouble="4" multiples="2" jewel="5"/>
<Signreward id="618" reward="101008" rewardNum="1" signTimes="0" isOpenVIPDouble="6" multiples="2" jewel="5"/>
<Signreward id="619" reward="204002" rewardNum="1" signTimes="0" isOpenVIPDouble="0" multiples="1" jewel="5"/>
<Signreward id="620" reward="205002" rewardNum="1" signTimes="0" isOpenVIPDouble="0" multiples="1" jewel="5"/>
<Signreward id="621" reward="101201" rewardNum="1" signTimes="0" isOpenVIPDouble="7" multiples="2" jewel="5"/>
<Signreward id="622" reward="206002" rewardNum="1" signTimes="0" isOpenVIPDouble="0" multiples="1" jewel="5"/>
<Signreward id="623" reward="101008" rewardNum="1" signTimes="0" isOpenVIPDouble="9" multiples="2" jewel="5"/>
<Signreward id="624" reward="101009" rewardNum="1" signTimes="0" isOpenVIPDouble="10" multiples="2" jewel="5"/>
<Signreward id="625" reward="201003" rewardNum="1" signTimes="0" isOpenVIPDouble="0" multiples="1" jewel="5"/>
<Signreward id="626" reward="202003" rewardNum="1" signTimes="0" isOpenVIPDouble="0" multiples="1" jewel="5"/>
<Signreward id="627" reward="101201" rewardNum="1" signTimes="0" isOpenVIPDouble="7" multiples="2" jewel="5"/>
<Signreward id="628" reward="203003" rewardNum="1" signTimes="0" isOpenVIPDouble="0" multiples="1" jewel="5"/>
<Signreward id="629" reward="101008" rewardNum="1" signTimes="0" isOpenVIPDouble="9" multiples="2" jewel="5"/>
<Signreward id="630" reward="105003" rewardNum="1" signTimes="0" isOpenVIPDouble="10" multiples="2" jewel="5"/>
<Signreward id="701" reward="101004" rewardNum="1" signTimes="0" isOpenVIPDouble="0" multiples="1" jewel="5"/>
<Signreward id="702" reward="101005" rewardNum="1" signTimes="0" isOpenVIPDouble="0" multiples="1" jewel="5"/>
<Signreward id="703" reward="101006" rewardNum="1" signTimes="0" isOpenVIPDouble="2" multiples="2" jewel="5"/>
<Signreward id="704" reward="101001" rewardNum="1" signTimes="0" isOpenVIPDouble="0" multiples="1" jewel="5"/>
<Signreward id="705" reward="101007" rewardNum="1" signTimes="0" isOpenVIPDouble="4" multiples="2" jewel="5"/>
<Signreward id="706" reward="101008" rewardNum="1" signTimes="0" isOpenVIPDouble="6" multiples="2" jewel="5"/>
<Signreward id="707" reward="201002" rewardNum="1" signTimes="0" isOpenVIPDouble="0" multiples="1" jewel="5"/>
<Signreward id="708" reward="202002" rewardNum="1" signTimes="0" isOpenVIPDouble="0" multiples="1" jewel="5"/>
<Signreward id="709" reward="101201" rewardNum="1" signTimes="0" isOpenVIPDouble="7" multiples="2" jewel="5"/>
<Signreward id="710" reward="203002" rewardNum="1" signTimes="0" isOpenVIPDouble="0" multiples="1" jewel="5"/>
<Signreward id="711" reward="101008" rewardNum="1" signTimes="0" isOpenVIPDouble="9" multiples="2" jewel="5"/>
<Signreward id="712" reward="101009" rewardNum="1" signTimes="0" isOpenVIPDouble="10" multiples="2" jewel="5"/>
<Signreward id="713" reward="101004" rewardNum="1" signTimes="0" isOpenVIPDouble="0" multiples="1" jewel="5"/>
<Signreward id="714" reward="101005" rewardNum="1" signTimes="0" isOpenVIPDouble="0" multiples="1" jewel="5"/>
<Signreward id="715" reward="101006" rewardNum="1" signTimes="0" isOpenVIPDouble="2" multiples="2" jewel="5"/>
<Signreward id="716" reward="101001" rewardNum="1" signTimes="0" isOpenVIPDouble="0" multiples="1" jewel="5"/>
<Signreward id="717" reward="101007" rewardNum="1" signTimes="0" isOpenVIPDouble="4" multiples="2" jewel="5"/>
<Signreward id="718" reward="101008" rewardNum="1" signTimes="0" isOpenVIPDouble="6" multiples="2" jewel="5"/>
<Signreward id="719" reward="204002" rewardNum="1" signTimes="0" isOpenVIPDouble="0" multiples="1" jewel="5"/>
<Signreward id="720" reward="205002" rewardNum="1" signTimes="0" isOpenVIPDouble="0" multiples="1" jewel="5"/>
<Signreward id="721" reward="101201" rewardNum="1" signTimes="0" isOpenVIPDouble="7" multiples="2" jewel="5"/>
<Signreward id="722" reward="206002" rewardNum="1" signTimes="0" isOpenVIPDouble="0" multiples="1" jewel="5"/>
<Signreward id="723" reward="101008" rewardNum="1" signTimes="0" isOpenVIPDouble="9" multiples="2" jewel="5"/>
<Signreward id="724" reward="101009" rewardNum="1" signTimes="0" isOpenVIPDouble="10" multiples="2" jewel="5"/>
<Signreward id="725" reward="201003" rewardNum="1" signTimes="0" isOpenVIPDouble="0" multiples="1" jewel="5"/>
<Signreward id="726" reward="202003" rewardNum="1" signTimes="0" isOpenVIPDouble="0" multiples="1" jewel="5"/>
<Signreward id="727" reward="101201" rewardNum="1" signTimes="0" isOpenVIPDouble="7" multiples="2" jewel="5"/>
<Signreward id="728" reward="203003" rewardNum="1" signTimes="0" isOpenVIPDouble="0" multiples="1" jewel="5"/>
<Signreward id="729" reward="101008" rewardNum="1" signTimes="0" isOpenVIPDouble="9" multiples="2" jewel="5"/>
<Signreward id="730" reward="105003" rewardNum="1" signTimes="0" isOpenVIPDouble="10" multiples="2" jewel="5"/>
<Signreward id="731" reward="105004" rewardNum="1" signTimes="0" isOpenVIPDouble="10" multiples="2" jewel="5"/>
<Signreward id="801" reward="101004" rewardNum="1" signTimes="0" isOpenVIPDouble="0" multiples="1" jewel="5"/>
<Signreward id="802" reward="101005" rewardNum="1" signTimes="0" isOpenVIPDouble="0" multiples="1" jewel="5"/>
<Signreward id="803" reward="101006" rewardNum="1" signTimes="0" isOpenVIPDouble="2" multiples="2" jewel="5"/>
<Signreward id="804" reward="101001" rewardNum="1" signTimes="0" isOpenVIPDouble="0" multiples="1" jewel="5"/>
<Signreward id="805" reward="101007" rewardNum="1" signTimes="0" isOpenVIPDouble="4" multiples="2" jewel="5"/>
<Signreward id="806" reward="101008" rewardNum="1" signTimes="0" isOpenVIPDouble="6" multiples="2" jewel="5"/>
<Signreward id="807" reward="201002" rewardNum="1" signTimes="0" isOpenVIPDouble="0" multiples="1" jewel="5"/>
<Signreward id="808" reward="202002" rewardNum="1" signTimes="0" isOpenVIPDouble="0" multiples="1" jewel="5"/>
<Signreward id="809" reward="101201" rewardNum="1" signTimes="0" isOpenVIPDouble="7" multiples="2" jewel="5"/>
<Signreward id="810" reward="203002" rewardNum="1" signTimes="0" isOpenVIPDouble="0" multiples="1" jewel="5"/>
<Signreward id="811" reward="101008" rewardNum="1" signTimes="0" isOpenVIPDouble="9" multiples="2" jewel="5"/>
<Signreward id="812" reward="101009" rewardNum="1" signTimes="0" isOpenVIPDouble="10" multiples="2" jewel="5"/>
<Signreward id="813" reward="101004" rewardNum="1" signTimes="0" isOpenVIPDouble="0" multiples="1" jewel="5"/>
<Signreward id="814" reward="101005" rewardNum="1" signTimes="0" isOpenVIPDouble="0" multiples="1" jewel="5"/>
<Signreward id="815" reward="101006" rewardNum="1" signTimes="0" isOpenVIPDouble="2" multiples="2" jewel="5"/>
<Signreward id="816" reward="101001" rewardNum="1" signTimes="0" isOpenVIPDouble="0" multiples="1" jewel="5"/>
<Signreward id="817" reward="101007" rewardNum="1" signTimes="0" isOpenVIPDouble="4" multiples="2" jewel="5"/>
<Signreward id="818" reward="101008" rewardNum="1" signTimes="0" isOpenVIPDouble="6" multiples="2" jewel="5"/>
<Signreward id="819" reward="204002" rewardNum="1" signTimes="0" isOpenVIPDouble="0" multiples="1" jewel="5"/>
<Signreward id="820" reward="205002" rewardNum="1" signTimes="0" isOpenVIPDouble="0" multiples="1" jewel="5"/>
<Signreward id="821" reward="101201" rewardNum="1" signTimes="0" isOpenVIPDouble="7" multiples="2" jewel="5"/>
<Signreward id="822" reward="206002" rewardNum="1" signTimes="0" isOpenVIPDouble="0" multiples="1" jewel="5"/>
<Signreward id="823" reward="101008" rewardNum="1" signTimes="0" isOpenVIPDouble="9" multiples="2" jewel="5"/>
<Signreward id="824" reward="101009" rewardNum="1" signTimes="0" isOpenVIPDouble="10" multiples="2" jewel="5"/>
<Signreward id="825" reward="201003" rewardNum="1" signTimes="0" isOpenVIPDouble="0" multiples="1" jewel="5"/>
<Signreward id="826" reward="202003" rewardNum="1" signTimes="0" isOpenVIPDouble="0" multiples="1" jewel="5"/>
<Signreward id="827" reward="101201" rewardNum="1" signTimes="0" isOpenVIPDouble="7" multiples="2" jewel="5"/>
<Signreward id="828" reward="203003" rewardNum="1" signTimes="0" isOpenVIPDouble="0" multiples="1" jewel="5"/>
<Signreward id="829" reward="101008" rewardNum="1" signTimes="0" isOpenVIPDouble="9" multiples="2" jewel="5"/>
<Signreward id="830" reward="105003" rewardNum="1" signTimes="0" isOpenVIPDouble="10" multiples="2" jewel="5"/>
<Signreward id="831" reward="105004" rewardNum="1" signTimes="0" isOpenVIPDouble="10" multiples="2" jewel="5"/>
<Signreward id="901" reward="101004" rewardNum="1" signTimes="0" isOpenVIPDouble="0" multiples="1" jewel="5"/>
<Signreward id="902" reward="101005" rewardNum="1" signTimes="0" isOpenVIPDouble="0" multiples="1" jewel="5"/>
<Signreward id="903" reward="101006" rewardNum="1" signTimes="0" isOpenVIPDouble="2" multiples="2" jewel="5"/>
<Signreward id="904" reward="101001" rewardNum="1" signTimes="0" isOpenVIPDouble="0" multiples="1" jewel="5"/>
<Signreward id="905" reward="101007" rewardNum="1" signTimes="0" isOpenVIPDouble="4" multiples="2" jewel="5"/>
<Signreward id="906" reward="101008" rewardNum="1" signTimes="0" isOpenVIPDouble="6" multiples="2" jewel="5"/>
<Signreward id="907" reward="201002" rewardNum="1" signTimes="0" isOpenVIPDouble="0" multiples="1" jewel="5"/>
<Signreward id="908" reward="202002" rewardNum="1" signTimes="0" isOpenVIPDouble="0" multiples="1" jewel="5"/>
<Signreward id="909" reward="101201" rewardNum="1" signTimes="0" isOpenVIPDouble="7" multiples="2" jewel="5"/>
<Signreward id="910" reward="203002" rewardNum="1" signTimes="0" isOpenVIPDouble="0" multiples="1" jewel="5"/>
<Signreward id="911" reward="101008" rewardNum="1" signTimes="0" isOpenVIPDouble="9" multiples="2" jewel="5"/>
<Signreward id="912" reward="101009" rewardNum="1" signTimes="0" isOpenVIPDouble="10" multiples="2" jewel="5"/>
<Signreward id="913" reward="101004" rewardNum="1" signTimes="0" isOpenVIPDouble="0" multiples="1" jewel="5"/>
<Signreward id="914" reward="101005" rewardNum="1" signTimes="0" isOpenVIPDouble="0" multiples="1" jewel="5"/>
<Signreward id="915" reward="101006" rewardNum="1" signTimes="0" isOpenVIPDouble="2" multiples="2" jewel="5"/>
<Signreward id="916" reward="101001" rewardNum="1" signTimes="0" isOpenVIPDouble="0" multiples="1" jewel="5"/>
<Signreward id="917" reward="101007" rewardNum="1" signTimes="0" isOpenVIPDouble="4" multiples="2" jewel="5"/>
<Signreward id="918" reward="101008" rewardNum="1" signTimes="0" isOpenVIPDouble="6" multiples="2" jewel="5"/>
<Signreward id="919" reward="204002" rewardNum="1" signTimes="0" isOpenVIPDouble="0" multiples="1" jewel="5"/>
<Signreward id="920" reward="205002" rewardNum="1" signTimes="0" isOpenVIPDouble="0" multiples="1" jewel="5"/>
<Signreward id="921" reward="101201" rewardNum="1" signTimes="0" isOpenVIPDouble="7" multiples="2" jewel="5"/>
<Signreward id="922" reward="206002" rewardNum="1" signTimes="0" isOpenVIPDouble="0" multiples="1" jewel="5"/>
<Signreward id="923" reward="101008" rewardNum="1" signTimes="0" isOpenVIPDouble="9" multiples="2" jewel="5"/>
<Signreward id="924" reward="101009" rewardNum="1" signTimes="0" isOpenVIPDouble="10" multiples="2" jewel="5"/>
<Signreward id="925" reward="201003" rewardNum="1" signTimes="0" isOpenVIPDouble="0" multiples="1" jewel="5"/>
<Signreward id="926" reward="202003" rewardNum="1" signTimes="0" isOpenVIPDouble="0" multiples="1" jewel="5"/>
<Signreward id="927" reward="101201" rewardNum="1" signTimes="0" isOpenVIPDouble="7" multiples="2" jewel="5"/>
<Signreward id="928" reward="203003" rewardNum="1" signTimes="0" isOpenVIPDouble="0" multiples="1" jewel="5"/>
<Signreward id="929" reward="101008" rewardNum="1" signTimes="0" isOpenVIPDouble="9" multiples="2" jewel="5"/>
<Signreward id="930" reward="105003" rewardNum="1" signTimes="0" isOpenVIPDouble="10" multiples="2" jewel="5"/>
<Signreward id="1001" reward="101004" rewardNum="1" signTimes="0" isOpenVIPDouble="0" multiples="1" jewel="5"/>
<Signreward id="1002" reward="101005" rewardNum="1" signTimes="0" isOpenVIPDouble="0" multiples="1" jewel="5"/>
<Signreward id="1003" reward="101006" rewardNum="1" signTimes="0" isOpenVIPDouble="2" multiples="2" jewel="5"/>
<Signreward id="1004" reward="101001" rewardNum="1" signTimes="0" isOpenVIPDouble="0" multiples="1" jewel="5"/>
<Signreward id="1005" reward="101007" rewardNum="1" signTimes="0" isOpenVIPDouble="4" multiples="2" jewel="5"/>
<Signreward id="1006" reward="101008" rewardNum="1" signTimes="0" isOpenVIPDouble="6" multiples="2" jewel="5"/>
<Signreward id="1007" reward="201002" rewardNum="1" signTimes="0" isOpenVIPDouble="0" multiples="1" jewel="5"/>
<Signreward id="1008" reward="202002" rewardNum="1" signTimes="0" isOpenVIPDouble="0" multiples="1" jewel="5"/>
<Signreward id="1009" reward="101201" rewardNum="1" signTimes="0" isOpenVIPDouble="7" multiples="2" jewel="5"/>
<Signreward id="1010" reward="203002" rewardNum="1" signTimes="0" isOpenVIPDouble="0" multiples="1" jewel="5"/>
<Signreward id="1011" reward="101008" rewardNum="1" signTimes="0" isOpenVIPDouble="9" multiples="2" jewel="5"/>
<Signreward id="1012" reward="101009" rewardNum="1" signTimes="0" isOpenVIPDouble="10" multiples="2" jewel="5"/>
<Signreward id="1013" reward="101004" rewardNum="1" signTimes="0" isOpenVIPDouble="0" multiples="1" jewel="5"/>
<Signreward id="1014" reward="101005" rewardNum="1" signTimes="0" isOpenVIPDouble="0" multiples="1" jewel="5"/>
<Signreward id="1015" reward="101006" rewardNum="1" signTimes="0" isOpenVIPDouble="2" multiples="2" jewel="5"/>
<Signreward id="1016" reward="101001" rewardNum="1" signTimes="0" isOpenVIPDouble="0" multiples="1" jewel="5"/>
<Signreward id="1017" reward="101007" rewardNum="1" signTimes="0" isOpenVIPDouble="4" multiples="2" jewel="5"/>
<Signreward id="1018" reward="101008" rewardNum="1" signTimes="0" isOpenVIPDouble="6" multiples="2" jewel="5"/>
<Signreward id="1019" reward="204002" rewardNum="1" signTimes="0" isOpenVIPDouble="0" multiples="1" jewel="5"/>
<Signreward id="1020" reward="205002" rewardNum="1" signTimes="0" isOpenVIPDouble="0" multiples="1" jewel="5"/>
<Signreward id="1021" reward="101201" rewardNum="1" signTimes="0" isOpenVIPDouble="7" multiples="2" jewel="5"/>
<Signreward id="1022" reward="206002" rewardNum="1" signTimes="0" isOpenVIPDouble="0" multiples="1" jewel="5"/>
<Signreward id="1023" reward="101008" rewardNum="1" signTimes="0" isOpenVIPDouble="9" multiples="2" jewel="5"/>
<Signreward id="1024" reward="101009" rewardNum="1" signTimes="0" isOpenVIPDouble="10" multiples="2" jewel="5"/>
<Signreward id="1025" reward="201003" rewardNum="1" signTimes="0" isOpenVIPDouble="0" multiples="1" jewel="5"/>
<Signreward id="1026" reward="202003" rewardNum="1" signTimes="0" isOpenVIPDouble="0" multiples="1" jewel="5"/>
<Signreward id="1027" reward="101201" rewardNum="1" signTimes="0" isOpenVIPDouble="7" multiples="2" jewel="5"/>
<Signreward id="1028" reward="203003" rewardNum="1" signTimes="0" isOpenVIPDouble="0" multiples="1" jewel="5"/>
<Signreward id="1029" reward="101008" rewardNum="1" signTimes="0" isOpenVIPDouble="9" multiples="2" jewel="5"/>
<Signreward id="1030" reward="105003" rewardNum="1" signTimes="0" isOpenVIPDouble="10" multiples="2" jewel="5"/>
<Signreward id="1031" reward="105004" rewardNum="1" signTimes="0" isOpenVIPDouble="10" multiples="2" jewel="5"/>
<Signreward id="1101" reward="101004" rewardNum="1" signTimes="0" isOpenVIPDouble="0" multiples="1" jewel="5"/>
<Signreward id="1102" reward="101005" rewardNum="1" signTimes="0" isOpenVIPDouble="0" multiples="1" jewel="5"/>
<Signreward id="1103" reward="101006" rewardNum="1" signTimes="0" isOpenVIPDouble="2" multiples="2" jewel="5"/>
<Signreward id="1104" reward="101001" rewardNum="1" signTimes="0" isOpenVIPDouble="0" multiples="1" jewel="5"/>
<Signreward id="1105" reward="101007" rewardNum="1" signTimes="0" isOpenVIPDouble="4" multiples="2" jewel="5"/>
<Signreward id="1106" reward="101008" rewardNum="1" signTimes="0" isOpenVIPDouble="6" multiples="2" jewel="5"/>
<Signreward id="1107" reward="201002" rewardNum="1" signTimes="0" isOpenVIPDouble="0" multiples="1" jewel="5"/>
<Signreward id="1108" reward="202002" rewardNum="1" signTimes="0" isOpenVIPDouble="0" multiples="1" jewel="5"/>
<Signreward id="1109" reward="101201" rewardNum="1" signTimes="0" isOpenVIPDouble="7" multiples="2" jewel="5"/>
<Signreward id="1110" reward="203002" rewardNum="1" signTimes="0" isOpenVIPDouble="0" multiples="1" jewel="5"/>
<Signreward id="1111" reward="101008" rewardNum="1" signTimes="0" isOpenVIPDouble="9" multiples="2" jewel="5"/>
<Signreward id="1112" reward="101009" rewardNum="1" signTimes="0" isOpenVIPDouble="10" multiples="2" jewel="5"/>
<Signreward id="1113" reward="101004" rewardNum="1" signTimes="0" isOpenVIPDouble="0" multiples="1" jewel="5"/>
<Signreward id="1114" reward="101005" rewardNum="1" signTimes="0" isOpenVIPDouble="0" multiples="1" jewel="5"/>
<Signreward id="1115" reward="101006" rewardNum="1" signTimes="0" isOpenVIPDouble="2" multiples="2" jewel="5"/>
<Signreward id="1116" reward="101001" rewardNum="1" signTimes="0" isOpenVIPDouble="0" multiples="1" jewel="5"/>
<Signreward id="1117" reward="101007" rewardNum="1" signTimes="0" isOpenVIPDouble="4" multiples="2" jewel="5"/>
<Signreward id="1118" reward="101008" rewardNum="1" signTimes="0" isOpenVIPDouble="6" multiples="2" jewel="5"/>
<Signreward id="1119" reward="204002" rewardNum="1" signTimes="0" isOpenVIPDouble="0" multiples="1" jewel="5"/>
<Signreward id="1120" reward="205002" rewardNum="1" signTimes="0" isOpenVIPDouble="0" multiples="1" jewel="5"/>
<Signreward id="1121" reward="101201" rewardNum="1" signTimes="0" isOpenVIPDouble="7" multiples="2" jewel="5"/>
<Signreward id="1122" reward="206002" rewardNum="1" signTimes="0" isOpenVIPDouble="0" multiples="1" jewel="5"/>
<Signreward id="1123" reward="101008" rewardNum="1" signTimes="0" isOpenVIPDouble="9" multiples="2" jewel="5"/>
<Signreward id="1124" reward="101009" rewardNum="1" signTimes="0" isOpenVIPDouble="10" multiples="2" jewel="5"/>
<Signreward id="1125" reward="201003" rewardNum="1" signTimes="0" isOpenVIPDouble="0" multiples="1" jewel="5"/>
<Signreward id="1126" reward="202003" rewardNum="1" signTimes="0" isOpenVIPDouble="0" multiples="1" jewel="5"/>
<Signreward id="1127" reward="101201" rewardNum="1" signTimes="0" isOpenVIPDouble="7" multiples="2" jewel="5"/>
<Signreward id="1128" reward="203003" rewardNum="1" signTimes="0" isOpenVIPDouble="0" multiples="1" jewel="5"/>
<Signreward id="1129" reward="101008" rewardNum="1" signTimes="0" isOpenVIPDouble="9" multiples="2" jewel="5"/>
<Signreward id="1130" reward="105003" rewardNum="1" signTimes="0" isOpenVIPDouble="10" multiples="2" jewel="5"/>
<Signreward id="1201" reward="101004" rewardNum="1" signTimes="0" isOpenVIPDouble="0" multiples="1" jewel="5"/>
<Signreward id="1202" reward="101005" rewardNum="1" signTimes="0" isOpenVIPDouble="0" multiples="1" jewel="5"/>
<Signreward id="1203" reward="101006" rewardNum="1" signTimes="0" isOpenVIPDouble="2" multiples="2" jewel="5"/>
<Signreward id="1204" reward="101001" rewardNum="1" signTimes="0" isOpenVIPDouble="0" multiples="1" jewel="5"/>
<Signreward id="1205" reward="101007" rewardNum="1" signTimes="0" isOpenVIPDouble="4" multiples="2" jewel="5"/>
<Signreward id="1206" reward="101008" rewardNum="1" signTimes="0" isOpenVIPDouble="6" multiples="2" jewel="5"/>
<Signreward id="1207" reward="201002" rewardNum="1" signTimes="0" isOpenVIPDouble="0" multiples="1" jewel="5"/>
<Signreward id="1208" reward="202002" rewardNum="1" signTimes="0" isOpenVIPDouble="0" multiples="1" jewel="5"/>
<Signreward id="1209" reward="101201" rewardNum="1" signTimes="0" isOpenVIPDouble="7" multiples="2" jewel="5"/>
<Signreward id="1210" reward="203002" rewardNum="1" signTimes="0" isOpenVIPDouble="0" multiples="1" jewel="5"/>
<Signreward id="1211" reward="101008" rewardNum="1" signTimes="0" isOpenVIPDouble="9" multiples="2" jewel="5"/>
<Signreward id="1212" reward="101009" rewardNum="1" signTimes="0" isOpenVIPDouble="10" multiples="2" jewel="5"/>
<Signreward id="1213" reward="101004" rewardNum="1" signTimes="0" isOpenVIPDouble="0" multiples="1" jewel="5"/>
<Signreward id="1214" reward="101005" rewardNum="1" signTimes="0" isOpenVIPDouble="0" multiples="1" jewel="5"/>
<Signreward id="1215" reward="101006" rewardNum="1" signTimes="0" isOpenVIPDouble="2" multiples="2" jewel="5"/>
<Signreward id="1216" reward="101001" rewardNum="1" signTimes="0" isOpenVIPDouble="0" multiples="1" jewel="5"/>
<Signreward id="1217" reward="101007" rewardNum="1" signTimes="0" isOpenVIPDouble="4" multiples="2" jewel="5"/>
<Signreward id="1218" reward="101008" rewardNum="1" signTimes="0" isOpenVIPDouble="6" multiples="2" jewel="5"/>
<Signreward id="1219" reward="204002" rewardNum="1" signTimes="0" isOpenVIPDouble="0" multiples="1" jewel="5"/>
<Signreward id="1220" reward="205002" rewardNum="1" signTimes="0" isOpenVIPDouble="0" multiples="1" jewel="5"/>
<Signreward id="1221" reward="101201" rewardNum="1" signTimes="0" isOpenVIPDouble="7" multiples="2" jewel="5"/>
<Signreward id="1222" reward="206002" rewardNum="1" signTimes="0" isOpenVIPDouble="0" multiples="1" jewel="5"/>
<Signreward id="1223" reward="101008" rewardNum="1" signTimes="0" isOpenVIPDouble="9" multiples="2" jewel="5"/>
<Signreward id="1224" reward="101009" rewardNum="1" signTimes="0" isOpenVIPDouble="10" multiples="2" jewel="5"/>
<Signreward id="1225" reward="201003" rewardNum="1" signTimes="0" isOpenVIPDouble="0" multiples="1" jewel="5"/>
<Signreward id="1226" reward="202003" rewardNum="1" signTimes="0" isOpenVIPDouble="0" multiples="1" jewel="5"/>
<Signreward id="1227" reward="101201" rewardNum="1" signTimes="0" isOpenVIPDouble="7" multiples="2" jewel="5"/>
<Signreward id="1228" reward="203003" rewardNum="1" signTimes="0" isOpenVIPDouble="0" multiples="1" jewel="5"/>
<Signreward id="1229" reward="101008" rewardNum="1" signTimes="0" isOpenVIPDouble="9" multiples="2" jewel="5"/>
<Signreward id="1230" reward="105003" rewardNum="1" signTimes="0" isOpenVIPDouble="10" multiples="2" jewel="5"/>
<Signreward id="1231" reward="105004" rewardNum="1" signTimes="0" isOpenVIPDouble="10" multiples="2" jewel="5"/>
</root>