<root>
<skill_rune id="101001" rune_name="强袭" number="121" runeDesc="减少[冲撞]x点能量消耗" runePic="rune031" probability="100" skillcd="0" consume="x*-0.5" continued_consume="0" displacement="0" addition_attribute="x*0.005" skill_hurt_val="0" up_money="50000" money="950*x+20000" duration="3" damage_interval="-1" buff="0" open_level="10" effect="0" role="1"/>
<skill_rune id="102001" rune_name="肘击" number="122" runeDesc="冲撞的伤害有一定概率使敌人眩晕，并造成成x%+y的伤害" runePic="rune032" probability="50+x*5" skillcd="0" consume="0" continued_consume="0" displacement="0" addition_attribute="0.5+x*0.02" skill_hurt_val="x*25" up_money="125000" money="950*x+35000" duration="3" damage_interval="-1" buff="105" open_level="15" effect="9810" role="1"/>
<skill_rune id="103001" rune_name="势不可挡" number="123" runeDesc="减少[冲撞]x秒冷却时间" runePic="rune033" probability="100" skillcd="x*-200" consume="0" continued_consume="0" displacement="0" addition_attribute="x*0.002" skill_hurt_val="0" up_money="135000" money="950*x+50000" duration="3" damage_interval="-1" buff="0" open_level="17" effect="0" role="1"/>
<skill_rune id="104001" rune_name="熟练技巧" number="131" runeDesc="减少[憾地重击]x秒冷却时间" runePic="rune011" probability="100" skillcd="x*-300" consume="0" continued_consume="0" displacement="0" addition_attribute="x*0.003" skill_hurt_val="0" up_money="100000" money="950*x+20000" duration="2" damage_interval="-1" buff="0" open_level="21" effect="0" role="1"/>
<skill_rune id="105001" rune_name="余震" number="132" runeDesc="使大地震撼，额外造成x%+y的余震伤害" runePic="rune012" probability="100" skillcd="0" consume="0" continued_consume="0" displacement="0" addition_attribute="0.005+x*0.0001" skill_hurt_val="x*50" up_money="175000" money="950*x+35000" duration="3" damage_interval="-1" buff="0" open_level="25" effect="100027" role="1"/>
<skill_rune id="106001" rune_name="冲击波" number="133" runeDesc="减少[憾地重击]x点能量消耗" runePic="rune013" probability="100" skillcd="0" consume="x*-0.5" continued_consume="0" displacement="0" addition_attribute="x*0.005" skill_hurt_val="0" up_money="195000" money="950*x+50000" duration="3" damage_interval="-1" buff="0" open_level="29" effect="0" role="1"/>
<skill_rune id="107001" rune_name="体能训练" number="141" runeDesc="旋风斩每秒能量消耗-x点" runePic="rune021" probability="100" skillcd="0" consume="x*-0.5" continued_consume="0" displacement="0" addition_attribute="x*0.005" skill_hurt_val="0" up_money="100000" money="950*x+20000" duration="3" damage_interval="-1" buff="0" open_level="33" effect="0" role="1"/>
<skill_rune id="108001" rune_name="龙卷" number="142" runeDesc="增加旋风斩x%的移动速度" runePic="rune022" probability="100" skillcd="0" consume="0" continued_consume="0" displacement="x*0.1" addition_attribute="x*0.1" skill_hurt_val="0" up_money="235000" money="950*x+35000" duration="3" damage_interval="-1" buff="0" open_level="37" effect="0" role="1"/>
<skill_rune id="109001" rune_name="旋风割裂斩" number="143" runeDesc="使旋风斩能够额外向四周发射多个刀刃造成x%+y伤害。" runePic="rune023" probability="100" skillcd="0" consume="0" continued_consume="0" displacement="0" addition_attribute="0.2+x*0.01" skill_hurt_val="x*25" up_money="255000" money="950*x+50000" duration="3" damage_interval="-1" buff="0" open_level="41" effect="100028" role="1"/>
<skill_rune id="110001" rune_name="战争咆哮" number="151" runeDesc="减少[怒吼]x点能量消耗" runePic="rune041" probability="100" skillcd="0" consume="x*-0.5" continued_consume="0" displacement="0" addition_attribute="x*0.005" skill_hurt_val="0" up_money="100000" money="950*x+20000" duration="3" damage_interval="-1" buff="0" open_level="45" effect="0" role="1"/>
<skill_rune id="111001" rune_name="先祖之盾" number="152" runeDesc="战吼额外增加x%防御力" runePic="rune042" probability="100" skillcd="0" consume="0" continued_consume="0" displacement="0" addition_attribute="1+x*0.1" skill_hurt_val="0" up_money="300000" money="950*x+35000" duration="3" damage_interval="-1" buff="127" open_level="50" effect="0" role="1"/>
<skill_rune id="112001" rune_name="憎恶咆哮" number="153" runeDesc="暴力的嘶吼。造成x%+y伤害，并把附近所有怪物拉到身边。" runePic="rune043" probability="100" skillcd="0" consume="0" continued_consume="0" displacement="0" addition_attribute="1.2" skill_hurt_val="x*25" up_money="325000" money="950*x+50000" duration="3" damage_interval="-1" buff="125" open_level="55" effect="100029" role="1"/>
<skill_rune id="201001" rune_name="超速时间" number="221" runeDesc="翻滚后能够增加x%移动速度。" runePic="rune111" probability="100" skillcd="0" consume="0" continued_consume="0" displacement="0" addition_attribute="0.2+x*0.03" skill_hurt_val="0" up_money="50000" money="950*x+20000" duration="200000" damage_interval="-1" buff="104" open_level="10" effect="0" role="2"/>
<skill_rune id="202001" rune_name="快速翻滚" number="222" runeDesc="减少[翻滚]技能的x秒冷却时间。" runePic="rune112" probability="100" skillcd="x*-300" consume="0" continued_consume="0" displacement="0" addition_attribute="x*0.003" skill_hurt_val="0" up_money="125000" money="950*x+35000" duration="1.8" damage_interval="-1" buff="0" open_level="15" effect="0" role="2"/>
<skill_rune id="203001" rune_name="火焰行径" number="223" runeDesc="在翻滚过程中留下一道火焰行径，造成x%伤害。" runePic="rune113" probability="100" skillcd="0" consume="0" continued_consume="0" displacement="0" addition_attribute="0.5+x*0.01" skill_hurt_val="0" up_money="135000" money="950*x+50000" duration="3" damage_interval="0.3" buff="0" open_level="17" effect="20015" role="2"/>
<skill_rune id="204001" rune_name="多重射1" number="231" runeDesc="额外增加1发冲击波，造成x%+y的伤害。" runePic="rune122" probability="100" skillcd="0" consume="0" continued_consume="0" displacement="0" addition_attribute="2+x*0.5" skill_hurt_val="x*50" up_money="100000" money="950*x+20000" duration="3" damage_interval="-1" buff="0" open_level="21" effect="20204" role="2"/>
<skill_rune id="205001" rune_name="多重射2" number="232" runeDesc="额外再增加1发冲击波，造成x%+y的伤害。" runePic="rune122" probability="100" skillcd="0" consume="0" continued_consume="0" displacement="0" addition_attribute="2+x*0.5" skill_hurt_val="x*50" up_money="175000" money="950*x+35000" duration="3" damage_interval="-1" buff="0" open_level="25" effect="20205" role="2"/>
<skill_rune id="206001" rune_name="破碎" number="233" runeDesc="使多重箭能够击碎目标的护甲，减少目标30%+符文等级*50的护甲。" runePic="rune123" probability="100" skillcd="0" consume="0" continued_consume="0" displacement="0" addition_attribute="1+x*0.05" skill_hurt_val="x*25" up_money="195000" money="950*x+50000" duration="3" damage_interval="-1" buff="126" open_level="29" effect="20302" role="2"/>
<skill_rune id="207001" rune_name="快速装填" number="241" runeDesc="减少技能的x秒冷却时间。" runePic="rune131" probability="100" skillcd="x*-100" consume="0" continued_consume="0" displacement="0" addition_attribute="x*0.001" skill_hurt_val="0" up_money="100000" money="950*x+20000" duration="3" damage_interval="-1" buff="0" open_level="33" effect="0" role="2"/>
<skill_rune id="208001" rune_name="连弩" number="242" runeDesc="连射每秒能量消耗减少x点。" runePic="rune132" probability="100" skillcd="0" consume="0" continued_consume="x*-0.5" displacement="0" addition_attribute="x*0.005" skill_hurt_val="0" up_money="235000" money="950*x+35000" duration="200000" damage_interval="-1" buff="0" open_level="37" effect="0" role="2"/>
<skill_rune id="209001" rune_name="乱射" number="243" runeDesc="使速射能够额外射出1发箭矢，造成x%+y的伤害。" runePic="rune133" probability="100" skillcd="0" consume="0" continued_consume="0" displacement="0" addition_attribute="0.2+x*0.01" skill_hurt_val="x*15" up_money="255000" money="950*x+50000" duration="5" damage_interval="-1" buff="0" open_level="41" effect="20008" role="2"/>
<skill_rune id="210001" rune_name="冷却缩减" number="251" runeDesc="减少技能的x秒冷却时间。" runePic="rune141" probability="100" skillcd="x*-500" consume="0" continued_consume="0" displacement="0" addition_attribute="x*0.005" skill_hurt_val="0" up_money="100000" money="950*x+20000" duration="3" damage_interval="-1" buff="0" open_level="45" effect="0" role="2"/>
<skill_rune id="211001" rune_name="幻影" number="252" runeDesc="释放箭雨时增加x%+y闪避率。" runePic="rune121" probability="100" skillcd="0" consume="0" continued_consume="0" displacement="0" addition_attribute="0.25+x*0.03" skill_hurt_val="0" up_money="300000" money="950*x+35000" duration="3" damage_interval="-1" buff="128" open_level="50" effect="0" role="2"/>
<skill_rune id="212001" rune_name="能量缩减" number="253" runeDesc="减少[箭雨]的x点能量消耗。" runePic="rune143" probability="100" skillcd="0" consume="x*-0.5" continued_consume="0" displacement="0" addition_attribute="x*0.005" skill_hurt_val="0" up_money="325000" money="950*x+50000" duration="3" damage_interval="-1" buff="0" open_level="55" effect="0" role="2"/>
<skill_rune id="301001" rune_name="时间扭曲" number="321" runeDesc="减少[闪烁]x秒冷却时间" runePic="rune111" probability="100" skillcd="x*-300" consume="0" continued_consume="0" displacement="0" addition_attribute="x*0.003" skill_hurt_val="0" up_money="50000" money="950*x+20000" duration="200000" damage_interval="-1" buff="0" open_level="10" effect="0" role="3"/>
<skill_rune id="302001" rune_name="聚能" number="322" runeDesc="减少[闪烁]x点能量消耗" runePic="rune112" probability="100" skillcd="0" consume="x*-0.5" continued_consume="0" displacement="0" addition_attribute="x*0.005" skill_hurt_val="0" up_money="125000" money="950*x+35000" duration="1.8" damage_interval="-1" buff="0" open_level="15" effect="0" role="3"/>
<skill_rune id="303001" rune_name="闪烁爆炸" number="323" runeDesc="闪烁后能够产生爆炸造成x%+y的伤害，并造成1秒眩晕。" runePic="rune113" probability="100" skillcd="0" consume="0" continued_consume="0" displacement="0" addition_attribute="0.3+x*0.1" skill_hurt_val="x*20" up_money="135000" money="950*x+50000" duration="3" damage_interval="-1" buff="301" open_level="17" effect="30022" role="3"/>
<skill_rune id="304001" rune_name="奥术修炼" number="331" runeDesc="减x秒电闪雷鸣冷却时间" runePic="rune121" probability="100" skillcd="x*-300" consume="0" continued_consume="0" displacement="0" addition_attribute="x*0.003" skill_hurt_val="0" up_money="100000" money="950*x+20000" duration="3" damage_interval="-1" buff="0" open_level="21" effect="0" role="3"/>
<skill_rune id="305001" rune_name="过载" number="332" runeDesc="电闪雷鸣的能量消耗减少x点" runePic="rune122" probability="100" skillcd="0" consume="x*-0.5" continued_consume="0" displacement="0" addition_attribute="x*0.005" skill_hurt_val="0" up_money="175000" money="950*x+35000" duration="3" damage_interval="-1" buff="0" open_level="25" effect="0" role="3"/>
<skill_rune id="306001" rune_name="闪电风暴" number="333" runeDesc="使电闪雷鸣召唤更多闪电额外造成x%+y的伤害。" runePic="rune123" probability="100" skillcd="0" consume="0" continued_consume="0" displacement="0" addition_attribute="1+x*0.01" skill_hurt_val="x*25" up_money="195000" money="950*x+50000" duration="3" damage_interval="-1" buff="0" open_level="29" effect="30036" role="3"/>
<skill_rune id="307001" rune_name="咏唱技巧" number="341" runeDesc="加快[极光]x%的蓄力速度。" runePic="rune131" probability="100" skillcd="0" consume="0" continued_consume="0" displacement="0" addition_attribute="0.2+x*0.05" skill_hurt_val="0" up_money="100000" money="950*x+20000" duration="3" damage_interval="-1" buff="1202" open_level="33" effect="0" role="3"/>
<skill_rune id="308001" rune_name="能源续航" number="342" runeDesc="减少持续施法极光技能的x点能量消耗" runePic="rune132" probability="100" skillcd="0" consume="x*-0.5" continued_consume="0" displacement="0" addition_attribute="x*0.005" skill_hurt_val="x*26" up_money="235000" money="950*x+35000" duration="200000" damage_interval="-1" buff="0" open_level="37" effect="0" role="3"/>
<skill_rune id="309001" rune_name="双重奥术" number="343" runeDesc="使极光发射时，额外发射缓慢飞行的光球，造成x%+y的伤害。" runePic="rune133" probability="100" skillcd="0" consume="0" continued_consume="0" displacement="0" addition_attribute="0.5+x*0.01" skill_hurt_val="x*27" up_money="255000" money="950*x+50000" duration="5" damage_interval="-1" buff="0" open_level="41" effect="30062" role="3"/>
<skill_rune id="310001" rune_name="冰系精通" number="351" runeDesc="缩短x秒冰晶爆轰的冷却时间。" runePic="rune141" probability="100" skillcd="x*-500" consume="0" continued_consume="0" displacement="0" addition_attribute="x*0.005" skill_hurt_val="0" up_money="100000" money="950*x+20000" duration="3" damage_interval="-1" buff="0" open_level="45" effect="0" role="3"/>
<skill_rune id="311001" rune_name="法术护盾" number="352" runeDesc="施法时身体处于无敌状态x秒" runePic="rune142" probability="100" skillcd="0" consume="0" continued_consume="0" displacement="0" addition_attribute="0.01+x*0.003" skill_hurt_val="0" up_money="300000" money="950*x+35000" duration="3" damage_interval="-1" buff="1203" open_level="50" effect="0" role="3"/>
<skill_rune id="312001" rune_name="风暴前夕" number="353" runeDesc="施法时召唤冰风暴，造成小范围x%+y的持续伤害。" runePic="rune143" probability="100" skillcd="0" consume="0" continued_consume="0" displacement="0" addition_attribute="1+x*0.05" skill_hurt_val="x*25" up_money="325000" money="950*x+50000" duration="2" damage_interval="0.2" buff="0" open_level="55" effect="30052" role="3"/>
</root>