<root>
<skill id="11000" skill_name="三连击1" skill_type="1" runeId="0" skill_group="1" skill_group2="1" skillDesc="普通攻击，最后一击凶猛的锤击地面,造成范围伤害。" Weight="100" skillPic="skill001" skillcd="0" consume="0" continued_consume="0" direction="-1" displacement="0" addition_attribute="1.5" skill_hurt_val="0" money="0" duration="1" automaticRange="7" damage_interval="-1" harmRange="5" buff="0" open_level="0" job="1" null=""/>
<skill id="11001" skill_name="三连击2" skill_type="1" runeId="0" skill_group="1" skill_group2="2" skillDesc="普通攻击，最后一击凶猛的锤击地面,造成范围伤害。" Weight="100" skillPic="skill001" skillcd="0" consume="0" continued_consume="0" direction="-1" displacement="0" addition_attribute="1.5" skill_hurt_val="0" money="0" duration="1" automaticRange="7" damage_interval="-1" harmRange="5" buff="0" open_level="0" job="1" null=""/>
<skill id="11002" skill_name="三连击3" skill_type="1" runeId="0" skill_group="1" skill_group2="3" skillDesc="普通攻击，最后一击凶猛的锤击地面,造成范围伤害。" Weight="100" skillPic="skill001" skillcd="0" consume="0" continued_consume="0" direction="-1" displacement="0" addition_attribute="1.5" skill_hurt_val="0" money="0" duration="1" automaticRange="7" damage_interval="-1" harmRange="5" buff="0" open_level="0" job="1" null=""/>
<skill id="12001" skill_name="冲撞" skill_type="1" runeId="101001,102001,103001" skill_group="2" skill_group2="0" skillDesc="向前方冲撞20码,造成x%+y的伤害，并且击飞敌人" Weight="50" skillPic="skill002" skillcd="7000" consume="12" continued_consume="0" direction="-1" displacement="0" addition_attribute="1.2+x*0.01" skill_hurt_val="x*12" money="500*(x-1)+500" duration="2" automaticRange="20" damage_interval="-1" harmRange="5" buff="111" open_level="5" job="1" null=""/>
<skill id="13001" skill_name="憾地重击" skill_type="1" runeId="104001,105001,106001" skill_group="3" skill_group2="0" skillDesc="凶猛的锤击地面,造成x%+y的伤害，并且眩晕1.5秒" Weight="50" skillPic="skill003" skillcd="8000" consume="15" continued_consume="0" direction="-1" displacement="0" addition_attribute="2.5+x*0.02" skill_hurt_val="x*15" money="500*(x-1)+500" duration="3" automaticRange="7" damage_interval="-1" harmRange="5" buff="105" open_level="1" job="1" null=""/>
<skill id="14001" skill_name="旋风斩" skill_type="1" runeId="107001,108001,109001" skill_group="4" skill_group2="0" skillDesc="不停的旋转斧子,每0.35秒造成x%+y的伤害" Weight="50" skillPic="skill004" skillcd="1000" consume="0" continued_consume="15" direction="1" displacement="0.5" addition_attribute="0.8" skill_hurt_val="x*20" money="500*(x-1)+500" duration="200000" automaticRange="10" damage_interval="0.35" harmRange="5" buff="0" open_level="10" job="1" null=""/>
<skill id="15001" skill_name="战吼" skill_type="1" runeId="110001,111001,112001" skill_group="5" skill_group2="0" skillDesc="根据技能等级增加大量攻击力，持续10秒" Weight="50" skillPic="skill005" skillcd="20000" consume="20" continued_consume="0" direction="-1" displacement="0" addition_attribute="0" skill_hurt_val="0" money="500*(x-1)+500" duration="3" automaticRange="7" damage_interval="-1" harmRange="5" buff="102" open_level="20" job="1" null=""/>
<skill id="21000" skill_name="三连击1" skill_type="1" runeId="0" skill_group="1" skill_group2="1" skillDesc="" Weight="100" skillPic="skill101" skillcd="0" consume="0" continued_consume="0" direction="-1" displacement="0" addition_attribute="1" skill_hurt_val="0" money="0" duration="3" automaticRange="20" damage_interval="-1" harmRange="5" buff="0" open_level="0" job="2" null=""/>
<skill id="21001" skill_name="三连击2" skill_type="1" runeId="0" skill_group="1" skill_group2="2" skillDesc="" Weight="100" skillPic="skill101" skillcd="0" consume="0" continued_consume="0" direction="-1" displacement="0" addition_attribute="0.6" skill_hurt_val="0" money="0" duration="3" automaticRange="20" damage_interval="-1" harmRange="5" buff="0" open_level="0" job="2" null=""/>
<skill id="21002" skill_name="三连击3" skill_type="1" runeId="0" skill_group="1" skill_group2="3" skillDesc="" Weight="100" skillPic="skill101" skillcd="0" consume="0" continued_consume="0" direction="-1" displacement="0" addition_attribute="1" skill_hurt_val="0" money="0" duration="3" automaticRange="20" damage_interval="-1" harmRange="5" buff="0" open_level="0" job="2" null=""/>
<skill id="22001" skill_name="腾跃" skill_type="1" runeId="201001,202001,203001" skill_group="2" skill_group2="0" skillDesc="跳跃一小段距离，并向身后发射1发会使目标短暂眩晕的箭矢，造成x%+y的伤害。" Weight="20" skillPic="skill102" skillcd="8000" consume="10" continued_consume="0" direction="-1" displacement="0" addition_attribute="2" skill_hurt_val="x*20" money="500*(x-1)+500" duration="3" automaticRange="24" damage_interval="-1" harmRange="5" buff="301" open_level="5" job="2" null=""/>
<skill id="23001" skill_name="冲击波" skill_type="1" runeId="204001,205001,206001" skill_group="3" skill_group2="0" skillDesc="发动扇形攻击并击飞敌人，造成x%+y的伤害" Weight="30" skillPic="skill103" skillcd="6000" consume="15" continued_consume="0" direction="-1" displacement="0" addition_attribute="1.2" skill_hurt_val="x*12" money="500*(x-1)+500" duration="3" automaticRange="22" damage_interval="-1" harmRange="5" buff="110" open_level="1" job="2" null=""/>
<skill id="24001" skill_name="扫射" skill_type="1" runeId="207001,208001,209001" skill_group="4" skill_group2="0" skillDesc="不停的连续射击，每发攻击造成x%+y的伤害" Weight="40" skillPic="skill104" skillcd="1000" consume="0" continued_consume="15" direction="1" displacement="0" addition_attribute="0.7" skill_hurt_val="x*10" money="500*(x-1)+500" duration="200000" automaticRange="22" damage_interval="-1" harmRange="5" buff="0" open_level="10" job="2" null=""/>
<skill id="25001" skill_name="箭雨" skill_type="1" runeId="210001,211001,212001" skill_group="5" skill_group2="0" skillDesc="发射无数箭矢，每0.2秒对范围内敌人造成x%+y的伤害" Weight="25" skillPic="skill105" skillcd="15000" consume="20" continued_consume="0" direction="-1" displacement="0" addition_attribute="1.2+x*0.01" skill_hurt_val="x*20" money="500*(x-1)+500" duration="1.8" automaticRange="20" damage_interval="0.2" harmRange="5" buff="0" open_level="20" job="2" null=""/>
<skill id="31000" skill_name="三连击1" skill_type="1" runeId="0" skill_group="1" skill_group2="1" skillDesc="" Weight="100" skillPic="skill201" skillcd="0" consume="0" continued_consume="0" direction="-1" displacement="0" addition_attribute="0.6" skill_hurt_val="0" money="0" duration="3" automaticRange="20" damage_interval="-1" harmRange="5" buff="0" open_level="0" job="3" null=""/>
<skill id="31001" skill_name="三连击2" skill_type="1" runeId="0" skill_group="1" skill_group2="2" skillDesc="" Weight="100" skillPic="skill201" skillcd="0" consume="0" continued_consume="0" direction="-1" displacement="0" addition_attribute="0.6" skill_hurt_val="0" money="0" duration="3" automaticRange="20" damage_interval="-1" harmRange="5" buff="0" open_level="0" job="3" null=""/>
<skill id="31002" skill_name="三连击3" skill_type="1" runeId="0" skill_group="1" skill_group2="3" skillDesc="" Weight="100" skillPic="skill201" skillcd="0" consume="0" continued_consume="0" direction="-1" displacement="0" addition_attribute="0.6" skill_hurt_val="0" money="0" duration="3" automaticRange="20" damage_interval="-1" harmRange="5" buff="0" open_level="0" job="3" null=""/>
<skill id="32001" skill_name="闪烁" skill_type="1" runeId="301001,302001,303001" skill_group="2" skill_group2="0" skillDesc="瞬间传送一小段距离，并在原点形成一个x%的减速区域。" Weight="20" skillPic="skill202" skillcd="10000" consume="10" continued_consume="0" direction="-1" displacement="0" addition_attribute="0.2" skill_hurt_val="x*12" money="500*(x-1)+500" duration="3" automaticRange="24" damage_interval="0.4" harmRange="5" buff="130" open_level="5" job="3" null=""/>
<skill id="33001" skill_name="奔雷" skill_type="1" runeId="304001,305001,306001" skill_group="3" skill_group2="0" skillDesc="发射多重闪电每次造成x%+y的伤害。" Weight="30" skillPic="skill203" skillcd="5000" consume="15" continued_consume="0" direction="-1" displacement="0" addition_attribute="0.8+x*0.01" skill_hurt_val="x*12" money="500*(x-1)+500" duration="0.7" automaticRange="22" damage_interval="0.2" harmRange="5" buff="0" open_level="1" job="3" null=""/>
<skill id="34001" skill_name="极光" skill_type="1" runeId="307001,308001,309001" skill_group="4" skill_group2="0" skillDesc="发动持续造成伤害的的激光，每0.3秒造成x%+y的伤害" Weight="40" skillPic="skill204" skillcd="5000" consume="0" continued_consume="15" direction="1" displacement="0" addition_attribute="0.5+x*0.01" skill_hurt_val="x*10" money="500*(x-1)+500" duration="200000" automaticRange="22" damage_interval="-1" harmRange="5" buff="0" open_level="10" job="3" null=""/>
<skill id="35001" skill_name="冰晶爆轰" skill_type="1" runeId="310001,311001,312001" skill_group="5" skill_group2="0" skillDesc="蓄力2秒中，发动大范围冰冻造成x%+y的伤害，并使附近敌人冰冻3秒。" Weight="25" skillPic="skill205" skillcd="15000" consume="20" continued_consume="0" direction="-1" displacement="0" addition_attribute="4+x*0.05" skill_hurt_val="x*60" money="500*(x-1)+500" duration="5" automaticRange="20" damage_interval="-1" harmRange="10" buff="107" open_level="20" job="3" null=""/>
<skill id="100000" skill_name="弩车远程攻击" skill_type="1" runeId="0" skill_group="1" skill_group2="0" skillDesc="null" Weight="100" skillPic="skill001" skillcd="0" consume="0" continued_consume="0" direction="-1" displacement="0" addition_attribute="1" skill_hurt_val="0" money="0" duration="3" automaticRange="80" damage_interval="-1" harmRange="5" buff="0" open_level="0" job="100" null=""/>
<skill id="100001" skill_name="近战通用攻击" skill_type="1" runeId="0" skill_group="1" skill_group2="0" skillDesc="null" Weight="100" skillPic="skill001" skillcd="0" consume="0" continued_consume="0" direction="-1" displacement="0" addition_attribute="1" skill_hurt_val="0" money="0" duration="3" automaticRange="8" damage_interval="-1" harmRange="5" buff="0" open_level="0" job="100" null=""/>
<skill id="100002" skill_name="远程通用攻击" skill_type="1" runeId="0" skill_group="1" skill_group2="0" skillDesc="null" Weight="100" skillPic="skill001" skillcd="0" consume="0" continued_consume="0" direction="-1" displacement="0" addition_attribute="1" skill_hurt_val="0" money="0" duration="3" automaticRange="28" damage_interval="-1" harmRange="5" buff="0" open_level="0" job="100" null=""/>
<skill id="100003" skill_name="怪物震地" skill_type="1" runeId="0" skill_group="2" skill_group2="0" skillDesc="null" Weight="50" skillPic="skill001" skillcd="0" consume="0" continued_consume="0" direction="-1" displacement="0" addition_attribute="1" skill_hurt_val="0" money="0" duration="3" automaticRange="35" damage_interval="-1" harmRange="5" buff="0" open_level="0" job="100" null=""/>
<skill id="100004" skill_name="流星火雨" skill_type="1" runeId="0" skill_group="2" skill_group2="0" skillDesc="null" Weight="50" skillPic="skill001" skillcd="0" consume="0" continued_consume="0" direction="-1" displacement="0" addition_attribute="3" skill_hurt_val="0" money="0" duration="3" automaticRange="35" damage_interval="-1" harmRange="5" buff="0" open_level="0" job="100" null=""/>
<skill id="100005" skill_name="世界boss攻击" skill_type="1" runeId="0" skill_group="1" skill_group2="0" skillDesc="null" Weight="50" skillPic="skill001" skillcd="0" consume="0" continued_consume="0" direction="-1" displacement="0" addition_attribute="1" skill_hurt_val="0" money="0" duration="3" automaticRange="35" damage_interval="-1" harmRange="5" buff="0" open_level="0" job="100" null=""/>
<skill id="100006" skill_name="世界攻击1" skill_type="1" runeId="0" skill_group="2" skill_group2="0" skillDesc="null" Weight="50" skillPic="skill001" skillcd="5000" consume="0" continued_consume="0" direction="-1" displacement="0" addition_attribute="0.5" skill_hurt_val="0" money="0" duration="3" automaticRange="35" damage_interval="0.35" harmRange="5" buff="0" open_level="0" job="100" null=""/>
<skill id="100007" skill_name="世界攻击2" skill_type="1" runeId="0" skill_group="3" skill_group2="0" skillDesc="null" Weight="70" skillPic="skill001" skillcd="5000" consume="0" continued_consume="0" direction="-1" displacement="0" addition_attribute="0.5" skill_hurt_val="0" money="0" duration="3" automaticRange="35" damage_interval="-1" harmRange="5" buff="0" open_level="0" job="100" null=""/>
<skill id="100008" skill_name="世界持续攻击" skill_type="1" runeId="0" skill_group="4" skill_group2="0" skillDesc="null" Weight="50" skillPic="skill001" skillcd="15000" consume="0" continued_consume="0" direction="-1" displacement="0" addition_attribute="0.5" skill_hurt_val="0" money="0" duration="3" automaticRange="35" damage_interval="-1" harmRange="5" buff="0" open_level="0" job="100" null=""/>
<skill id="100009" skill_name="世界攻击4" skill_type="1" runeId="0" skill_group="5" skill_group2="0" skillDesc="null" Weight="50" skillPic="skill001" skillcd="5000" consume="0" continued_consume="0" direction="-1" displacement="0" addition_attribute="0.1" skill_hurt_val="0" money="0" duration="3" automaticRange="35" damage_interval="-1" harmRange="5" buff="125" open_level="0" job="100" null=""/>
<skill id="100010" skill_name="飞扑撕咬" skill_type="1" runeId="0" skill_group="2" skill_group2="0" skillDesc="null" Weight="50" skillPic="skill001" skillcd="6000" consume="0" continued_consume="0" direction="-1" displacement="0" addition_attribute="1" skill_hurt_val="0" money="0" duration="3" automaticRange="20" damage_interval="-1" harmRange="5" buff="0" open_level="30" job="100" null=""/>
<skill id="100011" skill_name="高级骷弓乱射" skill_type="1" runeId="0" skill_group="2" skill_group2="0" skillDesc="null" Weight="50" skillPic="skill001" skillcd="6000" consume="0" continued_consume="0" direction="-1" displacement="0" addition_attribute="0.5" skill_hurt_val="0" money="0" duration="3" automaticRange="30" damage_interval="-1" harmRange="5" buff="0" open_level="40" job="100" null=""/>
<skill id="100012" skill_name="苗族女冰气波" skill_type="1" runeId="0" skill_group="2" skill_group2="0" skillDesc="null" Weight="50" skillPic="skill001" skillcd="6000" consume="0" continued_consume="0" direction="-1" displacement="0" addition_attribute="1" skill_hurt_val="0" money="0" duration="3" automaticRange="20" damage_interval="-1" harmRange="5" buff="0" open_level="50" job="100" null=""/>
<skill id="100013" skill_name="嚎叫" skill_type="1" runeId="0" skill_group="2" skill_group2="0" skillDesc="null" Weight="50" skillPic="skill001" skillcd="6000" consume="0" continued_consume="0" direction="-1" displacement="0" addition_attribute="1" skill_hurt_val="0" money="0" duration="3" automaticRange="30" damage_interval="-1" harmRange="5" buff="0" open_level="0" job="100" null=""/>
<skill id="100014" skill_name="2b牛冲撞" skill_type="1" runeId="0" skill_group="2" skill_group2="0" skillDesc="null" Weight="50" skillPic="skill001" skillcd="6000" consume="0" continued_consume="0" direction="-1" displacement="0" addition_attribute="1" skill_hurt_val="0" money="0" duration="3" automaticRange="30" damage_interval="-1" harmRange="5" buff="111" open_level="20" job="100" null=""/>
<skill id="100015" skill_name="巫师火球术" skill_type="1" runeId="0" skill_group="2" skill_group2="0" skillDesc="null" Weight="50" skillPic="skill001" skillcd="6000" consume="0" continued_consume="0" direction="-1" displacement="0" addition_attribute="2" skill_hurt_val="0" money="0" duration="3" automaticRange="20" damage_interval="-1" harmRange="5" buff="0" open_level="25" job="100" null=""/>
<skill id="100016" skill_name="丑B大刀乱舞" skill_type="1" runeId="0" skill_group="2" skill_group2="0" skillDesc="null" Weight="50" skillPic="skill001" skillcd="6000" consume="0" continued_consume="0" direction="-1" displacement="0" addition_attribute="1" skill_hurt_val="0" money="0" duration="3" automaticRange="7" damage_interval="-1" harmRange="5" buff="0" open_level="25" job="100" null=""/>
<skill id="100017" skill_name="天残脚" skill_type="1" runeId="0" skill_group="2" skill_group2="0" skillDesc="null" Weight="50" skillPic="skill001" skillcd="6000" consume="0" continued_consume="0" direction="-1" displacement="0" addition_attribute="1" skill_hurt_val="0" money="0" duration="3" automaticRange="12" damage_interval="-1" harmRange="5" buff="110" open_level="15" job="100" null=""/>
<skill id="100018" skill_name="飞天一击" skill_type="1" runeId="0" skill_group="3" skill_group2="0" skillDesc="null" Weight="50" skillPic="skill001" skillcd="6000" consume="0" continued_consume="0" direction="-1" displacement="0" addition_attribute="2" skill_hurt_val="0" money="0" duration="3" automaticRange="17" damage_interval="-1" harmRange="5" buff="111" open_level="50" job="100" null=""/>
<skill id="100019" skill_name="人马狂奔" skill_type="1" runeId="0" skill_group="2" skill_group2="0" skillDesc="null" Weight="50" skillPic="skill001" skillcd="8000" consume="0" continued_consume="0" direction="-1" displacement="0" addition_attribute="1" skill_hurt_val="0" money="0" duration="3" automaticRange="20" damage_interval="-1" harmRange="5" buff="110" open_level="40" job="100" null=""/>
<skill id="100020" skill_name="大骷髅弓箭" skill_type="1" runeId="0" skill_group="1" skill_group2="0" skillDesc="null" Weight="100" skillPic="skill001" skillcd="0" consume="0" continued_consume="0" direction="-1" displacement="0" addition_attribute="2" skill_hurt_val="0" money="0" duration="3" automaticRange="40" damage_interval="-1" harmRange="5" buff="111" open_level="0" job="100" null=""/>
<skill id="100021" skill_name="3号距离技能12码" skill_type="1" runeId="0" skill_group="4" skill_group2="0" skillDesc="null" Weight="50" skillPic="skill001" skillcd="6000" consume="0" continued_consume="0" direction="-1" displacement="0" addition_attribute="1" skill_hurt_val="0" money="0" duration="3" automaticRange="12" damage_interval="-1" harmRange="5" buff="0" open_level="0" job="100" null=""/>
<skill id="100022" skill_name="3号距离技能17码" skill_type="1" runeId="0" skill_group="4" skill_group2="0" skillDesc="null" Weight="50" skillPic="skill001" skillcd="6000" consume="0" continued_consume="0" direction="-1" displacement="0" addition_attribute="1" skill_hurt_val="0" money="0" duration="3" automaticRange="17" damage_interval="-1" harmRange="5" buff="0" open_level="0" job="100" null=""/>
<skill id="100023" skill_name="3号距离技能22码" skill_type="1" runeId="0" skill_group="4" skill_group2="0" skillDesc="null" Weight="50" skillPic="skill001" skillcd="6000" consume="0" continued_consume="0" direction="-1" displacement="0" addition_attribute="1" skill_hurt_val="0" money="0" duration="3" automaticRange="20" damage_interval="-1" harmRange="5" buff="0" open_level="0" job="100" null=""/>
<skill id="100024" skill_name="4号距离技能7码" skill_type="1" runeId="0" skill_group="5" skill_group2="0" skillDesc="null" Weight="50" skillPic="skill001" skillcd="6000" consume="0" continued_consume="0" direction="-1" displacement="0" addition_attribute="1" skill_hurt_val="0" money="0" duration="3" automaticRange="7" damage_interval="-1" harmRange="5" buff="0" open_level="0" job="100" null=""/>
<skill id="100025" skill_name="4号距离技能12码" skill_type="1" runeId="0" skill_group="5" skill_group2="0" skillDesc="null" Weight="50" skillPic="skill001" skillcd="6000" consume="0" continued_consume="0" direction="-1" displacement="0" addition_attribute="1" skill_hurt_val="0" money="0" duration="3" automaticRange="12" damage_interval="-1" harmRange="5" buff="0" open_level="0" job="100" null=""/>
<skill id="100026" skill_name="4号距离技能17码" skill_type="1" runeId="0" skill_group="5" skill_group2="0" skillDesc="null" Weight="50" skillPic="skill001" skillcd="6000" consume="0" continued_consume="0" direction="-1" displacement="0" addition_attribute="1" skill_hurt_val="0" money="0" duration="3" automaticRange="17" damage_interval="-1" harmRange="5" buff="0" open_level="0" job="100" null=""/>
<skill id="100027" skill_name="4号距离技能22码" skill_type="1" runeId="0" skill_group="5" skill_group2="0" skillDesc="null" Weight="50" skillPic="skill001" skillcd="6000" consume="0" continued_consume="0" direction="-1" displacement="0" addition_attribute="1" skill_hurt_val="0" money="0" duration="3" automaticRange="20" damage_interval="-1" harmRange="5" buff="0" open_level="0" job="100" null=""/>
<skill id="100028" skill_name="1号17码冲锋技能" skill_type="1" runeId="0" skill_group="2" skill_group2="0" skillDesc="null" Weight="50" skillPic="skill001" skillcd="6000" consume="0" continued_consume="0" direction="-1" displacement="0" addition_attribute="1" skill_hurt_val="0" money="0" duration="3" automaticRange="17" damage_interval="-1" harmRange="5" buff="110" open_level="0" job="100" null=""/>
<skill id="100029" skill_name="2号17码冲锋技能" skill_type="1" runeId="0" skill_group="3" skill_group2="0" skillDesc="null" Weight="50" skillPic="skill001" skillcd="6000" consume="0" continued_consume="0" direction="-1" displacement="0" addition_attribute="1" skill_hurt_val="0" money="0" duration="3" automaticRange="17" damage_interval="-1" harmRange="5" buff="110" open_level="40" job="100" null=""/>
<skill id="100030" skill_name="盾击" skill_type="1" runeId="0" skill_group="2" skill_group2="0" skillDesc="null" Weight="50" skillPic="skill001" skillcd="8000" consume="0" continued_consume="0" direction="-1" displacement="0" addition_attribute="0.2" skill_hurt_val="0" money="0" duration="3" automaticRange="8" damage_interval="-1" harmRange="5" buff="105" open_level="0" job="100" null=""/>
<skill id="100031" skill_name="多重波" skill_type="1" runeId="0" skill_group="2" skill_group2="0" skillDesc="null" Weight="50" skillPic="skill001" skillcd="10000" consume="0" continued_consume="0" direction="-1" displacement="0" addition_attribute="1" skill_hurt_val="0" money="0" duration="3" automaticRange="35" damage_interval="-1" harmRange="5" buff="0" open_level="0" job="100" null=""/>
<skill id="100032" skill_name="死灵医疗术" skill_type="1" runeId="0" skill_group="1" skill_group2="0" skillDesc="null" Weight="50" skillPic="skill001" skillcd="10000" consume="0" continued_consume="0" direction="-1" displacement="0" addition_attribute="1" skill_hurt_val="0" money="0" duration="3" automaticRange="35" damage_interval="-1" harmRange="5" buff="118" open_level="0" job="100" null=""/>
<skill id="100033" skill_name="魔女攻击" skill_type="1" runeId="0" skill_group="1" skill_group2="0" skillDesc="null" Weight="50" skillPic="skill001" skillcd="6000" consume="0" continued_consume="" direction="" displacement="0" addition_attribute="1" skill_hurt_val="0" money="0" duration="3" automaticRange="20" damage_interval="-1" harmRange="5" buff="0" open_level="0" job="100" null=""/>
<skill id="110001" skill_name="冰冻穿刺" skill_type="1" runeId="0" skill_group="1" skill_group2="0" skillDesc="null" Weight="25" skillPic="skill001" skillcd="10000" consume="0" continued_consume="0" direction="-1" displacement="0" addition_attribute="1" skill_hurt_val="0" money="0" duration="3" automaticRange="35" damage_interval="-1" harmRange="5" buff="0" open_level="0" job="100" null=""/>
<skill id="110002" skill_name="飞身爪击" skill_type="1" runeId="0" skill_group="2" skill_group2="0" skillDesc="null" Weight="25" skillPic="skill001" skillcd="10000" consume="0" continued_consume="0" direction="-1" displacement="0" addition_attribute="2" skill_hurt_val="0" money="0" duration="3" automaticRange="10" damage_interval="-1" harmRange="5" buff="0" open_level="0" job="100" null=""/>
<skill id="110003" skill_name="冲刺冰晶爆轰" skill_type="1" runeId="0" skill_group="3" skill_group2="0" skillDesc="null" Weight="30" skillPic="skill001" skillcd="10000" consume="0" continued_consume="0" direction="-1" displacement="0" addition_attribute="3" skill_hurt_val="0" money="0" duration="3" automaticRange="35" damage_interval="-1" harmRange="5" buff="107" open_level="0" job="100" null=""/>
<skill id="110004" skill_name="冰枪风暴" skill_type="1" runeId="0" skill_group="4" skill_group2="0" skillDesc="null" Weight="25" skillPic="skill001" skillcd="10000" consume="0" continued_consume="0" direction="-1" displacement="0" addition_attribute="1" skill_hurt_val="0" money="0" duration="3" automaticRange="35" damage_interval="-1" harmRange="5" buff="0" open_level="0" job="100" null=""/>
<skill id="110005" skill_name="火焰爆轰" skill_type="1" runeId="0" skill_group="1" skill_group2="0" skillDesc="null" Weight="25" skillPic="skill001" skillcd="10000" consume="0" continued_consume="0" direction="-1" displacement="0" addition_attribute="0.5" skill_hurt_val="0" money="0" duration="3" automaticRange="35" damage_interval="-1" harmRange="5" buff="114" open_level="0" job="100" null=""/>
<skill id="110006" skill_name="狂轰炸" skill_type="1" runeId="0" skill_group="2" skill_group2="0" skillDesc="造成大范围伤害，并使人燃烧，每秒减少100血量。" Weight="40" skillPic="skill914" skillcd="5000" consume="10" continued_consume="0" direction="-1" displacement="0" addition_attribute="0.5" skill_hurt_val="0" money="0" duration="3" automaticRange="25" damage_interval="-1" harmRange="5" buff="114" open_level="7" job="100" null=""/>
<skill id="110007" skill_name="火焰风暴" skill_type="1" runeId="0" skill_group="3" skill_group2="0" skillDesc="null" Weight="30" skillPic="skill001" skillcd="10000" consume="0" continued_consume="0" direction="-1" displacement="0" addition_attribute="1" skill_hurt_val="0" money="0" duration="5" automaticRange="35" damage_interval="0.35" harmRange="5" buff="114" open_level="0" job="100" null=""/>
<skill id="110008" skill_name="击飞" skill_type="1" runeId="0" skill_group="4" skill_group2="0" skillDesc="null" Weight="25" skillPic="skill001" skillcd="10000" consume="0" continued_consume="0" direction="-1" displacement="0" addition_attribute="1" skill_hurt_val="0" money="0" duration="3" automaticRange="35" damage_interval="-1" harmRange="5" buff="110" open_level="0" job="100" null=""/>
<skill id="20000" skill_name="三连击1" skill_type="1" runeId="0" skill_group="1" skill_group2="1" skillDesc="普通攻击，最后一击凶猛的锤击地面,造成范围伤害。" Weight="35" skillPic="skill001" skillcd="0" consume="0" continued_consume="0" direction="-1" displacement="0" addition_attribute="1" skill_hurt_val="0" money="0" duration="3" automaticRange="7" damage_interval="-1" harmRange="5" buff="0" open_level="0" job="1" null=""/>
<skill id="20001" skill_name="冲撞" skill_type="1" runeId="0" skill_group="2" skill_group2="0" skillDesc="向前方冲撞20码,造成x%+y的伤害，并且击飞敌人" Weight="50" skillPic="skill002" skillcd="6000" consume="10" continued_consume="0" direction="-1" displacement="0" addition_attribute="1.5+x*0.01" skill_hurt_val="x*8" money="500*(x-1)+500" duration="2" automaticRange="20" damage_interval="-1" harmRange="5" buff="110" open_level="7" job="100" null=""/>
<skill id="20002" skill_name="憾地重击" skill_type="1" runeId="0" skill_group="3" skill_group2="0" skillDesc="凶猛的锤击地面,造成x%+y的伤害，并且眩晕2秒" Weight="50" skillPic="skill003" skillcd="8000" consume="15" continued_consume="0" direction="-1" displacement="0" addition_attribute="2+x*0.01" skill_hurt_val="x*10" money="500*(x-1)+500" duration="3" automaticRange="7" damage_interval="-1" harmRange="5" buff="105" open_level="1" job="100" null=""/>
<skill id="20003" skill_name="旋风斩" skill_type="1" runeId="0" skill_group="4" skill_group2="0" skillDesc="不停的旋转斧子,每0.35秒造成x%+y的伤害" Weight="50" skillPic="skill004" skillcd="5000" consume="0" continued_consume="15" direction="1" displacement="0.5" addition_attribute="0.8+x*0.01" skill_hurt_val="x*5" money="500*(x-1)+500" duration="200000" automaticRange="10" damage_interval="0.35" harmRange="5" buff="0" open_level="3" job="100" null=""/>
<skill id="20004" skill_name="战吼" skill_type="1" runeId="0" skill_group="5" skill_group2="0" skillDesc="根据技能等级增加大量攻击力，持续10秒" Weight="50" skillPic="skill005" skillcd="20000" consume="20" continued_consume="0" direction="-1" displacement="0" addition_attribute="0" skill_hurt_val="0" money="500*(x-1)+500" duration="3" automaticRange="7" damage_interval="-1" harmRange="5" buff="102" open_level="10" job="100" null=""/>
<skill id="20100" skill_name="三连击1" skill_type="1" runeId="0" skill_group="1" skill_group2="1" skillDesc="" Weight="35" skillPic="skill101" skillcd="0" consume="0" continued_consume="0" direction="-1" displacement="0" addition_attribute="1" skill_hurt_val="0" money="0" duration="3" automaticRange="20" damage_interval="-1" harmRange="5" buff="0" open_level="0" job="100" null=""/>
<skill id="20101" skill_name="后空翻" skill_type="1" runeId="0" skill_group="2" skill_group2="0" skillDesc="向前跳跃一小段距离，并增加20%移动速度，持续10秒。" Weight="20" skillPic="skill102" skillcd="8000" consume="10" continued_consume="0" direction="-1" displacement="0" addition_attribute="1" skill_hurt_val="0" money="500*(x-1)+500" duration="3" automaticRange="24" damage_interval="-1" harmRange="5" buff="104" open_level="7" job="100" null=""/>
<skill id="20102" skill_name="冲击波" skill_type="1" runeId="0" skill_group="3" skill_group2="0" skillDesc="发动扇形攻击并击飞敌人，造成x%+y的伤害" Weight="30" skillPic="skill103" skillcd="6000" consume="15" continued_consume="0" direction="-1" displacement="0" addition_attribute="1.2" skill_hurt_val="x*8" money="500*(x-1)+500" duration="3" automaticRange="22" damage_interval="-1" harmRange="5" buff="110" open_level="1" job="100" null=""/>
<skill id="20103" skill_name="扫射" skill_type="1" runeId="0" skill_group="4" skill_group2="0" skillDesc="不停的连续射击，每发攻击造成x%+y的伤害" Weight="40" skillPic="skill104" skillcd="5000" consume="0" continued_consume="15" direction="1" displacement="0" addition_attribute="0.7" skill_hurt_val="x*10" money="500*(x-1)+500" duration="200000" automaticRange="22" damage_interval="-1" harmRange="5" buff="0" open_level="3" job="100" null=""/>
<skill id="20104" skill_name="箭雨" skill_type="1" runeId="0" skill_group="5" skill_group2="0" skillDesc="发射无数箭矢，每0.2秒对范围内敌人造成x%+y的伤害" Weight="25" skillPic="skill105" skillcd="15000" consume="20" continued_consume="0" direction="-1" displacement="0" addition_attribute="1" skill_hurt_val="x*5" money="500*(x-1)+500" duration="1.8" automaticRange="20" damage_interval="-1" harmRange="5" buff="0" open_level="10" job="100" null=""/>
<skill id="20200" skill_name="三连击1" skill_type="1" runeId="0" skill_group="1" skill_group2="1" skillDesc="" Weight="35" skillPic="skill201" skillcd="0" consume="0" continued_consume="0" direction="-1" displacement="0" addition_attribute="1" skill_hurt_val="0" money="0" duration="3" automaticRange="20" damage_interval="-1" harmRange="5" buff="0" open_level="0" job="100" null=""/>
<skill id="20201" skill_name="闪烁" skill_type="1" runeId="0" skill_group="2" skill_group2="0" skillDesc="向前传送一小段距离。" Weight="20" skillPic="skill202" skillcd="10000" consume="10" continued_consume="0" direction="-1" displacement="0" addition_attribute="1+x*0.01" skill_hurt_val="x*23" money="500*(x-1)+500" duration="3" automaticRange="24" damage_interval="-1" harmRange="5" buff="104" open_level="7" job="100" null=""/>
<skill id="20202" skill_name="奔雷术" skill_type="1" runeId="0" skill_group="3" skill_group2="0" skillDesc="发射多重闪电每次造成x%+y的伤害。" Weight="30" skillPic="skill203" skillcd="4000" consume="15" continued_consume="0" direction="-1" displacement="0" addition_attribute="1+x*0.01" skill_hurt_val="x*8" money="500*(x-1)+500" duration="3" automaticRange="22" damage_interval="-1" harmRange="5" buff="0" open_level="1" job="100" null=""/>
<skill id="20203" skill_name="极光" skill_type="1" runeId="0" skill_group="4" skill_group2="0" skillDesc="发动持续造成伤害的的激光，每0.3秒造成x%+y的伤害" Weight="40" skillPic="skill204" skillcd="5000" consume="0" continued_consume="15" direction="1" displacement="0" addition_attribute="0.6+x*0.01" skill_hurt_val="x*10" money="500*(x-1)+500" duration="200000" automaticRange="22" damage_interval="-1" harmRange="5" buff="0" open_level="3" job="100" null=""/>
<skill id="20204" skill_name="冰晶爆轰" skill_type="1" runeId="0" skill_group="5" skill_group2="0" skillDesc="蓄力2秒中，发动大范围冰冻造成x%+y的伤害，并使附近敌人冰冻3秒。" Weight="25" skillPic="skill205" skillcd="15000" consume="20" continued_consume="0" direction="-1" displacement="0" addition_attribute="0.6+x*0.01" skill_hurt_val="x*5" money="500*(x-1)+500" duration="5" automaticRange="20" damage_interval="-1" harmRange="5" buff="107" open_level="10" job="100" null=""/>
<skill id="20301" skill_name="冰冻陷阱" skill_type="1" runeId="0" skill_group="2" skill_group2="0" skillDesc="向前传送一小段距离。" Weight="35" skillPic="skill202" skillcd="3000" consume="10" continued_consume="0" direction="-1" displacement="0" addition_attribute="1+x*0.01" skill_hurt_val="x*23" money="500*(x-1)+500" duration="3" automaticRange="30" damage_interval="-1" harmRange="5" buff="107" open_level="7" job="100" null=""/>
<skill id="20302" skill_name="抗拒光环" skill_type="1" runeId="0" skill_group="3" skill_group2="0" skillDesc="向前传送一小段距离。" Weight="35" skillPic="skill202" skillcd="10000" consume="10" continued_consume="0" direction="-1" displacement="0" addition_attribute="1+x*0.01" skill_hurt_val="x*23" money="500*(x-1)+500" duration="3" automaticRange="30" damage_interval="0.5" harmRange="5" buff="110" open_level="7" job="100" null=""/>
<skill id="20303" skill_name="火焰行走" skill_type="1" runeId="0" skill_group="3" skill_group2="0" skillDesc="向前传送一小段距离。" Weight="35" skillPic="skill202" skillcd="0" consume="10" continued_consume="0" direction="-1" displacement="0" addition_attribute="0" skill_hurt_val="x*23" money="500*(x-1)+500" duration="3" automaticRange="30" damage_interval="0.5" harmRange="5" buff="116" open_level="7" job="100" null=""/>
<skill id="20304" skill_name="雷电招来" skill_type="1" runeId="0" skill_group="3" skill_group2="0" skillDesc="向前传送一小段距离。" Weight="35" skillPic="skill202" skillcd="8000" consume="10" continued_consume="0" direction="-1" displacement="0" addition_attribute="3" skill_hurt_val="x*23" money="500*(x-1)+500" duration="3" automaticRange="30" damage_interval="-1" harmRange="5" buff="117" open_level="7" job="100" null=""/>
<skill id="20305" skill_name="暴雨扫射" skill_type="1" runeId="0" skill_group="4" skill_group2="0" skillDesc="不停的连续射击，每发攻击造成x%+y的伤害" Weight="40" skillPic="skill104" skillcd="5000" consume="0" continued_consume="15" direction="1" displacement="0" addition_attribute="0.3" skill_hurt_val="x*10" money="500*(x-1)+500" duration="200000" automaticRange="22" damage_interval="-1" harmRange="5" buff="0" open_level="3" job="100" null=""/>
<skill id="29001" skill_name="十猛龙冲撞" skill_type="1" runeId="0" skill_group="2" skill_group2="0" skillDesc="向前方冲撞20码,造成x%+y的伤害，并且击飞敌人" Weight="50" skillPic="skill002" skillcd="6000" consume="10" continued_consume="0" direction="-1" displacement="0" addition_attribute="0.5+x*0.01" skill_hurt_val="x*8" money="500*(x-1)+500" duration="2" automaticRange="20" damage_interval="-1" harmRange="5" buff="110" open_level="7" job="100" null=""/>
<skill id="29002" skill_name="光鸡震" skill_type="1" runeId="0" skill_group="3" skill_group2="0" skillDesc="向前方冲撞20码,造成x%+y的伤害，并且击飞敌人" Weight="50" skillPic="skill002" skillcd="8000" consume="10" continued_consume="0" direction="-1" displacement="0" addition_attribute="3" skill_hurt_val="x*8" money="500*(x-1)+500" duration="2" automaticRange="20" damage_interval="-1" harmRange="5" buff="124" open_level="7" job="100" null=""/>
<skill id="151001" skill_name="龙卷风" skill_type="1" runeId="0" skill_group="2" skill_group2="0" skillDesc="对大范围一条直线上的敌人造成200%伤害。" Weight="60" skillPic="skill901" skillcd="5000" consume="10" continued_consume="0" direction="-1" displacement="0" addition_attribute="2" skill_hurt_val="x*23" money="500*(x-1)+500" duration="3" automaticRange="25" damage_interval="-1" harmRange="5" buff="0" open_level="7" job="100" null=""/>
<skill id="151002" skill_name="孔明灯" skill_type="1" runeId="0" skill_group="3" skill_group2="0" skillDesc="每0.5秒回复生命3%的血量，持续5秒。" Weight="40" skillPic="skill902" skillcd="5000" consume="10" continued_consume="0" direction="-1" displacement="0" addition_attribute="1+x*0.01" skill_hurt_val="x*23" money="500*(x-1)+500" duration="3" automaticRange="25" damage_interval="-1" harmRange="5" buff="1009" open_level="7" job="100" null=""/>
<skill id="151003" skill_name="神树" skill_type="2" runeId="0" skill_group="4" skill_group2="0" skillDesc="[协同技]永久增加主角50点智力" Weight="20" skillPic="skill903" skillcd="5000" consume="10" continued_consume="0" direction="-1" displacement="0" addition_attribute="0" skill_hurt_val="0" money="500*(x-1)+500" duration="3" automaticRange="25" damage_interval="-1" harmRange="5" buff="1001" open_level="7" job="100" null=""/>
<skill id="151004" skill_name="单骑一击" skill_type="1" runeId="0" skill_group="2" skill_group2="0" skillDesc="瞬间冲出去对前方目标造成伤害并眩晕。" Weight="60" skillPic="skill904" skillcd="5000" consume="10" continued_consume="0" direction="-1" displacement="0" addition_attribute="2" skill_hurt_val="x*23" money="500*(x-1)+500" duration="3" automaticRange="25" damage_interval="-1" harmRange="5" buff="301" open_level="7" job="100" null=""/>
<skill id="151005" skill_name="回旋斩" skill_type="1" runeId="0" skill_group="3" skill_group2="0" skillDesc="大力挥舞，击飞自身范围内的所有敌人。" Weight="40" skillPic="skill905" skillcd="5000" consume="10" continued_consume="0" direction="-1" displacement="0" addition_attribute="3" skill_hurt_val="x*23" money="500*(x-1)+500" duration="3" automaticRange="25" damage_interval="-1" harmRange="5" buff="110" open_level="7" job="100" null=""/>
<skill id="151006" skill_name="义" skill_type="2" runeId="0" skill_group="4" skill_group2="0" skillDesc="[协同技]永久增加主角50点力量" Weight="20" skillPic="skill906" skillcd="5000" consume="10" continued_consume="0" direction="-1" displacement="0" addition_attribute="0" skill_hurt_val="0" money="500*(x-1)+500" duration="3" automaticRange="25" damage_interval="-1" harmRange="5" buff="1002" open_level="7" job="100" null=""/>
<skill id="151007" skill_name="乱舞" skill_type="1" runeId="0" skill_group="2" skill_group2="0" skillDesc="不停的挥舞、冲锋，对目标造成多次伤害。" Weight="60" skillPic="skill907" skillcd="5000" consume="10" continued_consume="0" direction="-1" displacement="0" addition_attribute="1" skill_hurt_val="x*23" money="500*(x-1)+500" duration="3" automaticRange="25" damage_interval="-1" harmRange="5" buff="0" open_level="7" job="100" null=""/>
<skill id="151008" skill_name="天下无双" skill_type="1" runeId="0" skill_group="3" skill_group2="0" skillDesc="10秒内吕布会获得双倍攻击速度。" Weight="40" skillPic="skill908" skillcd="10000" consume="10" continued_consume="0" direction="-1" displacement="0" addition_attribute="1+x*0.01" skill_hurt_val="x*23" money="500*(x-1)+500" duration="3" automaticRange="25" damage_interval="-1" harmRange="5" buff="1201" open_level="7" job="100" null=""/>
<skill id="151009" skill_name="恐鳌之心" skill_type="2" runeId="0" skill_group="4" skill_group2="0" skillDesc="[协同技]永久增加主角150点攻击力" Weight="20" skillPic="skill909" skillcd="5000" consume="10" continued_consume="0" direction="-1" displacement="0" addition_attribute="0" skill_hurt_val="0" money="500*(x-1)+500" duration="3" automaticRange="25" damage_interval="-1" harmRange="5" buff="1003" open_level="7" job="100" null=""/>
<skill id="151010" skill_name="束缚箭" skill_type="1" runeId="0" skill_group="2" skill_group2="0" skillDesc="对前方一条直线上的敌人造成伤害，并眩晕。" Weight="60" skillPic="skill911" skillcd="5000" consume="10" continued_consume="0" direction="-1" displacement="0" addition_attribute="2" skill_hurt_val="x*23" money="500*(x-1)+500" duration="3" automaticRange="50" damage_interval="-1" harmRange="5" buff="301" open_level="7" job="100" null=""/>
<skill id="151011" skill_name="多重射" skill_type="1" runeId="0" skill_group="3" skill_group2="0" skillDesc="发射多次精准快速的攻击。" Weight="40" skillPic="skill910" skillcd="5000" consume="10" continued_consume="0" direction="-1" displacement="0" addition_attribute="2" skill_hurt_val="x*23" money="500*(x-1)+500" duration="3" automaticRange="50" damage_interval="-1" harmRange="5" buff="0" open_level="7" job="100" null=""/>
<skill id="151012" skill_name="灵动迅捷" skill_type="2" runeId="0" skill_group="4" skill_group2="0" skillDesc="[协同技]永久增加主角50点敏捷" Weight="20" skillPic="skill912" skillcd="5000" consume="10" continued_consume="0" direction="-1" displacement="0" addition_attribute="0" skill_hurt_val="0" money="500*(x-1)+500" duration="3" automaticRange="25" damage_interval="-1" harmRange="5" buff="1004" open_level="7" job="100" null=""/>
<skill id="151013" skill_name="龙破斩" skill_type="1" runeId="0" skill_group="2" skill_group2="0" skillDesc="对一条直线上的敌人造成伤害。" Weight="60" skillPic="skill913" skillcd="5000" consume="10" continued_consume="0" direction="-1" displacement="0" addition_attribute="2.5+x*0.01" skill_hurt_val="x*23" money="500*(x-1)+500" duration="3" automaticRange="25" damage_interval="-1" harmRange="5" buff="0" open_level="7" job="100" null=""/>
<skill id="151014" skill_name="火焰爆轰" skill_type="1" runeId="0" skill_group="3" skill_group2="0" skillDesc="造成大范围伤害，并使人燃烧，每秒减少1%血量。" Weight="40" skillPic="skill914" skillcd="5000" consume="10" continued_consume="0" direction="-1" displacement="0" addition_attribute="3+x*0.01" skill_hurt_val="x*23" money="500*(x-1)+500" duration="3" automaticRange="25" damage_interval="-1" harmRange="5" buff="114" open_level="7" job="100" null=""/>
<skill id="151015" skill_name="蓄势" skill_type="2" runeId="0" skill_group="4" skill_group2="0" skillDesc="[协同技]永久增加主角2.5%暴击率" Weight="20" skillPic="skill915" skillcd="5000" consume="10" continued_consume="0" direction="-1" displacement="0" addition_attribute="0" skill_hurt_val="0" money="500*(x-1)+500" duration="3" automaticRange="25" damage_interval="-1" harmRange="5" buff="1005" open_level="7" job="100" null=""/>
<skill id="151016" skill_name="奔雷术" skill_type="1" runeId="0" skill_group="2" skill_group2="0" skillDesc="对一条线上的敌人发动雷击，造成200%伤害" Weight="60" skillPic="skill916" skillcd="5000" consume="10" continued_consume="0" direction="-1" displacement="0" addition_attribute="2.5+x*0.01" skill_hurt_val="x*23" money="500*(x-1)+500" duration="3" automaticRange="25" damage_interval="-1" harmRange="5" buff="0" open_level="7" job="100" null=""/>
<skill id="151017" skill_name="闪电环绕" skill_type="1" runeId="0" skill_group="3" skill_group2="0" skillDesc="召唤闪电的能量，每秒恢复6点能量" Weight="40" skillPic="skill917" skillcd="5000" consume="10" continued_consume="0" direction="-1" displacement="0" addition_attribute="0.3+x*0.01" skill_hurt_val="x*23" money="500*(x-1)+500" duration="10" automaticRange="25" damage_interval="0.5" harmRange="5" buff="1010" open_level="7" job="100" null=""/>
<skill id="151018" skill_name="天怒" skill_type="2" runeId="0" skill_group="4" skill_group2="0" skillDesc="[协同技]永久增加主角5%暴击伤害" Weight="20" skillPic="skill918" skillcd="5000" consume="10" continued_consume="0" direction="-1" displacement="0" addition_attribute="0" skill_hurt_val="0" money="500*(x-1)+500" duration="3" automaticRange="25" damage_interval="-1" harmRange="5" buff="1006" open_level="7" job="100" null=""/>
<skill id="151019" skill_name="火焰爆轰" skill_type="1" runeId="0" skill_group="1" skill_group2="0" skillDesc="造成大范围伤害，并使人燃烧，每秒减少血量。" Weight="25" skillPic="skill001" skillcd="0" consume="0" continued_consume="0" direction="-1" displacement="0" addition_attribute="1" skill_hurt_val="0" money="0" duration="3" automaticRange="35" damage_interval="-1" harmRange="5" buff="114" open_level="0" job="100" null=""/>
<skill id="151020" skill_name="烈焰狂轰" skill_type="1" runeId="0" skill_group="2" skill_group2="0" skillDesc="造成多次大范围伤害，并使人燃烧，每秒减少血量。" Weight="40" skillPic="skill913" skillcd="5000" consume="10" continued_consume="0" direction="-1" displacement="0" addition_attribute="2" skill_hurt_val="0" money="0" duration="3" automaticRange="25" damage_interval="-1" harmRange="5" buff="114" open_level="7" job="100" null=""/>
<skill id="151021" skill_name="火焰漩涡" skill_type="1" runeId="0" skill_group="3" skill_group2="0" skillDesc="释放一个火焰漩涡，吸收大范围的敌人。" Weight="25" skillPic="skill914" skillcd="5000" consume="0" continued_consume="0" direction="-1" displacement="0" addition_attribute="0.8" skill_hurt_val="0" money="0" duration="3" automaticRange="35" damage_interval="0.5" harmRange="5" buff="125" open_level="0" job="100" null=""/>
<skill id="151022" skill_name="烛龙之心" skill_type="2" runeId="0" skill_group="4" skill_group2="0" skillDesc="[协同技]永久增加人物3000点血量" Weight="25" skillPic="skill915" skillcd="5000" consume="0" continued_consume="0" direction="-1" displacement="0" addition_attribute="1" skill_hurt_val="0" money="0" duration="3" automaticRange="35" damage_interval="-1" harmRange="5" buff="1011" open_level="0" job="100" null=""/>
<skill id="151023" skill_name="爪击" skill_type="1" runeId="0" skill_group="1" skill_group2="0" skillDesc="造成大范围伤害，并使人燃烧，每秒减少血量。" Weight="25" skillPic="skill001" skillcd="0" consume="0" continued_consume="0" direction="-1" displacement="0" addition_attribute="1" skill_hurt_val="0" money="0" duration="3" automaticRange="10" damage_interval="-1" harmRange="5" buff="0" open_level="0" job="100" null=""/>
<skill id="151024" skill_name="幻影连击" skill_type="1" runeId="0" skill_group="2" skill_group2="0" skillDesc="快速穿梭战场，对经过敌人造成伤害。" Weight="40" skillPic="skill913" skillcd="5000" consume="10" continued_consume="0" direction="-1" displacement="0" addition_attribute="2" skill_hurt_val="0" money="0" duration="3" automaticRange="25" damage_interval="-1" harmRange="5" buff="0" open_level="7" job="100" null=""/>
<skill id="151025" skill_name="致命吼叫" skill_type="1" runeId="0" skill_group="3" skill_group2="0" skillDesc="幽灵狼冲天长吼，临时增加友方大幅暴击率。" Weight="25" skillPic="skill914" skillcd="5000" consume="0" continued_consume="0" direction="-1" displacement="0" addition_attribute="1" skill_hurt_val="0" money="0" duration="3" automaticRange="40" damage_interval="-1" harmRange="5" buff="1013" open_level="0" job="100" null=""/>
<skill id="151026" skill_name="通灵:狂猛" skill_type="2" runeId="0" skill_group="4" skill_group2="0" skillDesc="[协同技]永久增加人物5%暴击率" Weight="25" skillPic="skill915" skillcd="5000" consume="0" continued_consume="0" direction="-1" displacement="0" addition_attribute="1" skill_hurt_val="0" money="0" duration="3" automaticRange="35" damage_interval="-1" harmRange="5" buff="1012" open_level="0" job="100" null=""/>
<skill id="151027" skill_name="顶撞" skill_type="1" runeId="0" skill_group="1" skill_group2="0" skillDesc="造成200%伤害，并击飞敌人。" Weight="25" skillPic="skill001" skillcd="0" consume="0" continued_consume="0" direction="-1" displacement="0" addition_attribute="1" skill_hurt_val="0" money="0" duration="3" automaticRange="10" damage_interval="-1" harmRange="5" buff="0" open_level="0" job="100" null=""/>
<skill id="151028" skill_name="怒之狂奔" skill_type="1" runeId="0" skill_group="2" skill_group2="0" skillDesc="凶猛的向前狂奔，对经过敌人造成伤害。" Weight="40" skillPic="skill913" skillcd="5000" consume="10" continued_consume="0" direction="-1" displacement="0" addition_attribute="2" skill_hurt_val="0" money="0" duration="3" automaticRange="25" damage_interval="-1" harmRange="5" buff="110" open_level="7" job="100" null=""/>
<skill id="151029" skill_name="死光炮" skill_type="1" runeId="0" skill_group="3" skill_group2="0" skillDesc="对一条直线上的所有敌人造成伤害。" Weight="25" skillPic="skill914" skillcd="5000" consume="0" continued_consume="0" direction="-1" displacement="0" addition_attribute="1" skill_hurt_val="0" money="0" duration="3" automaticRange="40" damage_interval="-1" harmRange="5" buff="0" open_level="0" job="100" null=""/>
<skill id="151030" skill_name="愤怒" skill_type="2" runeId="0" skill_group="4" skill_group2="0" skillDesc="[协同技]永久增加人物10%暴击伤害。" Weight="25" skillPic="skill915" skillcd="5000" consume="0" continued_consume="0" direction="-1" displacement="0" addition_attribute="1" skill_hurt_val="0" money="0" duration="3" automaticRange="35" damage_interval="-1" harmRange="5" buff="1014" open_level="0" job="100" null=""/>
<skill id="301001" skill_name="顶盾出击" skill_type="1" runeId="0" skill_group="2" skill_group2="0" skillDesc="强力攻击目标敌人，并使其眩晕" Weight="30" skillPic="skill003" skillcd="85000" consume="0" continued_consume="0" direction="-1" displacement="0" addition_attribute="1.2" skill_hurt_val="0" money="0" duration="2" automaticRange="10" damage_interval="-1" harmRange="5" buff="105" open_level="0" job="100" null=""/>
<skill id="301002" skill_name="骨裂扫" skill_type="1" runeId="0" skill_group="3" skill_group2="0" skillDesc="击退周围敌方，并造成持续伤害" Weight="30" skillPic="skill004" skillcd="12000" consume="0" continued_consume="0" direction="-1" displacement="0" addition_attribute="0.8" skill_hurt_val="0" money="0" duration="2" automaticRange="7" damage_interval="0.3" harmRange="7" buff="110" open_level="0" job="100" null=""/>
<skill id="301003" skill_name="死灵狂暴术" skill_type="1" runeId="0" skill_group="5" skill_group2="0" skillDesc="召唤出一堆小怪攻击敌人" Weight="20" skillPic="skill005" skillcd="15000" consume="0" continued_consume="0" direction="-1" displacement="0" addition_attribute="1" skill_hurt_val="0" money="0" duration="1" automaticRange="20" damage_interval="-1" harmRange="0" buff="119" open_level="30" job="100" null=""/>
<skill id="301004" skill_name="怪物激光" skill_type="1" runeId="0" skill_group="3" skill_group2="0" skillDesc="发出一道激光射向地方" Weight="30" skillPic="skill005" skillcd="15000" consume="0" continued_consume="0" direction="-1" displacement="0" addition_attribute="2" skill_hurt_val="0" money="0" duration="1" automaticRange="20" damage_interval="0.5" harmRange="0" buff="0" open_level="0" job="100"/>
<skill id="301005" skill_name="怪物施毒" skill_type="1" runeId="0" skill_group="3" skill_group2="0" skillDesc="扔出一滩脏东西砸向敌人，并使其中毒" Weight="40" skillPic="skill005" skillcd="14000" consume="0" continued_consume="0" direction="-1" displacement="0" addition_attribute="1" skill_hurt_val="0" money="0" duration="1" automaticRange="19" damage_interval="0.5" harmRange="0" buff="101" open_level="0" job="100"/>
<skill id="300006" skill_name="近战Boss通用攻击" skill_type="1" runeId="0" skill_group="1" skill_group2="0" skillDesc="很牛逼又很普通的攻击" Weight="0" skillPic="skill001" skillcd="0" consume="0" continued_consume="0" direction="-1" displacement="0" addition_attribute="1" skill_hurt_val="0" money="0" duration="3" automaticRange="10" damage_interval="-1" harmRange="5" buff="0" open_level="0" job="100"/>
<skill id="300007" skill_name="龟缩" skill_type="1" runeId="0" skill_group="3" skill_group2="0" skillDesc="你来打我呀" Weight="30" skillPic="skill001" skillcd="12000" consume="0" continued_consume="0" direction="-1" displacement="0" addition_attribute="0" skill_hurt_val="0" money="0" duration="6" automaticRange="24" damage_interval="-1" harmRange="5" buff="1007" open_level="0" job="100"/>
<skill id="300008" skill_name="多重冰箭" skill_type="1" runeId="0" skill_group="2" skill_group2="0" skillDesc="威力极大的招式" Weight="30" skillPic="skill202" skillcd="10000" consume="0" continued_consume="0" direction="-1" displacement="0" addition_attribute="1.2" skill_hurt_val="0" money="0" duration="3" automaticRange="24" damage_interval="-1" harmRange="2" buff="0" open_level="0" job="100" null=""/>
<skill id="400001" skill_name="武将近战通用攻击" skill_type="1" runeId="0" skill_group="1" skill_group2="1" skillDesc="null" Weight="100" skillPic="skill001" skillcd="0" consume="0" continued_consume="0" direction="-1" displacement="0" addition_attribute="1" skill_hurt_val="0" money="0" duration="3" automaticRange="8" damage_interval="-1" harmRange="5" buff="0" open_level="0" job="100" null=""/>
<skill id="400002" skill_name="武将远程通用攻击" skill_type="1" runeId="0" skill_group="1" skill_group2="1" skillDesc="null" Weight="100" skillPic="skill001" skillcd="0" consume="0" continued_consume="0" direction="-1" displacement="0" addition_attribute="1" skill_hurt_val="0" money="0" duration="3" automaticRange="40" damage_interval="-1" harmRange="5" buff="0" open_level="0" job="100" null=""/>
<skill id="400003" skill_name="武将远程加长型攻击" skill_type="1" runeId="0" skill_group="1" skill_group2="1" skillDesc="null" Weight="100" skillPic="skill001" skillcd="0" consume="0" continued_consume="0" direction="-1" displacement="0" addition_attribute="1" skill_hurt_val="0" money="0" duration="3" automaticRange="50" damage_interval="-1" harmRange="5" buff="0" open_level="0" job="100" null=""/>
</root>