<root>
<Smelt id="1" upgradeExp="100" STR="2" DEX="2" INT="2" PHY="2"/>
<Smelt id="2" upgradeExp="150" STR="7" DEX="7" INT="7" PHY="7"/>
<Smelt id="3" upgradeExp="240" STR="13" DEX="13" INT="13" PHY="13"/>
<Smelt id="4" upgradeExp="380" STR="19" DEX="19" INT="19" PHY="19"/>
<Smelt id="5" upgradeExp="525" STR="26" DEX="26" INT="26" PHY="26"/>
<Smelt id="6" upgradeExp="810" STR="34" DEX="34" INT="34" PHY="34"/>
<Smelt id="7" upgradeExp="1348" STR="42" DEX="42" INT="42" PHY="42"/>
<Smelt id="8" upgradeExp="1820" STR="51" DEX="51" INT="51" PHY="51"/>
<Smelt id="9" upgradeExp="2363" STR="61" DEX="61" INT="61" PHY="61"/>
<Smelt id="10" upgradeExp="2975" STR="72" DEX="72" INT="72" PHY="72"/>
<Smelt id="11" upgradeExp="3658" STR="84" DEX="84" INT="84" PHY="84"/>
<Smelt id="12" upgradeExp="4410" STR="97" DEX="97" INT="97" PHY="97"/>
<Smelt id="13" upgradeExp="5980" STR="112" DEX="112" INT="112" PHY="112"/>
<Smelt id="14" upgradeExp="7000" STR="128" DEX="128" INT="128" PHY="128"/>
<Smelt id="15" upgradeExp="8100" STR="146" DEX="146" INT="146" PHY="146"/>
<Smelt id="16" upgradeExp="9280" STR="166" DEX="166" INT="166" PHY="166"/>
<Smelt id="17" upgradeExp="10540" STR="188" DEX="188" INT="188" PHY="188"/>
<Smelt id="18" upgradeExp="11880" STR="212" DEX="212" INT="212" PHY="212"/>
<Smelt id="19" upgradeExp="13300" STR="236" DEX="236" INT="236" PHY="236"/>
<Smelt id="20" upgradeExp="14800" STR="260" DEX="260" INT="260" PHY="260"/>
<Smelt id="21" upgradeExp="16380" STR="284" DEX="284" INT="284" PHY="284"/>
<Smelt id="22" upgradeExp="18040" STR="308" DEX="308" INT="308" PHY="308"/>
<Smelt id="23" upgradeExp="24725" STR="332" DEX="332" INT="332" PHY="332"/>
<Smelt id="24" upgradeExp="27000" STR="356" DEX="356" INT="356" PHY="356"/>
<Smelt id="25" upgradeExp="29375" STR="380" DEX="380" INT="380" PHY="380"/>
<Smelt id="26" upgradeExp="31850" STR="404" DEX="404" INT="404" PHY="404"/>
<Smelt id="27" upgradeExp="34425" STR="428" DEX="428" INT="428" PHY="428"/>
<Smelt id="28" upgradeExp="37100" STR="452" DEX="452" INT="452" PHY="452"/>
<Smelt id="29" upgradeExp="39875" STR="476" DEX="476" INT="476" PHY="476"/>
<Smelt id="30" upgradeExp="42750" STR="500" DEX="500" INT="500" PHY="500"/>
<Smelt id="31" upgradeExp="45725" STR="524" DEX="524" INT="524" PHY="524"/>
<Smelt id="32" upgradeExp="48800" STR="548" DEX="548" INT="548" PHY="548"/>
<Smelt id="33" upgradeExp="51975" STR="572" DEX="572" INT="572" PHY="572"/>
<Smelt id="34" upgradeExp="55250" STR="596" DEX="596" INT="596" PHY="596"/>
<Smelt id="35" upgradeExp="58625" STR="620" DEX="620" INT="620" PHY="620"/>
<Smelt id="36" upgradeExp="62100" STR="644" DEX="644" INT="644" PHY="644"/>
<Smelt id="37" upgradeExp="65675" STR="668" DEX="668" INT="668" PHY="668"/>
<Smelt id="38" upgradeExp="69350" STR="692" DEX="692" INT="692" PHY="692"/>
<Smelt id="39" upgradeExp="73125" STR="716" DEX="716" INT="716" PHY="716"/>
<Smelt id="40" upgradeExp="77000" STR="740" DEX="740" INT="740" PHY="740"/>
<Smelt id="41" upgradeExp="80975" STR="764" DEX="764" INT="764" PHY="764"/>
<Smelt id="42" upgradeExp="85050" STR="788" DEX="788" INT="788" PHY="788"/>
<Smelt id="43" upgradeExp="89225" STR="812" DEX="812" INT="812" PHY="812"/>
<Smelt id="44" upgradeExp="93500" STR="836" DEX="836" INT="836" PHY="836"/>
<Smelt id="45" upgradeExp="97875" STR="860" DEX="860" INT="860" PHY="860"/>
<Smelt id="46" upgradeExp="102350" STR="884" DEX="884" INT="884" PHY="884"/>
<Smelt id="47" upgradeExp="106925" STR="908" DEX="908" INT="908" PHY="908"/>
<Smelt id="48" upgradeExp="111600" STR="932" DEX="932" INT="932" PHY="932"/>
<Smelt id="49" upgradeExp="116375" STR="956" DEX="956" INT="956" PHY="956"/>
<Smelt id="50" upgradeExp="121250" STR="980" DEX="980" INT="980" PHY="980"/>
<Smelt id="51" upgradeExp="126225" STR="1004" DEX="1004" INT="1004" PHY="1004"/>
<Smelt id="52" upgradeExp="131300" STR="1028" DEX="1028" INT="1028" PHY="1028"/>
<Smelt id="53" upgradeExp="136475" STR="1052" DEX="1052" INT="1052" PHY="1052"/>
<Smelt id="54" upgradeExp="141750" STR="1076" DEX="1076" INT="1076" PHY="1076"/>
<Smelt id="55" upgradeExp="147125" STR="1100" DEX="1100" INT="1100" PHY="1100"/>
<Smelt id="56" upgradeExp="152600" STR="1124" DEX="1124" INT="1124" PHY="1124"/>
<Smelt id="57" upgradeExp="158175" STR="1148" DEX="1148" INT="1148" PHY="1148"/>
<Smelt id="58" upgradeExp="163850" STR="1172" DEX="1172" INT="1172" PHY="1172"/>
<Smelt id="59" upgradeExp="169625" STR="1196" DEX="1196" INT="1196" PHY="1196"/>
<Smelt id="60" upgradeExp="175500" STR="1220" DEX="1220" INT="1220" PHY="1220"/>
<Smelt id="61" upgradeExp="181475" STR="1244" DEX="1244" INT="1244" PHY="1244"/>
<Smelt id="62" upgradeExp="187550" STR="1268" DEX="1268" INT="1268" PHY="1268"/>
<Smelt id="63" upgradeExp="193725" STR="1292" DEX="1292" INT="1292" PHY="1292"/>
<Smelt id="64" upgradeExp="200000" STR="1316" DEX="1316" INT="1316" PHY="1316"/>
<Smelt id="65" upgradeExp="206375" STR="1340" DEX="1340" INT="1340" PHY="1340"/>
<Smelt id="66" upgradeExp="212850" STR="1364" DEX="1364" INT="1364" PHY="1364"/>
<Smelt id="67" upgradeExp="219425" STR="1388" DEX="1388" INT="1388" PHY="1388"/>
<Smelt id="68" upgradeExp="226100" STR="1412" DEX="1412" INT="1412" PHY="1412"/>
<Smelt id="69" upgradeExp="232875" STR="1436" DEX="1436" INT="1436" PHY="1436"/>
<Smelt id="70" upgradeExp="239750" STR="1460" DEX="1460" INT="1460" PHY="1460"/>
<Smelt id="71" upgradeExp="246725" STR="1484" DEX="1484" INT="1484" PHY="1484"/>
<Smelt id="72" upgradeExp="253800" STR="1508" DEX="1508" INT="1508" PHY="1508"/>
<Smelt id="73" upgradeExp="260975" STR="1532" DEX="1532" INT="1532" PHY="1532"/>
<Smelt id="74" upgradeExp="268250" STR="1556" DEX="1556" INT="1556" PHY="1556"/>
<Smelt id="75" upgradeExp="275625" STR="1580" DEX="1580" INT="1580" PHY="1580"/>
<Smelt id="76" upgradeExp="283100" STR="1604" DEX="1604" INT="1604" PHY="1604"/>
<Smelt id="77" upgradeExp="290675" STR="1628" DEX="1628" INT="1628" PHY="1628"/>
<Smelt id="78" upgradeExp="298350" STR="1652" DEX="1652" INT="1652" PHY="1652"/>
<Smelt id="79" upgradeExp="306125" STR="1676" DEX="1676" INT="1676" PHY="1676"/>
<Smelt id="80" upgradeExp="314000" STR="1700" DEX="1700" INT="1700" PHY="1700"/>
<Smelt id="81" upgradeExp="321975" STR="1724" DEX="1724" INT="1724" PHY="1724"/>
<Smelt id="82" upgradeExp="330050" STR="1748" DEX="1748" INT="1748" PHY="1748"/>
<Smelt id="83" upgradeExp="338225" STR="1772" DEX="1772" INT="1772" PHY="1772"/>
<Smelt id="84" upgradeExp="346500" STR="1796" DEX="1796" INT="1796" PHY="1796"/>
<Smelt id="85" upgradeExp="354875" STR="1820" DEX="1820" INT="1820" PHY="1820"/>
<Smelt id="86" upgradeExp="363350" STR="1844" DEX="1844" INT="1844" PHY="1844"/>
<Smelt id="87" upgradeExp="371925" STR="1868" DEX="1868" INT="1868" PHY="1868"/>
<Smelt id="88" upgradeExp="380600" STR="1892" DEX="1892" INT="1892" PHY="1892"/>
<Smelt id="89" upgradeExp="389375" STR="1916" DEX="1916" INT="1916" PHY="1916"/>
<Smelt id="90" upgradeExp="398250" STR="1940" DEX="1940" INT="1940" PHY="1940"/>
<Smelt id="91" upgradeExp="407225" STR="1964" DEX="1964" INT="1964" PHY="1964"/>
<Smelt id="92" upgradeExp="416300" STR="1988" DEX="1988" INT="1988" PHY="1988"/>
<Smelt id="93" upgradeExp="425475" STR="2012" DEX="2012" INT="2012" PHY="2012"/>
<Smelt id="94" upgradeExp="434750" STR="2036" DEX="2036" INT="2036" PHY="2036"/>
<Smelt id="95" upgradeExp="444125" STR="2060" DEX="2060" INT="2060" PHY="2060"/>
<Smelt id="96" upgradeExp="453600" STR="2084" DEX="2084" INT="2084" PHY="2084"/>
<Smelt id="97" upgradeExp="463175" STR="2108" DEX="2108" INT="2108" PHY="2108"/>
<Smelt id="98" upgradeExp="472850" STR="2132" DEX="2132" INT="2132" PHY="2132"/>
<Smelt id="99" upgradeExp="482625" STR="2156" DEX="2156" INT="2156" PHY="2156"/>
<Smelt id="100" upgradeExp="492500" STR="2180" DEX="2180" INT="2180" PHY="2180"/>
</root>