<root>
<Talent id="10001" name="乘胜追击" type="KILL_HP" description="击杀怪物恢复血量" icon="tf_01" levelzero="0" levelone="3" growup="x*2+x*1" maxExp="x*2" getExp="x*(x+1)"/>
<Talent id="10002" name="兵来将挡" type="DEF" description="额外防御力" icon="tf_02" levelzero="0" levelone="17" growup="x*16+x*1" maxExp="x*2" getExp="x*(x+1)"/>
<Talent id="10003" name="出其不意" type="MON_DROP" description="对怪物额外伤害" icon="tf_03" levelzero="0%" levelone="0.02%" growup="x*2" maxExp="x*2" getExp="x*(x+1)"/>
<Talent id="10004" name="釜底抽薪" type="ATK" description="额外攻击力" icon="tf_04" levelzero="0" levelone="21" growup="x*20+x*1" maxExp="x*2" getExp="x*(x+1)"/>
<Talent id="10005" name="顺手牵羊" type="MON_GOLD" description="击杀怪物额外金钱" icon="tf_05" levelzero="0" levelone="2" growup="x*2" maxExp="x*2" getExp="x*(x+1)"/>
<Talent id="10006" name="无中生有" type="MON_EXP" description="击杀怪物额外经验" icon="tf_06" levelzero="0" levelone="2" growup="x*2" maxExp="x*2" getExp="x*(x+1)"/>
<Talent id="10007" name="以逸待劳" type="HP" description="额外生命值" icon="tf_07" levelzero="0" levelone="41" growup="x*40+x*1" maxExp="x*2" getExp="x*(x+1)"/>
<Talent id="10008" name="避实击虚" type="CRI" description="额外暴击率" icon="tf_08" levelzero="0%" levelone="0.5%" growup="x*50" maxExp="x*2" getExp="x*(x+1)"/>
<Talent id="10009" name="正身明法" type="MP" description="额外魔法值" icon="tf_09" levelzero="0" levelone="1" growup="x*1" maxExp="x*2" getExp="x*(x+1)"/>
<Talent id="10010" name="兵贵神速" type="MOVE_SPEED" description="移动速度" icon="tf_10" levelzero="0%" levelone="0.5%" growup="x*0.5" maxExp="x*2" getExp="x*(x+1)"/>
</root>