<root>
<talk id="1" name="吕布" NextID="2" headicon="NPC_tx_3" NPCID="-1" monsterID="-1" Whether_role="-1" zuo_you="1" talk_type="1" talk="#name#你看，此处便是那太古炎魔的重伤后沉睡之地，必有惊世宝藏。你可愿与吕某协力，击杀炎魔，共享富贵？！" effectName="TalkBg" effectX="0" effectY="0" overX="0" overY="0" isForce="1"/>
<talk id="2" name="#name#" NextID="3" headicon="NPC_05" NPCID="-1" monsterID="-1" Whether_role="1" zuo_you="1" talk_type="1" talk="能与将军并肩作战，在下深感荣幸！" effectName="TalkBg" effectX="0" effectY="0" overX="0" overY="0" isForce="1"/>
<talk id="3" name="吕布" NextID="4" headicon="NPC_tx_3" NPCID="-1" monsterID="-1" Whether_role="-1" zuo_you="1" talk_type="1" talk="此处鬼物强悍，便由吕某先行，#name#为我掠阵。" effectName="TalkBg" effectX="0" effectY="0" overX="0" overY="0" isForce="1"/>
<talk id="4" name="#name#" NextID="-1" headicon="NPC_05" NPCID="-1" monsterID="-1" Whether_role="1" zuo_you="1" talk_type="1" talk="荣幸之至，我们就此前行吧！" effectName="TalkBg" effectX="0" effectY="0" overX="0" overY="0" isForce="1"/>
<talk id="5" name="吕布" NextID="-1" headicon="NPC_tx_3" NPCID="-1" monsterID="-1" Whether_role="-1" zuo_you="1" talk_type="1" talk="·······" effectName="TalkBg" effectX="0" effectY="0" overX="0" overY="0" isForce="1"/>
<talk id="6" name="吕布" NextID="7" headicon="NPC_tx_3" NPCID="-1" monsterID="-1" Whether_role="-1" zuo_you="1" talk_type="1" talk="·······" effectName="TalkBg" effectX="0" effectY="0" overX="0" overY="0" isForce="1"/>
<talk id="7" name="#name#" NextID="-1" headicon="NPC_05" NPCID="-1" monsterID="-1" Whether_role="1" zuo_you="1" talk_type="1" talk="·······" effectName="TalkBg" effectX="0" effectY="0" overX="0" overY="0" isForce="1"/>
<talk id="10" name="#name#" NextID="11" headicon="NPC_05" NPCID="-1" monsterID="-1" Whether_role="1" zuo_you="1" talk_type="1" talk="这是什么！？燃烧着火焰的庞然大物，难道这就是。。。" effectName="TalkBg" effectX="0" effectY="0" overX="0" overY="0" isForce="1"/>
<talk id="11" name="吕布" NextID="12" headicon="NPC_tx_3" NPCID="-1" monsterID="-1" Whether_role="-1" zuo_you="1" talk_type="1" talk="此物正是太古炎魔，趁它重伤未复，速战速决" effectName="TalkBg" effectX="0" effectY="0" overX="0" overY="0" isForce="1"/>
<talk id="12" name="#name#" NextID="-1" headicon="NPC_05" NPCID="-1" monsterID="-1" Whether_role="1" zuo_you="1" talk_type="1" talk="好！必将拼尽全力！" effectName="TalkBg" effectX="0" effectY="0" overX="0" overY="0" isForce="1"/>
<talk id="13" name="诸葛亮" NextID="14" headicon="NPC_tx_20" NPCID="-1" monsterID="-1" Whether_role="-1" zuo_you="1" talk_type="1" talk="这位英雄想必便是#name#了，我等已在此恭候多时！在下夜观天象，追寻杀破狼三星转世之人，果然在此处与英雄相遇。" effectName="TalkBg" effectX="0" effectY="0" overX="0" overY="0" isForce="1"/>
<talk id="14" name="诸葛亮" NextID="15" headicon="NPC_tx_20" NPCID="-1" monsterID="-1" Whether_role="-1" zuo_you="1" talk_type="1" talk="此处太古炎魔虽灭，但魔气早已肆虐九州！英雄可愿为天下苍生，剿灭魔患？" effectName="TalkBg" effectX="0" effectY="0" overX="0" overY="0" isForce="1"/>
<talk id="15" name="吕布" NextID="16" headicon="NPC_tx_3" NPCID="-1" monsterID="-1" Whether_role="-1" zuo_you="1" talk_type="1" talk="（星君转世？说好的惊世宝藏哪里去了？！！！）" effectName="TalkBg" effectX="0" effectY="0" overX="0" overY="0" isForce="1"/>
<talk id="16" name="#name#" NextID="-1" headicon="NPC_05" NPCID="-1" monsterID="-1" Whether_role="1" zuo_you="1" talk_type="1" talk="自当如此，剿灭魔患，拯救苍生，仁之所在,义不容辞！！" effectName="TalkBg" effectX="0" effectY="0" overX="0" overY="0" isForce="1"/>
<talk id="19" name="#name#" NextID="20" headicon="NPC_05" NPCID="-1" monsterID="-1" Whether_role="1" zuo_you="1" talk_type="1" talk="什么鬼……你们是从哪里冒出来的？" effectName="TalkBg" effectX="0" effectY="0" overX="0" overY="0" isForce="1"/>
<talk id="20" name="关羽" NextID="13" headicon="NPC_tx_21" NPCID="-1" monsterID="-1" Whether_role="-1" zuo_you="1" talk_type="1" talk="诸葛兄，这就是你所说能帮助咱们平定魔患之人？" effectName="TalkBg" effectX="0" effectY="0" overX="0" overY="0" isForce="1"/>
<talk id="21" name="#name#" NextID="22" headicon="NPC_05" NPCID="-1" monsterID="-1" Whether_role="1" zuo_you="1" talk_type="4" talk="魔军实力易于强大，还好有关将军协助于我，要不后果不堪设想···" effectName="TalkBg" effectX="0" effectY="0" overX="0" overY="0" isForce="1"/>
<talk id="22" name="#name#" NextID="23" headicon="NPC_05" NPCID="-1" monsterID="-1" Whether_role="1" zuo_you="2" talk_type="4" talk="如今我伤势已好，我目前一人面对魔军，一定要小心行事。" effectName="TalkBg" effectX="0" effectY="0" overX="0" overY="0" isForce="1"/>
<talk id="23" name="无缘道人" NextID="-1" headicon="NPC_tx_20" NPCID="-1" monsterID="-1" Whether_role="-1" zuo_you="1" talk_type="4" talk="徒儿莫慌，烛阴不是你现在能击败的。我用古法秘术探查，发现一些不为人知的秘密。" effectName="TalkBg" effectX="0" effectY="0" overX="0" overY="0" isForce="1"/>
<talk id="24" name="#name#" NextID="-1" headicon="NPC_05" NPCID="-1" monsterID="-1" Whether_role="1" zuo_you="2" talk_type="4" talk="难道是······" effectName="TalkBg" effectX="0" effectY="0" overX="0" overY="0" isForce="1"/>
<talk id="25" name="无缘道人" NextID="-1" headicon="NPC_tx_20" NPCID="-1" monsterID="-1" Whether_role="-1" zuo_you="1" talk_type="4" talk="暂时还不能告知与你，虽然你得到传承，但实力太弱，暂不能有大的作为。我已将事情告知魏延，他会协助于你。" effectName="TalkBg" effectX="0" effectY="0" overX="0" overY="0" isForce="1"/>
<talk id="26" name="进入副本对话" NextID="-1" headicon="NPC_08" NPCID="-1" monsterID="-1" Whether_role="-1" zuo_you="1" talk_type="1" talk="东汉末年朝政混乱，官宦与外戚祸乱天下，各地诸侯起兵议事。典军校尉曹操因挖掘陵墓而致使死亡之气外泄，民不聊生。救世之主应劫入世。" effectName="TalkBg" effectX="0" effectY="0" overX="0" overY="0" isForce="1"/>
<talk id="27" name="#name#" NextID="28" headicon="NPC_05" NPCID="-1" monsterID="-1" Whether_role="1" zuo_you="1" talk_type="4" talk="魔军实力易于强大，还好有关将军协助于我，要不后果不堪设想···" effectName="TalkBg" effectX="0" effectY="0" overX="0" overY="0" isForce="1"/>
<talk id="28" name="#name#" NextID="-1" headicon="NPC_05" NPCID="-1" monsterID="-1" Whether_role="1" zuo_you="1" talk_type="4" talk="如今我伤势已好，我目前一人面对魔军，一定要小心行事。" effectName="TalkBg" effectX="0" effectY="0" overX="0" overY="0" isForce="1"/>
<talk id="29" name="#name#" NextID="-1" headicon="NPC_05" NPCID="-1" monsterID="-1" Whether_role="1" zuo_you="1" talk_type="4" talk="多谢师傅告知，我会小心····" effectName="TalkBg" effectX="0" effectY="0" overX="0" overY="0" isForce="1"/>
<talk id="30" name="进入副本对话" NextID="-1" headicon="NPC_08" NPCID="-1" monsterID="-1" Whether_role="-1" zuo_you="1" talk_type="1" talk="东汉末年朝政混乱，官宦与外戚祸乱天下，各地诸侯起兵议事。典军校尉曹操因挖掘陵墓而致使死亡之气外泄，民不聊生。救世之主应劫入世。" effectName="TalkBg" effectX="0" effectY="0" overX="0" overY="0" isForce="1"/>
<talk id="31" name="进入副本对话" NextID="-1" headicon="NPC_08" NPCID="-1" monsterID="-1" Whether_role="-1" zuo_you="1" talk_type="1" talk="东汉末年朝政混乱，官宦与外戚祸乱天下，各地诸侯起兵议事。典军校尉曹操因挖掘陵墓而致使死亡之气外泄，民不聊生。救世之主应劫入世。" effectName="TalkBg" effectX="0" effectY="0" overX="0" overY="0" isForce="1"/>
<talk id="32" name="进入副本对话" NextID="-1" headicon="NPC_08" NPCID="-1" monsterID="-1" Whether_role="-1" zuo_you="1" talk_type="1" talk="东汉末年朝政混乱，官宦与外戚祸乱天下，各地诸侯起兵议事。典军校尉曹操因挖掘陵墓而致使死亡之气外泄，民不聊生。救世之主应劫入世。" effectName="TalkBg" effectX="0" effectY="0" overX="0" overY="0" isForce="1"/>
<talk id="33" name="进入副本对话" NextID="-1" headicon="NPC_08" NPCID="-1" monsterID="-1" Whether_role="-1" zuo_you="1" talk_type="1" talk="东汉末年朝政混乱，官宦与外戚祸乱天下，各地诸侯起兵议事。典军校尉曹操因挖掘陵墓而致使死亡之气外泄，民不聊生。救世之主应劫入世。" effectName="TalkBg" effectX="0" effectY="0" overX="0" overY="0" isForce="1"/>
<talk id="34" name="进入副本对话" NextID="-1" headicon="NPC_08" NPCID="-1" monsterID="-1" Whether_role="-1" zuo_you="1" talk_type="1" talk="东汉末年朝政混乱，官宦与外戚祸乱天下，各地诸侯起兵议事。典军校尉曹操因挖掘陵墓而致使死亡之气外泄，民不聊生。救世之主应劫入世。" effectName="TalkBg" effectX="0" effectY="0" overX="0" overY="0" isForce="1"/>
<talk id="35" name="进入副本对话" NextID="-1" headicon="NPC_08" NPCID="-1" monsterID="-1" Whether_role="-1" zuo_you="1" talk_type="1" talk="东汉末年朝政混乱，官宦与外戚祸乱天下，各地诸侯起兵议事。典军校尉曹操因挖掘陵墓而致使死亡之气外泄，民不聊生。救世之主应劫入世。" effectName="TalkBg" effectX="0" effectY="0" overX="0" overY="0" isForce="1"/>
<talk id="36" name="进入副本对话" NextID="-1" headicon="NPC_08" NPCID="-1" monsterID="-1" Whether_role="-1" zuo_you="1" talk_type="1" talk="东汉末年朝政混乱，官宦与外戚祸乱天下，各地诸侯起兵议事。典军校尉曹操因挖掘陵墓而致使死亡之气外泄，民不聊生。救世之主应劫入世。" effectName="TalkBg" effectX="0" effectY="0" overX="0" overY="0" isForce="1"/>
<talk id="37" name="进入副本对话" NextID="-1" headicon="NPC_08" NPCID="-1" monsterID="-1" Whether_role="-1" zuo_you="1" talk_type="1" talk="东汉末年朝政混乱，官宦与外戚祸乱天下，各地诸侯起兵议事。典军校尉曹操因挖掘陵墓而致使死亡之气外泄，民不聊生。救世之主应劫入世。" effectName="TalkBg" effectX="0" effectY="0" overX="0" overY="0" isForce="1"/>
<talk id="38" name="进入副本对话" NextID="-1" headicon="NPC_08" NPCID="-1" monsterID="-1" Whether_role="-1" zuo_you="1" talk_type="1" talk="东汉末年朝政混乱，官宦与外戚祸乱天下，各地诸侯起兵议事。典军校尉曹操因挖掘陵墓而致使死亡之气外泄，民不聊生。救世之主应劫入世。" effectName="TalkBg" effectX="0" effectY="0" overX="0" overY="0" isForce="1"/>
<talk id="39" name="进入副本对话" NextID="-1" headicon="NPC_08" NPCID="-1" monsterID="-1" Whether_role="-1" zuo_you="1" talk_type="1" talk="东汉末年朝政混乱，官宦与外戚祸乱天下，各地诸侯起兵议事。典军校尉曹操因挖掘陵墓而致使死亡之气外泄，民不聊生。救世之主应劫入世。" effectName="TalkBg" effectX="0" effectY="0" overX="0" overY="0" isForce="1"/>
<talk id="40" name="进入副本对话" NextID="-1" headicon="NPC_08" NPCID="-1" monsterID="-1" Whether_role="-1" zuo_you="1" talk_type="1" talk="东汉末年朝政混乱，官宦与外戚祸乱天下，各地诸侯起兵议事。典军校尉曹操因挖掘陵墓而致使死亡之气外泄，民不聊生。救世之主应劫入世。" effectName="TalkBg" effectX="0" effectY="0" overX="0" overY="0" isForce="1"/>
<talk id="41" name="进入副本对话" NextID="-1" headicon="NPC_08" NPCID="-1" monsterID="-1" Whether_role="-1" zuo_you="1" talk_type="1" talk="东汉末年朝政混乱，官宦与外戚祸乱天下，各地诸侯起兵议事。典军校尉曹操因挖掘陵墓而致使死亡之气外泄，民不聊生。救世之主应劫入世。" effectName="TalkBg" effectX="0" effectY="0" overX="0" overY="0" isForce="1"/>
<talk id="300" name="任务1" NextID="301" headicon="NPC_08" NPCID="101007" monsterID="-1" Whether_role="-1" zuo_you="1" talk_type="1" talk="灵帝昏晕，朝政腐败。宦官与外戚混乱天下。" effectName="TalkBg" effectX="0" effectY="0" overX="0" overY="0" isForce="1"/>
<talk id="301" name="#name#对话" NextID="-1" headicon="NPC_08" NPCID="-1" monsterID="-1" Whether_role="1" zuo_you="2" talk_type="1" talk="·······" effectName="TalkBg" effectX="0" effectY="0" overX="0" overY="0" isForce="1"/>
<talk id="302" name="任务2" NextID="303" headicon="NPC_08" NPCID="101009" monsterID="-1" Whether_role="-1" zuo_you="1" talk_type="1" talk="为招募贤良，军饷所剩无几，为了能平定各地诸侯，我只能挖掘陵墓获取更多钱财。" effectName="TalkBg" effectX="0" effectY="0" overX="0" overY="0" isForce="1"/>
<talk id="303" name="#name#对话" NextID="-1" headicon="NPC_08" NPCID="-1" monsterID="-1" Whether_role="1" zuo_you="2" talk_type="1" talk="多谢主公赏识，" effectName="TalkBg" effectX="0" effectY="0" overX="0" overY="0" isForce="1"/>
<talk id="304" name="任务2" NextID="305" headicon="NPC_08" NPCID="101007" monsterID="-1" Whether_role="-1" zuo_you="1" talk_type="1" talk="灵帝昏晕，朝政腐败。宦官与外戚混乱天下。" effectName="TalkBg" effectX="0" effectY="0" overX="0" overY="0" isForce="1"/>
<talk id="305" name="#name#对话" NextID="-1" headicon="NPC_08" NPCID="-1" monsterID="-1" Whether_role="1" zuo_you="2" talk_type="1" talk="·······" effectName="TalkBg" effectX="0" effectY="0" overX="0" overY="0" isForce="1"/>
<talk id="306" name="任务3" NextID="307" headicon="NPC_08" NPCID="101010" monsterID="-1" Whether_role="-1" zuo_you="1" talk_type="1" talk="为招募贤良，军饷所剩无几，为了能平定各地诸侯，我只能挖掘陵墓获取更多钱财。" effectName="TalkBg" effectX="0" effectY="0" overX="0" overY="0" isForce="1"/>
<talk id="307" name="#name#对话" NextID="-1" headicon="NPC_08" NPCID="-1" monsterID="-1" Whether_role="1" zuo_you="2" talk_type="1" talk="多谢主公赏识，" effectName="TalkBg" effectX="0" effectY="0" overX="0" overY="0" isForce="1"/>
<talk id="308" name="任务4" NextID="309" headicon="NPC_08" NPCID="101009" monsterID="-1" Whether_role="-1" zuo_you="1" talk_type="1" talk="灵帝昏晕，朝政腐败。宦官与外戚混乱天下。" effectName="TalkBg" effectX="0" effectY="0" overX="0" overY="0" isForce="1"/>
<talk id="309" name="#name#对话" NextID="-1" headicon="NPC_08" NPCID="-1" monsterID="-1" Whether_role="1" zuo_you="2" talk_type="1" talk="·······" effectName="TalkBg" effectX="0" effectY="0" overX="0" overY="0" isForce="1"/>
<talk id="310" name="任务5" NextID="311" headicon="NPC_08" NPCID="101007" monsterID="-1" Whether_role="-1" zuo_you="1" talk_type="1" talk="为招募贤良，军饷所剩无几，为了能平定各地诸侯，我只能挖掘陵墓获取更多钱财。" effectName="TalkBg" effectX="0" effectY="0" overX="0" overY="0" isForce="1"/>
<talk id="311" name="#name#对话" NextID="-1" headicon="NPC_08" NPCID="-1" monsterID="-1" Whether_role="1" zuo_you="2" talk_type="1" talk="多谢主公赏识，" effectName="TalkBg" effectX="0" effectY="0" overX="0" overY="0" isForce="1"/>
<talk id="312" name="任务6" NextID="313" headicon="NPC_08" NPCID="101008" monsterID="-1" Whether_role="-1" zuo_you="1" talk_type="1" talk="灵帝昏晕，朝政腐败。宦官与外戚混乱天下。" effectName="TalkBg" effectX="0" effectY="0" overX="0" overY="0" isForce="1"/>
<talk id="313" name="#name#对话" NextID="-1" headicon="NPC_08" NPCID="-1" monsterID="-1" Whether_role="1" zuo_you="2" talk_type="1" talk="·······" effectName="TalkBg" effectX="0" effectY="0" overX="0" overY="0" isForce="1"/>
<talk id="314" name="任务7" NextID="315" headicon="NPC_08" NPCID="101007" monsterID="-1" Whether_role="-1" zuo_you="1" talk_type="1" talk="为招募贤良，军饷所剩无几，为了能平定各地诸侯，我只能挖掘陵墓获取更多钱财。" effectName="TalkBg" effectX="0" effectY="0" overX="0" overY="0" isForce="1"/>
<talk id="315" name="#name#对话" NextID="-1" headicon="NPC_08" NPCID="-1" monsterID="-1" Whether_role="1" zuo_you="2" talk_type="1" talk="多谢主公赏识，" effectName="TalkBg" effectX="0" effectY="0" overX="0" overY="0" isForce="1"/>
<talk id="316" name="任务8" NextID="317" headicon="NPC_08" NPCID="101013" monsterID="-1" Whether_role="-1" zuo_you="1" talk_type="1" talk="灵帝昏晕，朝政腐败。宦官与外戚混乱天下。" effectName="TalkBg" effectX="0" effectY="0" overX="0" overY="0" isForce="1"/>
<talk id="317" name="#name#对话" NextID="-1" headicon="NPC_08" NPCID="-1" monsterID="-1" Whether_role="1" zuo_you="2" talk_type="1" talk="·······" effectName="TalkBg" effectX="0" effectY="0" overX="0" overY="0" isForce="1"/>
<talk id="318" name="任务9" NextID="319" headicon="NPC_08" NPCID="101008" monsterID="-1" Whether_role="-1" zuo_you="1" talk_type="1" talk="为招募贤良，军饷所剩无几，为了能平定各地诸侯，我只能挖掘陵墓获取更多钱财。" effectName="TalkBg" effectX="0" effectY="0" overX="0" overY="0" isForce="1"/>
<talk id="319" name="#name#对话" NextID="-1" headicon="NPC_08" NPCID="-1" monsterID="-1" Whether_role="1" zuo_you="2" talk_type="1" talk="多谢主公赏识，" effectName="TalkBg" effectX="0" effectY="0" overX="0" overY="0" isForce="1"/>
<talk id="320" name="任务10" NextID="321" headicon="NPC_08" NPCID="101010" monsterID="-1" Whether_role="-1" zuo_you="1" talk_type="1" talk="灵帝昏晕，朝政腐败。宦官与外戚混乱天下。" effectName="TalkBg" effectX="0" effectY="0" overX="0" overY="0" isForce="1"/>
<talk id="321" name="#name#对话" NextID="-1" headicon="NPC_08" NPCID="-1" monsterID="-1" Whether_role="1" zuo_you="2" talk_type="1" talk="·······" effectName="TalkBg" effectX="0" effectY="0" overX="0" overY="0" isForce="1"/>
<talk id="322" name="任务11" NextID="323" headicon="NPC_08" NPCID="101011" monsterID="-1" Whether_role="-1" zuo_you="1" talk_type="1" talk="为招募贤良，军饷所剩无几，为了能平定各地诸侯，我只能挖掘陵墓获取更多钱财。" effectName="TalkBg" effectX="0" effectY="0" overX="0" overY="0" isForce="1"/>
<talk id="323" name="#name#对话" NextID="-1" headicon="NPC_08" NPCID="-1" monsterID="-1" Whether_role="1" zuo_you="2" talk_type="1" talk="多谢主公赏识，" effectName="TalkBg" effectX="0" effectY="0" overX="0" overY="0" isForce="1"/>
<talk id="324" name="任务12" NextID="325" headicon="NPC_08" NPCID="101001" monsterID="-1" Whether_role="-1" zuo_you="1" talk_type="1" talk="灵帝昏晕，朝政腐败。宦官与外戚混乱天下。" effectName="TalkBg" effectX="0" effectY="0" overX="0" overY="0" isForce="1"/>
<talk id="325" name="#name#对话" NextID="-1" headicon="NPC_08" NPCID="-1" monsterID="-1" Whether_role="1" zuo_you="2" talk_type="1" talk="·······" effectName="TalkBg" effectX="0" effectY="0" overX="0" overY="0" isForce="1"/>
<talk id="326" name="任务13" NextID="327" headicon="NPC_08" NPCID="101005" monsterID="-1" Whether_role="-1" zuo_you="1" talk_type="1" talk="为招募贤良，军饷所剩无几，为了能平定各地诸侯，我只能挖掘陵墓获取更多钱财。" effectName="TalkBg" effectX="0" effectY="0" overX="0" overY="0" isForce="1"/>
<talk id="327" name="#name#对话" NextID="-1" headicon="NPC_08" NPCID="-1" monsterID="-1" Whether_role="1" zuo_you="2" talk_type="1" talk="多谢主公赏识，" effectName="TalkBg" effectX="0" effectY="0" overX="0" overY="0" isForce="1"/>
<talk id="328" name="任务14" NextID="329" headicon="NPC_08" NPCID="101005" monsterID="-1" Whether_role="-1" zuo_you="1" talk_type="1" talk="灵帝昏晕，朝政腐败。宦官与外戚混乱天下。" effectName="TalkBg" effectX="0" effectY="0" overX="0" overY="0" isForce="1"/>
<talk id="329" name="任务15" NextID="-1" headicon="NPC_05" NPCID="-1" monsterID="-1" Whether_role="-1" zuo_you="1" talk_type="1" talk="灵帝昏晕，朝政腐败。宦官与外戚混乱天下。" effectName="TalkBg" effectX="0" effectY="0" overX="0" overY="0" isForce="1"/>
<talk id="1000" name="曹操" NextID="1001" headicon="NPC_08" NPCID="101007" monsterID="-1" Whether_role="-1" zuo_you="1" talk_type="1" talk="欢迎来到暗黑三国，灵帝昏晕，朝政腐败。宦官与外戚混乱天下。" effectName="TalkBg" effectX="-800" effectY="0" overX="-200" overY="0" isForce="1"/>
<talk id="1001" name="#name#" NextID="1002" headicon="NPC_08" NPCID="-1" monsterID="-1" Whether_role="1" zuo_you="2" talk_type="1" talk="我乃传承之子，应劫入世。" effectName="TalkBg" effectX="800" effectY="0" overX="200" overY="0" isForce="1"/>
<talk id="1002" name="曹操" NextID="1003" headicon="NPC_08" NPCID="101007" monsterID="-1" Whether_role="-1" zuo_you="1" talk_type="1" talk="我乃典军校尉曹操，因各地诸侯起兵议事。为平定战乱，特在此招贤招募贤良才能之士。" effectName="TalkBg" effectX="-800" effectY="0" overX="-200" overY="0" isForce="1"/>
<talk id="1003" name="#name#" NextID="1004" headicon="NPC_08" NPCID="-1" monsterID="-1" Whether_role="1" zuo_you="2" talk_type="1" talk="我愿前往平定战乱" effectName="TalkBg" effectX="800" effectY="0" overX="200" overY="0" isForce="1"/>
<talk id="1004" name="曹操" NextID="-1" headicon="NPC_08" NPCID="101007" monsterID="-1" Whether_role="-1" zuo_you="1" talk_type="2" talk="为招募贤良，军饷所剩无几，为了能平定各地诸侯，我只能挖掘陵墓获取更多钱财。" effectName="TalkBg" effectX="-800" effectY="0" overX="-200" overY="0" isForce="1"/>
<talk id="1005" name="曹操" NextID="-1" headicon="NPC_08" NPCID="101007" monsterID="-1" Whether_role="-1" zuo_you="1" talk_type="2" talk="董卓废立皇帝，淫乱后宫，屠杀百官，此人必诛之。" effectName="TalkBg" effectX="0" effectY="0" overX="0" overY="0" isForce="1"/>
<talk id="1006" name="曹操" NextID="1007" headicon="NPC_08" NPCID="101007" monsterID="-1" Whether_role="-1" zuo_you="1" talk_type="2" talk="我已组建掘子营，特封你为摸金校尉，负责陵墓发掘。" effectName="TalkBg" effectX="0" effectY="0" overX="0" overY="0" isForce="1"/>
<talk id="1007" name="#name#" NextID="1008" headicon="NPC_08" NPCID="-1" monsterID="-1" Whether_role="-1" zuo_you="1" talk_type="2" talk="多谢主公赏识，" effectName="TalkBg" effectX="0" effectY="0" overX="0" overY="0" isForce="1"/>
<talk id="1008" name="曹操" NextID="-1" headicon="NPC_08" NPCID="101007" monsterID="-1" Whether_role="-1" zuo_you="1" talk_type="2" talk="为了能获取更多的军饷，招募更多的贤能，才能平定诸侯战乱。" effectName="TalkBg" effectX="0" effectY="0" overX="0" overY="0" isForce="1"/>
<talk id="1009" name="幽暗使者" NextID="-1" headicon="NPC_08" NPCID="101000" monsterID="-1" Whether_role="-1" zuo_you="1" talk_type="2" talk="我乃吕布是也，现在战乱随处可见，魔气冲天，此乃大凶兆之也。" effectName="TalkBg" effectX="0" effectY="0" overX="0" overY="0" isForce="1"/>
<talk id="1010" name="幽暗使者" NextID="-1" headicon="NPC_08" NPCID="101000" monsterID="-1" Whether_role="-1" zuo_you="1" talk_type="2" talk="平生志愿难以得愿，唯有拜托传承之子将心愿得以偿还。" effectName="TalkBg" effectX="0" effectY="0" overX="0" overY="0" isForce="1"/>
<talk id="1011" name="幽暗使者" NextID="1012" headicon="NPC_08" NPCID="101000" monsterID="-1" Whether_role="-1" zuo_you="1" talk_type="2" talk="我乃战三英魁首吕布是也，传承之子降临，凶兆也将变成福兆也。" effectName="TalkBg" effectX="0" effectY="0" overX="0" overY="0" isForce="1"/>
<talk id="1012" name="#name#" NextID="1013" headicon="NPC_08" NPCID="-1" monsterID="-1" Whether_role="-1" zuo_you="1" talk_type="2" talk="您就是三英魁首，吕布大将。" effectName="TalkBg" effectX="0" effectY="0" overX="0" overY="0" isForce="1"/>
<talk id="1013" name="幽暗使者" NextID="1014" headicon="NPC_08" NPCID="101000" monsterID="-1" Whether_role="-1" zuo_you="1" talk_type="2" talk="不错，现在俗世已被曹操所组建的摸金校尉士兵所破坏，导致魔气外泄，名不聊生。望传承之子能解救民生。" effectName="TalkBg" effectX="0" effectY="0" overX="0" overY="0" isForce="1"/>
<talk id="1014" name="#name#" NextID="-1" headicon="NPC_08" NPCID="-1" monsterID="-1" Whether_role="-1" zuo_you="1" talk_type="2" talk="多谢大将提点，我会追查到底的，势必将其罪魁祸首斩获。" effectName="TalkBg" effectX="0" effectY="0" overX="0" overY="0" isForce="1"/>
<talk id="1015" name="左慈" NextID="-1" headicon="NPC_08" NPCID="101015" monsterID="-1" Whether_role="-1" zuo_you="1" talk_type="3" talk="传承之子历练万事小心，谨防曹操，否则将是自取灭亡。" effectName="TalkBg" effectX="0" effectY="0" overX="0" overY="0" isForce="1"/>
<talk id="1016" name="左慈" NextID="-1" headicon="NPC_08" NPCID="101015" monsterID="-1" Whether_role="-1" zuo_you="1" talk_type="2" talk="我乃赵子龙是也，隶属刘备麾下。生死护主，解救百姓乃水火之中是我坚定的志向。" effectName="TalkBg" effectX="0" effectY="0" overX="0" overY="0" isForce="1"/>
<talk id="1017" name="左慈" NextID="1018" headicon="NPC_08" NPCID="101015" monsterID="-1" Whether_role="-1" zuo_you="1" talk_type="2" talk="赵云现有一事拜托传承之子，将其解救主公之子刘婵。(已被曹操所下设的摸金校尉陷害致使魔气入体。)" effectName="TalkBg" effectX="0" effectY="0" overX="0" overY="0" isForce="1"/>
<talk id="1018" name="#name#" NextID="1019" headicon="NPC_08" NPCID="-1" monsterID="-1" Whether_role="-1" zuo_you="1" talk_type="2" talk="赵子龙将军何处自言。据我观察曹操乃无害民众之意。" effectName="TalkBg" effectX="0" effectY="0" overX="0" overY="0" isForce="1"/>
<talk id="1019" name="左慈" NextID="1020" headicon="NPC_08" NPCID="101015" monsterID="-1" Whether_role="-1" zuo_you="1" talk_type="2" talk="传承之子无听从曹操欲言，其野心欲一统中原是也。" effectName="TalkBg" effectX="0" effectY="0" overX="0" overY="0" isForce="1"/>
<talk id="1020" name="#name#" NextID="-1" headicon="NPC_08" NPCID="-1" monsterID="-1" Whether_role="-1" zuo_you="1" talk_type="2" talk="将军放心，此乃大事，会将其追查到底。" effectName="TalkBg" effectX="0" effectY="0" overX="0" overY="0" isForce="1"/>
<talk id="1021" name="荣誉校尉" NextID="-1" headicon="NPC_08" NPCID="101009" monsterID="-1" Whether_role="-1" zuo_you="1" talk_type="3" talk="有位披金戴银的商人屡次拜见曹丞相！发现其踪迹赶紧向我禀报。" effectName="TalkBg" effectX="0" effectY="0" overX="0" overY="0" isForce="1"/>
<talk id="1022" name="荣誉校尉" NextID="-1" headicon="NPC_08" NPCID="101009" monsterID="-1" Whether_role="-1" zuo_you="1" talk_type="2" talk="我乃曹操麾下荣誉校尉是也。" effectName="TalkBg" effectX="0" effectY="0" overX="0" overY="0" isForce="1"/>
<talk id="1023" name="荣誉校尉" NextID="1024" headicon="NPC_08" NPCID="101009" monsterID="-1" Whether_role="-1" zuo_you="1" talk_type="2" talk="我乃典韦是也，生死护主，解决百姓与水火之中是我毕生的志向。" effectName="TalkBg" effectX="0" effectY="0" overX="0" overY="0" isForce="1"/>
<talk id="1024" name="#name#" NextID="1025" headicon="NPC_08" NPCID="-1" monsterID="-1" Whether_role="-1" zuo_you="1" talk_type="2" talk="先替主公拜谢典韦大将。" effectName="TalkBg" effectX="0" effectY="0" overX="0" overY="0" isForce="1"/>
<talk id="1025" name="荣誉校尉" NextID="1026" headicon="NPC_08" NPCID="101009" monsterID="-1" Whether_role="-1" zuo_you="1" talk_type="2" talk="贤能之士，大展宏图，生死护主此乃志向。加入曹操阵营此乃兴事。" effectName="TalkBg" effectX="0" effectY="0" overX="0" overY="0" isForce="1"/>
<talk id="1026" name="#name#" NextID="-1" headicon="NPC_08" NPCID="-1" monsterID="-1" Whether_role="-1" zuo_you="1" talk_type="2" talk="典韦大将宏图伟略，加入主公阵营此乃大兴。" effectName="TalkBg" effectX="0" effectY="0" overX="0" overY="0" isForce="1"/>
<talk id="1027" name="校尉先锋" NextID="-1" headicon="NPC_08" NPCID="101010" monsterID="-1" Whether_role="-1" zuo_you="1" talk_type="3" talk="“老骥伏枥,志在千里。”曹丞相的话语我一直铭记在心。" effectName="TalkBg" effectX="0" effectY="0" overX="0" overY="0" isForce="1"/>
<talk id="1028" name="校尉先锋" NextID="-1" headicon="NPC_08" NPCID="101010" monsterID="-1" Whether_role="-1" zuo_you="1" talk_type="3" talk="最近曹丞相下了禁酒令，让我们保持迎击魔兵的状态，。" effectName="TalkBg" effectX="0" effectY="0" overX="0" overY="0" isForce="1"/>
<talk id="1029" name="校尉先锋" NextID="1030" headicon="NPC_08" NPCID="101010" monsterID="-1" Whether_role="-1" zuo_you="1" talk_type="2" talk="华雄虽说勇猛无敌，但在我偃月刀主关羽面前还是低略无名，" effectName="TalkBg" effectX="0" effectY="0" overX="0" overY="0" isForce="1"/>
<talk id="1030" name="#name#" NextID="1031" headicon="NPC_08" NPCID="-1" monsterID="-1" Whether_role="-1" zuo_you="1" talk_type="2" talk="青龙偃月刀主关羽大将果然霸气。不知曹操与刘备之间有何仇怨。" effectName="TalkBg" effectX="0" effectY="0" overX="0" overY="0" isForce="1"/>
<talk id="1031" name="校尉先锋" NextID="1032" headicon="NPC_08" NPCID="101010" monsterID="-1" Whether_role="-1" zuo_you="1" talk_type="2" talk="盗取先灵之墓，毁坏陵墓。主公的恨意势必要将其曹操铲除，隶属主公麾下将领，势必为主公解忧。" effectName="TalkBg" effectX="0" effectY="0" overX="0" overY="0" isForce="1"/>
<talk id="1032" name="#name#" NextID="-1" headicon="NPC_08" NPCID="-1" monsterID="-1" Whether_role="-1" zuo_you="1" talk_type="2" talk="雄心壮志，敬佩之至。" effectName="TalkBg" effectX="0" effectY="0" overX="0" overY="0" isForce="1"/>
<talk id="1033" name="荣誉校尉" NextID="-1" headicon="NPC_08" NPCID="101009" monsterID="-1" Whether_role="-1" zuo_you="1" talk_type="3" talk="为招募贤良，军饷所剩无几，为了能平定各地诸侯，我只能帮助主公挖掘陵墓获取更多钱财。" effectName="TalkBg" effectX="0" effectY="0" overX="0" overY="0" isForce="1"/>
<talk id="1034" name="荣誉校尉" NextID="-1" headicon="NPC_08" NPCID="101009" monsterID="-1" Whether_role="-1" zuo_you="1" talk_type="3" talk="我乃荣誉校尉，为平定战乱招募贤良特在此组建掘子营，特封你为摸金校尉。" effectName="TalkBg" effectX="0" effectY="0" overX="0" overY="0" isForce="1"/>
<talk id="1035" name="荣誉校尉" NextID="1036" headicon="NPC_08" NPCID="101009" monsterID="-1" Whether_role="-1" zuo_you="1" talk_type="2" talk="我已组建掘子营，特封你为摸金校尉，负责陵墓发掘。" effectName="TalkBg" effectX="0" effectY="0" overX="0" overY="0" isForce="1"/>
<talk id="1036" name="#name#" NextID="1037" headicon="NPC_08" NPCID="-1" monsterID="-1" Whether_role="-1" zuo_you="1" talk_type="2" talk="多谢荣誉校尉赏识，" effectName="TalkBg" effectX="0" effectY="0" overX="0" overY="0" isForce="1"/>
<talk id="1037" name="荣誉校尉" NextID="1038" headicon="NPC_08" NPCID="101009" monsterID="-1" Whether_role="-1" zuo_you="1" talk_type="2" talk="为了能获取更多的军饷，招募更多的贤能，平定诸侯战乱就必须要大量的收集金银财宝。" effectName="TalkBg" effectX="0" effectY="0" overX="0" overY="0" isForce="1"/>
<talk id="1038" name="#name#" NextID="-1" headicon="NPC_08" NPCID="-1" monsterID="-1" Whether_role="-1" zuo_you="1" talk_type="2" talk="我愿助荣誉校尉一臂之力。" effectName="TalkBg" effectX="0" effectY="0" overX="0" overY="0" isForce="1"/>
<talk id="1039" name="张飞" NextID="-1" headicon="NPC_08" NPCID="101004" monsterID="-1" Whether_role="-1" zuo_you="1" talk_type="3" talk="传承之子谨防曹操，魔气外泄，终究是曹操一手造成的。" effectName="TalkBg" effectX="0" effectY="0" overX="0" overY="0" isForce="1"/>
<talk id="1040" name="张飞" NextID="-1" headicon="NPC_08" NPCID="101004" monsterID="-1" Whether_role="-1" zuo_you="1" talk_type="3" talk="我乃张飞是也，隶属刘备麾下。生死护主，打抱不平是我坚定的志向。" effectName="TalkBg" effectX="0" effectY="0" overX="0" overY="0" isForce="1"/>
<talk id="1041" name="张飞" NextID="1042" headicon="NPC_08" NPCID="101004" monsterID="-1" Whether_role="-1" zuo_you="1" talk_type="2" talk="曹操盗取主公先灵，破坏其风水，让其主公成为不孝之后，我张飞决意要替主公讨伐曹操。" effectName="TalkBg" effectX="0" effectY="0" overX="0" overY="0" isForce="1"/>
<talk id="1042" name="#name#" NextID="1043" headicon="NPC_08" NPCID="-1" monsterID="-1" Whether_role="-1" zuo_you="1" talk_type="2" talk="此乃原因不足以大怒。" effectName="TalkBg" effectX="0" effectY="0" overX="0" overY="0" isForce="1"/>
<talk id="1043" name="张飞" NextID="1044" headicon="NPC_08" NPCID="101004" monsterID="-1" Whether_role="-1" zuo_you="1" talk_type="2" talk="挖掘陵墓，盗取钱财，致使魔气外泄，导致民不聊生，生灵涂炭，全拜曹操一手所赐。" effectName="TalkBg" effectX="0" effectY="0" overX="0" overY="0" isForce="1"/>
<talk id="1044" name="#name#" NextID="-1" headicon="NPC_08" NPCID="-1" monsterID="-1" Whether_role="-1" zuo_you="1" talk_type="2" talk="先灵之墓已被破坏，实乃愤怒也。我愿助张飞大将一臂之力。" effectName="TalkBg" effectX="0" effectY="0" overX="0" overY="0" isForce="1"/>
<talk id="1045" name="幽暗细作" NextID="-1" headicon="NPC_08" NPCID="101011" monsterID="-1" Whether_role="-1" zuo_you="1" talk_type="3" talk="战争能体现国之强大，也能体现人之武勇。" effectName="TalkBg" effectX="0" effectY="0" overX="0" overY="0" isForce="1"/>
<talk id="1046" name="幽暗细作" NextID="-1" headicon="NPC_08" NPCID="101011" monsterID="-1" Whether_role="-1" zuo_you="1" talk_type="3" talk="盗取财宝，毁坏陵墓。视为不义，鱼肉百姓，视为不仁。" effectName="TalkBg" effectX="0" effectY="0" overX="0" overY="0" isForce="1"/>
<talk id="1047" name="幽暗细作" NextID="1048" headicon="NPC_08" NPCID="101011" monsterID="-1" Whether_role="-1" zuo_you="1" talk_type="2" talk="现在的曹操已经成为人人得而诛之的对象，挖坟掘墓，导致魔气外泄，让百姓生活在水生火热之中。" effectName="TalkBg" effectX="0" effectY="0" overX="0" overY="0" isForce="1"/>
<talk id="1048" name="#name#" NextID="1049" headicon="NPC_08" NPCID="-1" monsterID="-1" Whether_role="-1" zuo_you="1" talk_type="2" talk="可恶至极，为其志向，惨祸百姓。" effectName="TalkBg" effectX="0" effectY="0" overX="0" overY="0" isForce="1"/>
<talk id="1049" name="幽暗细作" NextID="1050" headicon="NPC_08" NPCID="101011" monsterID="-1" Whether_role="-1" zuo_you="1" talk_type="2" talk="盗取财宝，毁坏陵墓。视为不义，鱼肉百姓，视为不仁。" effectName="TalkBg" effectX="0" effectY="0" overX="0" overY="0" isForce="1"/>
<talk id="1050" name="#name#" NextID="-1" headicon="NPC_08" NPCID="-1" monsterID="-1" Whether_role="-1" zuo_you="1" talk_type="2" talk="不仁不义之徒，其为最诛者。" effectName="TalkBg" effectX="0" effectY="0" overX="0" overY="0" isForce="1"/>
<talk id="1051" name="郭嘉" NextID="-1" headicon="NPC_08" NPCID="101008" monsterID="-1" Whether_role="-1" zuo_you="1" talk_type="3" talk="我乃曹操麾下大将郭嘉，帮主公分忧是我等荣幸。" effectName="TalkBg" effectX="0" effectY="0" overX="0" overY="0" isForce="1"/>
<talk id="1052" name="郭嘉" NextID="-1" headicon="NPC_08" NPCID="101008" monsterID="-1" Whether_role="-1" zuo_you="1" talk_type="3" talk="跟随主公是我等大幸，鞠躬尽瘁，肝胆相照。" effectName="TalkBg" effectX="0" effectY="0" overX="0" overY="0" isForce="1"/>
<talk id="1053" name="郭嘉" NextID="1054" headicon="NPC_08" NPCID="101008" monsterID="-1" Whether_role="-1" zuo_you="1" talk_type="2" talk="我乃曹操麾下大将郭嘉，主公之言我等势必听从，效忠主公是我等荣幸。" effectName="TalkBg" effectX="0" effectY="0" overX="0" overY="0" isForce="1"/>
<talk id="1054" name="#name#" NextID="1055" headicon="NPC_08" NPCID="-1" monsterID="-1" Whether_role="-1" zuo_you="1" talk_type="2" talk="许褚大将忠肝义胆，我等佩服。" effectName="TalkBg" effectX="0" effectY="0" overX="0" overY="0" isForce="1"/>
<talk id="1055" name="郭嘉" NextID="1056" headicon="NPC_08" NPCID="101008" monsterID="-1" Whether_role="-1" zuo_you="1" talk_type="2" talk="主公之命我等严听，生死护主，消除异己是我等分内之事。为主公分忧是我等荣幸。" effectName="TalkBg" effectX="0" effectY="0" overX="0" overY="0" isForce="1"/>
<talk id="1056" name="#name#" NextID="-1" headicon="NPC_08" NPCID="-1" monsterID="-1" Whether_role="-1" zuo_you="1" talk_type="2" talk="雄心壮志，敬佩之至。" effectName="TalkBg" effectX="0" effectY="0" overX="0" overY="0" isForce="1"/>
<talk id="1057" name="孙策" NextID="-1" headicon="NPC_08" NPCID="101003" monsterID="-1" Whether_role="-1" zuo_you="1" talk_type="3" talk="我乃孙策是也，随着曹操的盗墓进行，各地纷纷出现了被魔化的士兵。为防止战事扩大，我需要更多的贤能之士。" effectName="TalkBg" effectX="0" effectY="0" overX="0" overY="0" isForce="1"/>
<talk id="1058" name="雪昭昭" NextID="-1" headicon="NPC_tx_18" NPCID="101001" monsterID="-1" Whether_role="-1" zuo_you="1" talk_type="3" talk="不要累垮自己，请注意休息哦。" effectName="TalkBg" effectX="0" effectY="0" overX="0" overY="0" isForce="1"/>
<talk id="1059" name="孙策" NextID="1060" headicon="NPC_08" NPCID="101003" monsterID="-1" Whether_role="-1" zuo_you="1" talk_type="2" talk="随着曹操的疯狂，魔气的外泄，导致各地出现魔化士兵，战事的扩大，随时都会将百姓置身与水火之中。" effectName="TalkBg" effectX="0" effectY="0" overX="0" overY="0" isForce="1"/>
<talk id="1060" name="#name#" NextID="1061" headicon="NPC_08" NPCID="-1" monsterID="-1" Whether_role="-1" zuo_you="1" talk_type="2" talk="现在的趋势只能将其魔化士兵铲除，尽可能追查原由并将其封印。" effectName="TalkBg" effectX="0" effectY="0" overX="0" overY="0" isForce="1"/>
<talk id="1061" name="孙策" NextID="1062" headicon="NPC_08" NPCID="101003" monsterID="-1" Whether_role="-1" zuo_you="1" talk_type="2" talk="现在的曹操已经成就为半魔半人，想要铲除谈何容易。" effectName="TalkBg" effectX="0" effectY="0" overX="0" overY="0" isForce="1"/>
<talk id="1062" name="#name#" NextID="-1" headicon="NPC_08" NPCID="-1" monsterID="-1" Whether_role="-1" zuo_you="1" talk_type="2" talk="多谢大将的提点，铲除曹操之事就交予我来解决。" effectName="TalkBg" effectX="0" effectY="0" overX="0" overY="0" isForce="1"/>
<talk id="1063" name="太史慈" NextID="-1" headicon="NPC_08" NPCID="101012" monsterID="-1" Whether_role="-1" zuo_you="1" talk_type="3" talk="没想到这里居然出现恶鬼之物，不过总有一天我定将铲除这些妖魔！" effectName="TalkBg" effectX="0" effectY="0" overX="0" overY="0" isForce="1"/>
<talk id="1064" name="太史慈" NextID="-1" headicon="NPC_05" NPCID="101012" monsterID="-1" Whether_role="-1" zuo_you="1" talk_type="3" talk="不知这位小生是否想与我一战？" effectName="TalkBg" effectX="0" effectY="0" overX="0" overY="0" isForce="1"/>
<talk id="1065" name="太史慈" NextID="1066" headicon="NPC_03" NPCID="101012" monsterID="-1" Whether_role="-1" zuo_you="1" talk_type="2" talk="现在的曹操已经成为人人得而诛之的对象，为了一己私欲让残害百姓。天理不容，挖掘陵墓，盗取不义之财。视为可耻。" effectName="TalkBg" effectX="0" effectY="0" overX="0" overY="0" isForce="1"/>
<talk id="1066" name="#name#" NextID="1067" headicon="NPC_08" NPCID="-1" monsterID="-1" Whether_role="-1" zuo_you="1" talk_type="2" talk="斩杀恶徒，还百姓安宁。" effectName="TalkBg" effectX="0" effectY="0" overX="0" overY="0" isForce="1"/>
<talk id="1067" name="太史慈" NextID="1068" headicon="NPC_03" NPCID="101012" monsterID="-1" Whether_role="-1" zuo_you="1" talk_type="2" talk="挖掘陵墓，盗取钱财，致使魔气外泄，导致民不聊生，生灵涂炭，全拜曹操一手所赐。" effectName="TalkBg" effectX="0" effectY="0" overX="0" overY="0" isForce="1"/>
<talk id="1068" name="#name#" NextID="-1" headicon="NPC_08" NPCID="-1" monsterID="-1" Whether_role="-1" zuo_you="1" talk_type="2" talk="诛杀曹操，我愿助一臂之力。" effectName="TalkBg" effectX="0" effectY="0" overX="0" overY="0" isForce="1"/>
<talk id="1069" name="夏侯敦" NextID="-1" headicon="NPC_08" NPCID="101013" monsterID="-1" Whether_role="-1" zuo_you="1" talk_type="3" talk="主公麾下才能进出，我等生为主公麾下感到荣幸之至。" effectName="TalkBg" effectX="0" effectY="0" overX="0" overY="0" isForce="1"/>
<talk id="1070" name="夏侯敦" NextID="-1" headicon="NPC_08" NPCID="101013" monsterID="-1" Whether_role="-1" zuo_you="1" talk_type="3" talk="我等效命主公，护主之意，消除异己视为忠臣。" effectName="TalkBg" effectX="0" effectY="0" overX="0" overY="0" isForce="1"/>
<talk id="1071" name="夏侯敦" NextID="1072" headicon="NPC_08" NPCID="101013" monsterID="-1" Whether_role="-1" zuo_you="1" talk_type="2" talk="我乃主公麾下大将军夏侯敦，掌控兵力，为主公分忧。是我等分内之事。" effectName="TalkBg" effectX="0" effectY="0" overX="0" overY="0" isForce="1"/>
<talk id="1072" name="#name#" NextID="1073" headicon="NPC_08" NPCID="-1" monsterID="-1" Whether_role="-1" zuo_you="1" talk_type="2" talk="视为主公麾下为大兴也。" effectName="TalkBg" effectX="0" effectY="0" overX="0" overY="0" isForce="1"/>
<talk id="1073" name="夏侯敦" NextID="1074" headicon="NPC_08" NPCID="101013" monsterID="-1" Whether_role="-1" zuo_you="1" talk_type="2" talk="主公之命我等严听，生死护主，消除异己是我等分内之事。为主公分忧是我等荣幸。" effectName="TalkBg" effectX="0" effectY="0" overX="0" overY="0" isForce="1"/>
<talk id="1074" name="#name#" NextID="-1" headicon="NPC_08" NPCID="-1" monsterID="-1" Whether_role="-1" zuo_you="1" talk_type="2" talk="加入主公阵营此乃大兴。" effectName="TalkBg" effectX="0" effectY="0" overX="0" overY="0" isForce="1"/>
<talk id="1075" name="吉平" NextID="-1" headicon="NPC_08" NPCID="101005" monsterID="-1" Whether_role="-1" zuo_you="1" talk_type="3" talk="世事难料，乱世造就英雄。" effectName="TalkBg" effectX="0" effectY="0" overX="0" overY="0" isForce="1"/>
<talk id="1076" name="吉平" NextID="-1" headicon="NPC_08" NPCID="101005" monsterID="-1" Whether_role="-1" zuo_you="1" talk_type="3" talk="事在人为，不必亲力亲为，需告知实情真相便可。" effectName="TalkBg" effectX="0" effectY="0" overX="0" overY="0" isForce="1"/>
<talk id="1077" name="吉平" NextID="1078" headicon="NPC_08" NPCID="101005" monsterID="-1" Whether_role="-1" zuo_you="1" talk_type="2" talk="主公之意不敢逆为，尽全力搜查夜明珠和陵墓之心，让主公早日得以痊愈。" effectName="TalkBg" effectX="0" effectY="0" overX="0" overY="0" isForce="1"/>
<talk id="1078" name="#name#" NextID="1079" headicon="NPC_08" NPCID="-1" monsterID="-1" Whether_role="-1" zuo_you="1" talk_type="2" talk="多谢乐于大夫的宽容，我会尽全力寻找。" effectName="TalkBg" effectX="0" effectY="0" overX="0" overY="0" isForce="1"/>
<talk id="1079" name="吉平" NextID="1080" headicon="NPC_08" NPCID="101005" monsterID="-1" Whether_role="-1" zuo_you="1" talk_type="2" talk="事在人为，不必亲力亲为，需告知实情真相便可。" effectName="TalkBg" effectX="0" effectY="0" overX="0" overY="0" isForce="1"/>
<talk id="1080" name="#name#" NextID="-1" headicon="NPC_08" NPCID="-1" monsterID="-1" Whether_role="-1" zuo_you="1" talk_type="2" talk="多谢乐于大夫的告知。" effectName="TalkBg" effectX="0" effectY="0" overX="0" overY="0" isForce="1"/>
<talk id="1097" name="曹操" NextID="-1" headicon="NPC_01" NPCID="-1" monsterID="-1" Whether_role="-1" zuo_you="1" talk_type="3" talk="老骥伏枥,志在千里。" effectName="TalkBg" effectX="0" effectY="0" overX="0" overY="0" isForce="1"/>
<talk id="1098" name="曹操" NextID="-1" headicon="NPC_01" NPCID="-1" monsterID="-1" Whether_role="-1" zuo_you="1" talk_type="3" talk="烈士暮年,壮心不已。" effectName="TalkBg" effectX="0" effectY="0" overX="0" overY="0" isForce="1"/>
<talk id="1099" name="曹操" NextID="-1" headicon="NPC_01" NPCID="-1" monsterID="-1" Whether_role="-1" zuo_you="1" talk_type="3" talk="生于乱世是为不幸，但如能变乱为治，岂非不幸中之大幸！" effectName="TalkBg" effectX="0" effectY="0" overX="0" overY="0" isForce="1"/>
<talk id="1081" name="陵墓幽魂(陵墓走廊)" NextID="-1" headicon="NPC_08" NPCID="101016" monsterID="-1" Whether_role="-1" zuo_you="1" talk_type="1" talk="我乃陵墓幽魂，在陵墓之中被困已久，陵墓走廊中有很多封印之物，潜藏的危险无处不在。前往探索小心为上。" effectName="TalkBg" effectX="0" effectY="0" overX="0" overY="0" isForce="1"/>
<talk id="1082" name="冥王使者(冥王殿)" NextID="-1" headicon="NPC_08" NPCID="101017" monsterID="-1" Whether_role="-1" zuo_you="1" talk_type="1" talk="我乃冥王殿使者，再次守候有缘之人的到来，冥王殿已被暗黑魔使所统领，很多守卫都已被魔气所魔化，" effectName="TalkBg" effectX="0" effectY="0" overX="0" overY="0" isForce="1"/>
<talk id="1083" name="幽暗使者(幽暗走廊)" NextID="-1" headicon="NPC_08" NPCID="101018" monsterID="-1" Whether_role="-1" zuo_you="1" talk_type="1" talk="为招募贤良，军饷所剩无几，为了能平定各地诸侯，我只能挖掘陵墓获取更多钱财。" effectName="TalkBg" effectX="0" effectY="0" overX="0" overY="0" isForce="1"/>
<talk id="1084" name="豫领使者(豫领殿)" NextID="-1" headicon="NPC_08" NPCID="101019" monsterID="-1" Whether_role="-1" zuo_you="1" talk_type="1" talk="死亡之气已经蔓延，豫领殿的将士都已被魔化，潜藏的危险无处不在。" effectName="TalkBg" effectX="0" effectY="0" overX="0" overY="0" isForce="1"/>
<talk id="1085" name="玉峰使者(野人峰)" NextID="-1" headicon="NPC_08" NPCID="101020" monsterID="-1" Whether_role="-1" zuo_you="1" talk_type="1" talk="为招募贤良，军饷所剩无几，为了能平定各地诸侯，我只能挖掘陵墓获取更多钱财。" effectName="TalkBg" effectX="0" effectY="0" overX="0" overY="0" isForce="1"/>
<talk id="1086" name="豫关使者(虎罢雄关)" NextID="-1" headicon="NPC_08" NPCID="101021" monsterID="-1" Whether_role="-1" zuo_you="1" talk_type="1" talk="为招募贤良，军饷所剩无几，为了能平定各地诸侯，我只能挖掘陵墓获取更多钱财。" effectName="TalkBg" effectX="0" effectY="0" overX="0" overY="0" isForce="1"/>
<talk id="1087" name="回廊使者(龙域回廊)" NextID="-1" headicon="NPC_08" NPCID="101022" monsterID="-1" Whether_role="-1" zuo_you="1" talk_type="1" talk="为招募贤良，军饷所剩无几，为了能平定各地诸侯，我只能挖掘陵墓获取更多钱财。" effectName="TalkBg" effectX="0" effectY="0" overX="0" overY="0" isForce="1"/>
<talk id="1088" name="龙域使者(永恒龙域)" NextID="-1" headicon="NPC_08" NPCID="101023" monsterID="-1" Whether_role="-1" zuo_you="1" talk_type="1" talk="为招募贤良，军饷所剩无几，为了能平定各地诸侯，我只能挖掘陵墓获取更多钱财。" effectName="TalkBg" effectX="0" effectY="0" overX="0" overY="0" isForce="1"/>
<talk id="1089" name="幽暗使者(幽冥潭)" NextID="-1" headicon="NPC_08" NPCID="101024" monsterID="-1" Whether_role="-1" zuo_you="1" talk_type="1" talk="为招募贤良，军饷所剩无几，为了能平定各地诸侯，我只能挖掘陵墓获取更多钱财。" effectName="TalkBg" effectX="0" effectY="0" overX="0" overY="0" isForce="1"/>
<talk id="1090" name="陵宫使者(武帝寝宫)" NextID="-1" headicon="NPC_08" NPCID="101025" monsterID="-1" Whether_role="-1" zuo_you="1" talk_type="1" talk="为招募贤良，军饷所剩无几，为了能平定各地诸侯，我只能挖掘陵墓获取更多钱财。" effectName="TalkBg" effectX="0" effectY="0" overX="0" overY="0" isForce="1"/>
<talk id="1091" name="雪昭昭" NextID="-1" headicon="NPC_tx_18" NPCID="101001" monsterID="-1" Whether_role="-1" zuo_you="1" talk_type="3" talk="不要太过劳累，请注意休息哦！" effectName="TalkBg" effectX="0" effectY="0" overX="0" overY="0" isForce="1"/>
<talk id="1092" name="雪昭昭" NextID="-1" headicon="NPC_tx_18" NPCID="101001" monsterID="-1" Whether_role="-1" zuo_you="1" talk_type="3" talk="英雄，前方敌人重重，你要好好历练自己哦！" effectName="TalkBg" effectX="0" effectY="0" overX="0" overY="0" isForce="1"/>
<talk id="1094" name="孙尚香" NextID="-1" headicon="NPC_tx_17" NPCID="101001" monsterID="-1" Whether_role="-1" zuo_you="1" talk_type="3" talk="地下有一把绝世大宝剑，真想拿到手里看看。" effectName="TalkBg" effectX="0" effectY="0" overX="0" overY="0" isForce="1"/>
<talk id="1095" name="孙尚香" NextID="-1" headicon="NPC_tx_17" NPCID="101001" monsterID="-1" Whether_role="-1" zuo_you="1" talk_type="3" talk="嘘别出声，要想让我帮你，去竞技场兑换我吧。" effectName="TalkBg" effectX="0" effectY="0" overX="0" overY="0" isForce="1"/>
<talk id="1096" name="孙尚香" NextID="-1" headicon="NPC_tx_17" NPCID="101003" monsterID="-1" Whether_role="-1" zuo_you="1" talk_type="3" talk="嘘别出声，要想让我帮你，去竞技场兑换我吧。" effectName="TalkBg" effectX="0" effectY="0" overX="0" overY="0" isForce="1"/>
<talk id="1101" name="太史慈" NextID="-1" headicon="NPC_tx_13" NPCID="101003" monsterID="-1" Whether_role="-1" zuo_you="1" talk_type="3" talk="没想到这里居然出现恶鬼之物，不过总有一天我定将铲除这些妖魔！" effectName="TalkBg" effectX="0" effectY="0" overX="0" overY="0" isForce="1"/>
<talk id="10000" name="触发怪物对话" NextID="10001" headicon="NPC_08" NPCID="-1" monsterID="210100" Whether_role="-1" zuo_you="1" talk_type="1" talk="小子怎么是你，你真是阴魂不散啊！" effectName="TalkBg" effectX="0" effectY="0" overX="0" overY="0" isForce="1"/>
<talk id="10001" name="触发怪物对话" NextID="10002" headicon="NPC_08" NPCID="-1" monsterID="110001" Whether_role="-1" zuo_you="2" talk_type="1" talk="那我就将收服了···" effectName="TalkBg" effectX="0" effectY="0" overX="0" overY="0" isForce="1"/>
<talk id="10002" name="触发怪物对话" NextID="10003" headicon="NPC_08" NPCID="-1" monsterID="110002" Whether_role="-1" zuo_you="1" talk_type="1" talk="就凭你，你虽然是传承之子，但是我也不惧你····" effectName="TalkBg" effectX="0" effectY="0" overX="0" overY="0" isForce="1"/>
<talk id="10003" name="触发怪物对话" NextID="-1" headicon="NPC_08" NPCID="-1" monsterID="110102" Whether_role="-1" zuo_you="2" talk_type="1" talk="那你就试试我的实力吧！" effectName="TalkBg" effectX="0" effectY="0" overX="0" overY="0" isForce="1"/>
<talk id="10004" name="触发怪物对话" NextID="-1" headicon="NPC_08" NPCID="-1" monsterID="110103" Whether_role="-1" zuo_you="1" talk_type="2" talk="来人止步，擅闯者杀无赦。" effectName="TalkBg" effectX="0" effectY="0" overX="0" overY="0" isForce="1"/>
<talk id="10005" name="触发怪物对话" NextID="-1" headicon="NPC_08" NPCID="-1" monsterID="110200" Whether_role="-1" zuo_you="1" talk_type="2" talk="陵宫之地，擅闯者杀无赦。" effectName="TalkBg" effectX="0" effectY="0" overX="0" overY="0" isForce="1"/>
<talk id="10006" name="怪物对话" NextID="-1" headicon="NPC_08" NPCID="-1" monsterID="110101" Whether_role="-1" zuo_you="1" talk_type="2" talk="兄弟们，有新鲜的人肉了，快动手吧！" effectName="TalkBg" effectX="0" effectY="0" overX="0" overY="0" isForce="1"/>
<talk id="10007" name="怪物对话" NextID="-1" headicon="NPC_08" NPCID="-1" monsterID="110101" Whether_role="-1" zuo_you="1" talk_type="2" talk="我已经被困在陵墓之中许久了，都不知道人肉的味道是什么样的。" effectName="TalkBg" effectX="0" effectY="0" overX="0" overY="0" isForce="1"/>
<talk id="10008" name="怪物对话" NextID="-1" headicon="NPC_08" NPCID="-1" monsterID="110101" Whether_role="-1" zuo_you="1" talk_type="2" talk="小小传承者竟敢灭杀我守卫。" effectName="TalkBg" effectX="0" effectY="0" overX="0" overY="0" isForce="1"/>
<talk id="15000" name="怪物死亡对话" NextID="-1" headicon="NPC_08" NPCID="-1" monsterID="110002" Whether_role="-1" zuo_you="1" talk_type="2" talk="怎么会这样，我是不可能败亡的。" effectName="TalkBg" effectX="0" effectY="0" overX="0" overY="0" isForce="1"/>
<talk id="15001" name="怪物死亡对话" NextID="-1" headicon="NPC_08" NPCID="-1" monsterID="110100" Whether_role="-1" zuo_you="1" talk_type="2" talk="怎么会这样，我是不可能败亡的。" effectName="TalkBg" effectX="0" effectY="0" overX="0" overY="0" isForce="1"/>
<talk id="15002" name="怪物死亡对话" NextID="-1" headicon="NPC_08" NPCID="-1" monsterID="110101" Whether_role="-1" zuo_you="1" talk_type="2" talk="怎么会这样，我是不可能败亡的。" effectName="TalkBg" effectX="0" effectY="0" overX="0" overY="0" isForce="1"/>
<talk id="15003" name="怪物死亡对话" NextID="-1" headicon="NPC_08" NPCID="-1" monsterID="110102" Whether_role="-1" zuo_you="1" talk_type="2" talk="怎么会这样，我是不可能败亡的。" effectName="TalkBg" effectX="0" effectY="0" overX="0" overY="0" isForce="1"/>
<talk id="15004" name="怪物死亡对话" NextID="-1" headicon="NPC_08" NPCID="-1" monsterID="110103" Whether_role="-1" zuo_you="1" talk_type="2" talk="怎么会这样，我是不可能败亡的。" effectName="TalkBg" effectX="0" effectY="0" overX="0" overY="0" isForce="1"/>
<talk id="15005" name="怪物死亡对话" NextID="-1" headicon="NPC_08" NPCID="-1" monsterID="110200" Whether_role="-1" zuo_you="1" talk_type="2" talk="怎么会这样，我是不可能败亡的。" effectName="TalkBg" effectX="0" effectY="0" overX="0" overY="0" isForce="1"/>
<talk id="15006" name="死亡对话" NextID="-1" headicon="NPC_08" NPCID="-1" monsterID="110101" Whether_role="-1" zuo_you="1" talk_type="2" talk="暗黑之力普照，我主将会统治俗神两界。" effectName="TalkBg" effectX="0" effectY="0" overX="0" overY="0" isForce="1"/>
<talk id="20000" name=" " NextID="-1" headicon="NPC_08" NPCID="-1" monsterID="210100" Whether_role="-1" zuo_you="1" talk_type="1" talk="不知死活的小子···" effectName="TalkBg" effectX="0" effectY="0" overX="0" overY="0" isForce="1"/>
<talk id="20001" name="#name#" NextID="-1" headicon="NPC_08" NPCID="-1" monsterID="-1" Whether_role="-1" zuo_you="1" talk_type="1" talk="找死····" effectName="TalkBg" effectX="0" effectY="0" overX="0" overY="0" isForce="1"/>
<talk id="20002" name=" " NextID="-1" headicon="NPC_08" NPCID="-1" monsterID="210100" Whether_role="-1" zuo_you="1" talk_type="1" talk="聚神··" effectName="TalkBg" effectX="0" effectY="0" overX="0" overY="0" isForce="1"/>
<talk id="20003" name="#name#" NextID="-1" headicon="NPC_08" NPCID="-1" monsterID="-1" Whether_role="-1" zuo_you="1" talk_type="1" talk="陵宫之地，擅入者死。" effectName="TalkBg" effectX="0" effectY="0" overX="0" overY="0" isForce="1"/>
<talk id="20004" name=" " NextID="-1" headicon="NPC_08" NPCID="-1" monsterID="210103" Whether_role="-1" zuo_you="1" talk_type="1" talk="来人止步，擅闯者杀无赦。" effectName="TalkBg" effectX="0" effectY="0" overX="0" overY="0" isForce="1"/>
<talk id="20005" name="#name#" NextID="-1" headicon="NPC_08" NPCID="-1" monsterID="-1" Whether_role="-1" zuo_you="1" talk_type="1" talk="陵宫之地，擅闯者杀无赦。" effectName="TalkBg" effectX="0" effectY="0" overX="0" overY="0" isForce="1"/>
<talk id="20006" name=" " NextID="-1" headicon="NPC_08" NPCID="-1" monsterID="210103" Whether_role="-1" zuo_you="1" talk_type="1" talk="陵宫之地，擅入者死。" effectName="TalkBg" effectX="0" effectY="0" overX="0" overY="0" isForce="1"/>
<talk id="20007" name="#name#" NextID="-1" headicon="NPC_08" NPCID="-1" monsterID="-1" Whether_role="-1" zuo_you="1" talk_type="1" talk="来人止步，擅闯者杀无赦。" effectName="TalkBg" effectX="0" effectY="0" overX="0" overY="0" isForce="1"/>
<talk id="20008" name="#name#" NextID="-1" headicon="NPC_08" NPCID="-1" monsterID="-1" Whether_role="-1" zuo_you="1" talk_type="1" talk="陵宫之地，擅闯者杀无赦。" effectName="TalkBg" effectX="0" effectY="0" overX="0" overY="0" isForce="1"/>
<talk id="20009" name="暗黑使者" NextID="-1" headicon="NPC_08" NPCID="-1" monsterID="310101" Whether_role="-1" zuo_you="1" talk_type="1" talk="陵宫之地，擅入者死。" effectName="TalkBg" effectX="0" effectY="0" overX="0" overY="0" isForce="1"/>
<talk id="20010" name="#name#" NextID="-1" headicon="NPC_08" NPCID="-1" monsterID="-1" Whether_role="-1" zuo_you="1" talk_type="1" talk="来人止步，擅闯者杀无赦。" effectName="TalkBg" effectX="0" effectY="0" overX="0" overY="0" isForce="1"/>
<talk id="20011" name="暗黑使者" NextID="-1" headicon="NPC_08" NPCID="-1" monsterID="310101" Whether_role="-1" zuo_you="1" talk_type="1" talk="陵宫之地，擅闯者杀无赦。" effectName="TalkBg" effectX="0" effectY="0" overX="0" overY="0" isForce="1"/>
<talk id="20012" name="#name#" NextID="-1" headicon="NPC_08" NPCID="-1" monsterID="-1" Whether_role="-1" zuo_you="1" talk_type="1" talk="陵宫之地，擅入者死。" effectName="TalkBg" effectX="0" effectY="0" overX="0" overY="0" isForce="1"/>
<talk id="20013" name=" " NextID="-1" headicon="NPC_08" NPCID="-1" monsterID="210200" Whether_role="-1" zuo_you="1" talk_type="1" talk="来人止步，擅闯者杀无赦。" effectName="TalkBg" effectX="0" effectY="0" overX="0" overY="0" isForce="1"/>
<talk id="20014" name="#name#" NextID="-1" headicon="NPC_08" NPCID="-1" monsterID="-1" Whether_role="-1" zuo_you="1" talk_type="1" talk="陵宫之地，擅闯者杀无赦。" effectName="TalkBg" effectX="0" effectY="0" overX="0" overY="0" isForce="1"/>
<talk id="20015" name=" " NextID="-1" headicon="NPC_08" NPCID="-1" monsterID="210200" Whether_role="-1" zuo_you="1" talk_type="1" talk="陵宫之地，擅入者死。" effectName="TalkBg" effectX="0" effectY="0" overX="0" overY="0" isForce="1"/>
<talk id="20016" name="#name#" NextID="-1" headicon="NPC_08" NPCID="-1" monsterID="-1" Whether_role="-1" zuo_you="1" talk_type="1" talk="来人止步，擅闯者杀无赦。" effectName="TalkBg" effectX="0" effectY="0" overX="0" overY="0" isForce="1"/>
<talk id="20017" name=" " NextID="-1" headicon="NPC_08" NPCID="-1" monsterID="210201" Whether_role="-1" zuo_you="1" talk_type="1" talk="陵宫之地，擅闯者杀无赦。" effectName="TalkBg" effectX="0" effectY="0" overX="0" overY="0" isForce="1"/>
<talk id="20018" name="#name#" NextID="-1" headicon="NPC_08" NPCID="-1" monsterID="-1" Whether_role="-1" zuo_you="1" talk_type="1" talk="陵宫之地，擅入者死。" effectName="TalkBg" effectX="0" effectY="0" overX="0" overY="0" isForce="1"/>
<talk id="20019" name=" " NextID="-1" headicon="NPC_08" NPCID="-1" monsterID="210201" Whether_role="-1" zuo_you="1" talk_type="1" talk="来人止步，擅闯者杀无赦。" effectName="TalkBg" effectX="0" effectY="0" overX="0" overY="0" isForce="1"/>
<talk id="20020" name="#name#" NextID="-1" headicon="NPC_08" NPCID="-1" monsterID="-1" Whether_role="-1" zuo_you="1" talk_type="1" talk="陵宫之地，擅闯者杀无赦。" effectName="TalkBg" effectX="0" effectY="0" overX="0" overY="0" isForce="1"/>
<talk id="20021" name="幽暗魔使" NextID="-1" headicon="NPC_08" NPCID="-1" monsterID="310201" Whether_role="-1" zuo_you="1" talk_type="1" talk="陵宫之地，擅入者死。" effectName="TalkBg" effectX="0" effectY="0" overX="0" overY="0" isForce="1"/>
<talk id="20022" name="#name#" NextID="-1" headicon="NPC_08" NPCID="-1" monsterID="-1" Whether_role="-1" zuo_you="1" talk_type="1" talk="来人止步，擅闯者杀无赦。" effectName="TalkBg" effectX="0" effectY="0" overX="0" overY="0" isForce="1"/>
<talk id="20023" name="幽暗魔使" NextID="-1" headicon="NPC_08" NPCID="-1" monsterID="310201" Whether_role="-1" zuo_you="1" talk_type="1" talk="陵宫之地，擅闯者杀无赦。" effectName="TalkBg" effectX="0" effectY="0" overX="0" overY="0" isForce="1"/>
<talk id="20024" name="#name#" NextID="-1" headicon="NPC_08" NPCID="-1" monsterID="-1" Whether_role="-1" zuo_you="1" talk_type="1" talk="陵宫之地，擅入者死。" effectName="TalkBg" effectX="0" effectY="0" overX="0" overY="0" isForce="1"/>
<talk id="20025" name=" " NextID="-1" headicon="NPC_08" NPCID="-1" monsterID="210300" Whether_role="-1" zuo_you="1" talk_type="1" talk="来人止步，擅闯者杀无赦。" effectName="TalkBg" effectX="0" effectY="0" overX="0" overY="0" isForce="1"/>
<talk id="20026" name="#name#" NextID="-1" headicon="NPC_08" NPCID="-1" monsterID="-1" Whether_role="-1" zuo_you="1" talk_type="1" talk="陵宫之地，擅闯者杀无赦。" effectName="TalkBg" effectX="0" effectY="0" overX="0" overY="0" isForce="1"/>
<talk id="20027" name=" " NextID="-1" headicon="NPC_08" NPCID="-1" monsterID="210300" Whether_role="-1" zuo_you="1" talk_type="1" talk="陵宫之地，擅入者死。" effectName="TalkBg" effectX="0" effectY="0" overX="0" overY="0" isForce="1"/>
<talk id="20028" name="#name#" NextID="-1" headicon="NPC_08" NPCID="-1" monsterID="-1" Whether_role="-1" zuo_you="1" talk_type="1" talk="来人止步，擅闯者杀无赦。" effectName="TalkBg" effectX="0" effectY="0" overX="0" overY="0" isForce="1"/>
<talk id="20029" name=" " NextID="-1" headicon="NPC_08" NPCID="-1" monsterID="210301" Whether_role="-1" zuo_you="1" talk_type="1" talk="陵宫之地，擅闯者杀无赦。" effectName="TalkBg" effectX="0" effectY="0" overX="0" overY="0" isForce="1"/>
<talk id="20030" name="#name#" NextID="-1" headicon="NPC_08" NPCID="-1" monsterID="-1" Whether_role="-1" zuo_you="1" talk_type="1" talk="陵宫之地，擅入者死。" effectName="TalkBg" effectX="0" effectY="0" overX="0" overY="0" isForce="1"/>
<talk id="20031" name=" " NextID="-1" headicon="NPC_08" NPCID="-1" monsterID="210301" Whether_role="-1" zuo_you="1" talk_type="1" talk="来人止步，擅闯者杀无赦。" effectName="TalkBg" effectX="0" effectY="0" overX="0" overY="0" isForce="1"/>
<talk id="20032" name="#name#" NextID="-1" headicon="NPC_08" NPCID="-1" monsterID="-1" Whether_role="-1" zuo_you="1" talk_type="1" talk="陵宫之地，擅闯者杀无赦。" effectName="TalkBg" effectX="0" effectY="0" overX="0" overY="0" isForce="1"/>
<talk id="20033" name="幽暗使者" NextID="-1" headicon="NPC_08" NPCID="-1" monsterID="310300" Whether_role="-1" zuo_you="1" talk_type="1" talk="陵宫之地，擅入者死。" effectName="TalkBg" effectX="0" effectY="0" overX="0" overY="0" isForce="1"/>
<talk id="20034" name="#name#" NextID="-1" headicon="NPC_08" NPCID="-1" monsterID="-1" Whether_role="-1" zuo_you="1" talk_type="1" talk="来人止步，擅闯者杀无赦。" effectName="TalkBg" effectX="0" effectY="0" overX="0" overY="0" isForce="1"/>
<talk id="20035" name="幽暗使者" NextID="-1" headicon="NPC_08" NPCID="-1" monsterID="310300" Whether_role="-1" zuo_you="1" talk_type="1" talk="陵宫之地，擅闯者杀无赦。" effectName="TalkBg" effectX="0" effectY="0" overX="0" overY="0" isForce="1"/>
<talk id="20036" name="#name#" NextID="-1" headicon="NPC_08" NPCID="-1" monsterID="-1" Whether_role="-1" zuo_you="1" talk_type="1" talk="陵宫之地，擅入者死。" effectName="TalkBg" effectX="0" effectY="0" overX="0" overY="0" isForce="1"/>
<talk id="20037" name=" " NextID="-1" headicon="NPC_08" NPCID="-1" monsterID="210400" Whether_role="-1" zuo_you="1" talk_type="1" talk="来人止步，擅闯者杀无赦。" effectName="TalkBg" effectX="0" effectY="0" overX="0" overY="0" isForce="1"/>
<talk id="20038" name="#name#" NextID="-1" headicon="NPC_08" NPCID="-1" monsterID="-1" Whether_role="-1" zuo_you="1" talk_type="1" talk="陵宫之地，擅闯者杀无赦。" effectName="TalkBg" effectX="0" effectY="0" overX="0" overY="0" isForce="1"/>
<talk id="20039" name=" " NextID="-1" headicon="NPC_08" NPCID="-1" monsterID="210400" Whether_role="-1" zuo_you="1" talk_type="1" talk="陵宫之地，擅入者死。" effectName="TalkBg" effectX="0" effectY="0" overX="0" overY="0" isForce="1"/>
<talk id="20040" name="#name#" NextID="-1" headicon="NPC_08" NPCID="-1" monsterID="-1" Whether_role="-1" zuo_you="1" talk_type="1" talk="来人止步，擅闯者杀无赦。" effectName="TalkBg" effectX="0" effectY="0" overX="0" overY="0" isForce="1"/>
<talk id="20041" name=" " NextID="-1" headicon="NPC_08" NPCID="-1" monsterID="210401" Whether_role="-1" zuo_you="1" talk_type="1" talk="陵宫之地，擅闯者杀无赦。" effectName="TalkBg" effectX="0" effectY="0" overX="0" overY="0" isForce="1"/>
<talk id="20042" name="#name#" NextID="-1" headicon="NPC_08" NPCID="-1" monsterID="-1" Whether_role="-1" zuo_you="1" talk_type="1" talk="陵宫之地，擅入者死。" effectName="TalkBg" effectX="0" effectY="0" overX="0" overY="0" isForce="1"/>
<talk id="20043" name=" " NextID="-1" headicon="NPC_08" NPCID="-1" monsterID="210401" Whether_role="-1" zuo_you="1" talk_type="1" talk="来人止步，擅闯者杀无赦。" effectName="TalkBg" effectX="0" effectY="0" overX="0" overY="0" isForce="1"/>
<talk id="20044" name="#name#" NextID="-1" headicon="NPC_08" NPCID="-1" monsterID="-1" Whether_role="-1" zuo_you="1" talk_type="1" talk="陵宫之地，擅闯者杀无赦。" effectName="TalkBg" effectX="0" effectY="0" overX="0" overY="0" isForce="1"/>
<talk id="20045" name=" " NextID="-1" headicon="NPC_08" NPCID="-1" monsterID="210402" Whether_role="-1" zuo_you="1" talk_type="1" talk="陵宫之地，擅入者死。" effectName="TalkBg" effectX="0" effectY="0" overX="0" overY="0" isForce="1"/>
<talk id="20046" name="#name#" NextID="-1" headicon="NPC_08" NPCID="-1" monsterID="-1" Whether_role="-1" zuo_you="1" talk_type="1" talk="来人止步，擅闯者杀无赦。" effectName="TalkBg" effectX="0" effectY="0" overX="0" overY="0" isForce="1"/>
<talk id="20047" name=" " NextID="-1" headicon="NPC_08" NPCID="-1" monsterID="210402" Whether_role="-1" zuo_you="1" talk_type="1" talk="陵宫之地，擅闯者杀无赦。" effectName="TalkBg" effectX="0" effectY="0" overX="0" overY="0" isForce="1"/>
<talk id="20048" name="#name#" NextID="-1" headicon="NPC_08" NPCID="-1" monsterID="-1" Whether_role="-1" zuo_you="1" talk_type="1" talk="陵宫之地，擅入者死。" effectName="TalkBg" effectX="0" effectY="0" overX="0" overY="0" isForce="1"/>
<talk id="20049" name="幽灵使者" NextID="-1" headicon="NPC_08" NPCID="-1" monsterID="310400" Whether_role="-1" zuo_you="1" talk_type="1" talk="来人止步，擅闯者杀无赦。" effectName="TalkBg" effectX="0" effectY="0" overX="0" overY="0" isForce="1"/>
<talk id="20050" name="#name#" NextID="-1" headicon="NPC_08" NPCID="-1" monsterID="-1" Whether_role="-1" zuo_you="1" talk_type="1" talk="陵宫之地，擅闯者杀无赦。" effectName="TalkBg" effectX="0" effectY="0" overX="0" overY="0" isForce="1"/>
<talk id="20051" name="幽灵使者" NextID="-1" headicon="NPC_08" NPCID="-1" monsterID="310400" Whether_role="-1" zuo_you="1" talk_type="1" talk="陵宫之地，擅入者死。" effectName="TalkBg" effectX="0" effectY="0" overX="0" overY="0" isForce="1"/>
<talk id="20052" name="#name#" NextID="-1" headicon="NPC_08" NPCID="-1" monsterID="-1" Whether_role="-1" zuo_you="1" talk_type="1" talk="来人止步，擅闯者杀无赦。" effectName="TalkBg" effectX="0" effectY="0" overX="0" overY="0" isForce="1"/>
<talk id="20053" name=" " NextID="-1" headicon="NPC_08" NPCID="-1" monsterID="210500" Whether_role="-1" zuo_you="1" talk_type="1" talk="陵宫之地，擅闯者杀无赦。" effectName="TalkBg" effectX="0" effectY="0" overX="0" overY="0" isForce="1"/>
<talk id="20054" name="#name#" NextID="-1" headicon="NPC_08" NPCID="-1" monsterID="-1" Whether_role="-1" zuo_you="1" talk_type="1" talk="陵宫之地，擅入者死。" effectName="TalkBg" effectX="0" effectY="0" overX="0" overY="0" isForce="1"/>
<talk id="20055" name=" " NextID="-1" headicon="NPC_08" NPCID="-1" monsterID="210500" Whether_role="-1" zuo_you="1" talk_type="1" talk="来人止步，擅闯者杀无赦。" effectName="TalkBg" effectX="0" effectY="0" overX="0" overY="0" isForce="1"/>
<talk id="20056" name="#name#" NextID="-1" headicon="NPC_08" NPCID="-1" monsterID="-1" Whether_role="-1" zuo_you="1" talk_type="1" talk="陵宫之地，擅闯者杀无赦。" effectName="TalkBg" effectX="0" effectY="0" overX="0" overY="0" isForce="1"/>
<talk id="20057" name=" " NextID="-1" headicon="NPC_08" NPCID="-1" monsterID="210501" Whether_role="-1" zuo_you="1" talk_type="1" talk="陵宫之地，擅入者死。" effectName="TalkBg" effectX="0" effectY="0" overX="0" overY="0" isForce="1"/>
<talk id="20058" name="#name#" NextID="-1" headicon="NPC_08" NPCID="-1" monsterID="-1" Whether_role="-1" zuo_you="1" talk_type="1" talk="来人止步，擅闯者杀无赦。" effectName="TalkBg" effectX="0" effectY="0" overX="0" overY="0" isForce="1"/>
<talk id="20059" name=" " NextID="-1" headicon="NPC_08" NPCID="-1" monsterID="210501" Whether_role="-1" zuo_you="1" talk_type="1" talk="陵宫之地，擅闯者杀无赦。" effectName="TalkBg" effectX="0" effectY="0" overX="0" overY="0" isForce="1"/>
<talk id="20060" name="#name#" NextID="-1" headicon="NPC_08" NPCID="-1" monsterID="-1" Whether_role="-1" zuo_you="1" talk_type="1" talk="陵宫之地，擅入者死。" effectName="TalkBg" effectX="0" effectY="0" overX="0" overY="0" isForce="1"/>
<talk id="20061" name=" " NextID="-1" headicon="NPC_08" NPCID="-1" monsterID="210503" Whether_role="-1" zuo_you="1" talk_type="1" talk="来人止步，擅闯者杀无赦。" effectName="TalkBg" effectX="0" effectY="0" overX="0" overY="0" isForce="1"/>
<talk id="20062" name="#name#" NextID="-1" headicon="NPC_08" NPCID="-1" monsterID="-1" Whether_role="-1" zuo_you="1" talk_type="1" talk="陵宫之地，擅闯者杀无赦。" effectName="TalkBg" effectX="0" effectY="0" overX="0" overY="0" isForce="1"/>
<talk id="20063" name=" " NextID="-1" headicon="NPC_08" NPCID="-1" monsterID="210503" Whether_role="-1" zuo_you="1" talk_type="1" talk="陵宫之地，擅入者死。" effectName="TalkBg" effectX="0" effectY="0" overX="0" overY="0" isForce="1"/>
<talk id="20064" name="#name#" NextID="-1" headicon="NPC_08" NPCID="-1" monsterID="-1" Whether_role="-1" zuo_you="1" talk_type="1" talk="来人止步，擅闯者杀无赦。" effectName="TalkBg" effectX="0" effectY="0" overX="0" overY="0" isForce="1"/>
<talk id="20065" name=" " NextID="-1" headicon="NPC_08" NPCID="-1" monsterID="210504" Whether_role="-1" zuo_you="1" talk_type="1" talk="陵宫之地，擅闯者杀无赦。" effectName="TalkBg" effectX="0" effectY="0" overX="0" overY="0" isForce="1"/>
<talk id="20066" name="#name#" NextID="-1" headicon="NPC_08" NPCID="-1" monsterID="-1" Whether_role="-1" zuo_you="1" talk_type="1" talk="陵宫之地，擅入者死。" effectName="TalkBg" effectX="0" effectY="0" overX="0" overY="0" isForce="1"/>
<talk id="20067" name=" " NextID="-1" headicon="NPC_08" NPCID="-1" monsterID="210504" Whether_role="-1" zuo_you="1" talk_type="1" talk="来人止步，擅闯者杀无赦。" effectName="TalkBg" effectX="0" effectY="0" overX="0" overY="0" isForce="1"/>
<talk id="20068" name="#name#" NextID="-1" headicon="NPC_08" NPCID="-1" monsterID="-1" Whether_role="-1" zuo_you="1" talk_type="1" talk="陵宫之地，擅闯者杀无赦。" effectName="TalkBg" effectX="0" effectY="0" overX="0" overY="0" isForce="1"/>
<talk id="20069" name="陵帝统帅" NextID="-1" headicon="NPC_08" NPCID="-1" monsterID="310500" Whether_role="-1" zuo_you="1" talk_type="1" talk="陵宫之地，擅入者死。" effectName="TalkBg" effectX="0" effectY="0" overX="0" overY="0" isForce="1"/>
<talk id="20070" name="#name#" NextID="-1" headicon="NPC_08" NPCID="-1" monsterID="-1" Whether_role="-1" zuo_you="1" talk_type="1" talk="来人止步，擅闯者杀无赦。" effectName="TalkBg" effectX="0" effectY="0" overX="0" overY="0" isForce="1"/>
<talk id="20071" name="陵帝统帅" NextID="-1" headicon="NPC_08" NPCID="-1" monsterID="310500" Whether_role="-1" zuo_you="1" talk_type="1" talk="陵宫之地，擅闯者杀无赦。" effectName="TalkBg" effectX="0" effectY="0" overX="0" overY="0" isForce="1"/>
<talk id="20072" name="#name#" NextID="-1" headicon="NPC_08" NPCID="-1" monsterID="-1" Whether_role="-1" zuo_you="1" talk_type="1" talk="陵宫之地，擅入者死。" effectName="TalkBg" effectX="0" effectY="0" overX="0" overY="0" isForce="1"/>
</root>