<root>
<talk_expression id="1" expression="1" position_x="-300" position_y="-156" flip="0"/>
<talk_expression id="2" expression="2" position_x="-300" position_y="-156" flip="0"/>
<talk_expression id="3" expression="3" position_x="-300" position_y="-156" flip="0"/>
<talk_expression id="4" expression="1" position_x="-300" position_y="-156" flip="0"/>
<talk_expression id="5" expression="1" position_x="40" position_y="-156" flip="1"/>
<talk_expression id="6" expression="3" position_x="40" position_y="-156" flip="1"/>
<talk_expression id="7" expression="3" position_x="-250" position_y="-156" flip="0"/>
<talk_expression id="8" expression="1" position_x="-225" position_y="-156" flip="0"/>
<talk_expression id="9" expression="3" position_x="40" position_y="-156" flip="1"/>
<talk_expression id="10" expression="2" position_x="40" position_y="-156" flip="1"/>
<talk_expression id="11" expression="3" position_x="40" position_y="-156" flip="1"/>
<talk_expression id="12" expression="1" position_x="-300" position_y="-156" flip="0"/>
<talk_expression id="13" expression="1" position_x="-150" position_y="-126" flip="0"/>
</root>