<root>
<Tips id="1" title="强化你所拥有的装备可以获得更高的攻击力"/>
<Tips id="2" title="强化装备和镶嵌宝石可以提升角色实力。"/>
<Tips id="3" title="参加活动可以获取更多的金钱和装备。"/>
<Tips id="4" title="装备品质分为白装、绿装、蓝装、紫装、橙装。"/>
<Tips id="5" title="提升VIP等级可以获得更多的收益。"/>
<Tips id="6" title="想要快速升级可以多做任务和活动。"/>
<Tips id="7" title="获得装备最有效的方法就是打副本杀BOSS。"/>
<Tips id="8" title="不同幻境可以产出神炼石和宝石。"/>
<Tips id="9" title="提高VIP等级可以增加每日体力购买次数。"/>
<Tips id="10" title="没有用的装备可以去熔炼炉熔炼增加自身属性。"/>
<Tips id="11" title="人物培养可使用神炼石来激发。"/>
<Tips id="12" title="获取不同宝石可在宝石合成界面合成高级宝石。"/>
<Tips id="13" title="每日必做完成后可获得丰厚的奖励，不要忘记哦！"/>
<Tips id="14" title="点石成金每天可点击10次哦！"/>
<Tips id="15" title="每日上线在签到中领取奖励。"/>
<Tips id="16" title="宝岛探索十连抽必有橙装掉落。"/>
<Tips id="17" title="领悟兵法需要消耗普通天书、高级天书、终极天书。"/>
<Tips id="18" title="荣誉勋章可在荣誉商店中使用，也可在竞技场兑换奖励。"/>
<Tips id="19" title="女神50级就可以见到了，快来升级吧！"/>
</root>