<root>
<UIeffect id="1" effectName="effect_basket_1_0" effectPlace="新图标提示" effectAltas="UIEffect" effectFrame="8" loop="1" scale="1"/>
<UIeffect id="2" effectName="yuan" effectPlace="小红点提示" effectAltas="RoleEffect" effectFrame="3" loop="1" scale="0.6"/>
<UIeffect id="3" effectName="UIEffect_009_" effectPlace="装备强化" effectAltas="UIEffect" effectFrame="8" loop="2" scale="1"/>
<UIeffect id="4" effectName="rune_" effectPlace="符文升级" effectAltas="UIEffect" effectFrame="8" loop="2" scale="1"/>
<UIeffect id="5" effectName="UIEffect_016_" effectPlace="技能升级" effectAltas="skillAltas" effectFrame="8" loop="2" scale="1"/>
<UIeffect id="6" effectName="1_000" effectPlace="点石成金特效" effectAltas="UIEffect" effectFrame="24" loop="2" scale="1.2"/>
<UIeffect id="7" effectName="r2_0000" effectPlace="任务完成" effectAltas="taskEffectAltas" effectFrame="8" loop="2" scale="1"/>
<UIeffect id="8" effectName="eff_edge_effect00_" effectPlace="天降特效" effectAltas="heavenAltas" effectFrame="10" loop="1" scale="1"/>
<UIeffect id="9" effectName="tg_0000" effectPlace="通关奖励" effectAltas="clearanceAltas" effectFrame="8" loop="2" scale="1.9"/>
<UIeffect id="10" effectName="_0000" effectPlace="技能升级" effectAltas="skillAltas" effectFrame="8" loop="2" scale="1"/>
<UIeffect id="11" effectName="tfexp_up_000" effectPlace="兵法经验增加特效" effectAltas="talentEffect" effectFrame="8" loop="2" scale="1"/>
<UIeffect id="12" effectName="tfkuang_000" effectPlace="兵法领悟特效" effectAltas="talentEffect" effectFrame="8" loop="2" scale="1"/>
<UIeffect id="13" effectName="tfqiu_000" effectPlace="兵法光球" effectAltas="talentEffect" effectFrame="8" loop="1" scale="1"/>
<UIeffect id="14" effectName="lh_act" effectPlace="装备炼化" effectAltas="talentEffect" effectFrame="24" loop="1" scale="1"/>
<UIeffect id="15" effectName="Effect_rwl_" effectPlace="任务框" effectAltas="RoleEffect" effectFrame="12" loop="1" scale="1"/>
<UIeffect id="16" effectName="Effect_gq_" effectPlace="新功能开启" effectAltas="DirectEffect" effectFrame="9" loop="1" scale="1"/>
<UIeffect id="17" effectName="Effect_xzk_" effectPlace="选择框特效" effectAltas="DirectEffect" effectFrame="22" loop="1" scale="1"/>
<UIeffect id="18" effectName="zhiyin_dj_" effectPlace="新手引导指引" effectAltas="DirectEffect" effectFrame="8" loop="1" scale="1"/>
<UIeffect id="19" effectName="lr_0000" effectPlace="装备熔炼" effectAltas="stoveEffect" effectFrame="10" loop="2" scale="1"/>
<UIeffect id="20" effectName="yc_000" effectPlace="属性培养" effectAltas="stoveEffect" effectFrame="15" loop="2" scale="1"/>
<UIeffect id="21" effectName="rr_00006_0000" effectPlace="宝石镶嵌属性" effectAltas="gemEffect" effectFrame="5" loop="2" scale="1"/>
<UIeffect id="22" effectName="k_0000" effectPlace="合成选中框" effectAltas="gemComposeEffect" effectFrame="5" loop="1" scale="1"/>
<UIeffect id="23" effectName="sj_0000" effectPlace="合成升级" effectAltas="gemComposeEffect" effectFrame="9" loop="2" scale="1"/>
<UIeffect id="24" effectName="qh_0000" effectPlace="新装备强化" effectAltas="equipStrengEffect" effectFrame="12" loop="2" scale="1"/>
<UIeffect id="25" effectName="sj_0000" effectPlace="武将升级" effectAltas="petLevelUpEffect" effectFrame="7" loop="2" scale="1"/>
</root>