<root>
<vip id="0" vip="0" gold="0" sweep="0" rmb_gold="10" buystrong="1" train="0" strong="20" bag_max="36" tensweep="0" monster="1" guard="1" openstore="0" partexp="0" partgold="0" huanjing="0"/>
<vip id="1" vip="1" gold="60" sweep="1" rmb_gold="3" buystrong="0" train="0" strong="0" bag_max="0" tensweep="0" monster="0" guard="0" openstore="0" partexp="0" partgold="0" huanjing="0"/>
<vip id="2" vip="2" gold="300" sweep="1" rmb_gold="4" buystrong="1" train="0" strong="0" bag_max="4" tensweep="0" monster="0" guard="0" openstore="0" partexp="0" partgold="0" huanjing="0"/>
<vip id="3" vip="3" gold="500" sweep="1" rmb_gold="5" buystrong="2" train="0" strong="0" bag_max="4" tensweep="0" monster="0" guard="0" openstore="0" partexp="0" partgold="0" huanjing="0"/>
<vip id="4" vip="4" gold="1000" sweep="1" rmb_gold="6" buystrong="3" train="4" strong="5" bag_max="4" tensweep="0" monster="0" guard="0" openstore="0" partexp="0" partgold="0" huanjing="0"/>
<vip id="5" vip="5" gold="2000" sweep="1" rmb_gold="7" buystrong="4" train="4" strong="5" bag_max="8" tensweep="0" monster="0" guard="0" openstore="0" partexp="0" partgold="0" huanjing="0"/>
<vip id="6" vip="6" gold="3000" sweep="1" rmb_gold="8" buystrong="5" train="4" strong="10" bag_max="8" tensweep="0" monster="0" guard="0" openstore="0" partexp="0" partgold="0" huanjing="0"/>
<vip id="7" vip="7" gold="5000" sweep="1" rmb_gold="9" buystrong="6" train="8" strong="10" bag_max="8" tensweep="1" monster="0" guard="0" openstore="0" partexp="0" partgold="0" huanjing="0"/>
<vip id="8" vip="8" gold="7000" sweep="1" rmb_gold="10" buystrong="7" train="8" strong="15" bag_max="8" tensweep="1" monster="0" guard="0" openstore="-1" partexp="0" partgold="0" huanjing="0"/>
<vip id="9" vip="9" gold="10000" sweep="1" rmb_gold="11" buystrong="8" train="8" strong="15" bag_max="8" tensweep="1" monster="1" guard="0" openstore="-1" partexp="0" partgold="0" huanjing="0"/>
<vip id="10" vip="10" gold="15000" sweep="1" rmb_gold="12" buystrong="9" train="12" strong="20" bag_max="12" tensweep="1" monster="1" guard="1" openstore="-1" partexp="0" partgold="0" huanjing="0"/>
<vip id="11" vip="11" gold="20000" sweep="1" rmb_gold="13" buystrong="10" train="12" strong="20" bag_max="12" tensweep="1" monster="1" guard="1" openstore="-1" partexp="0.1" partgold="0.1" huanjing="0"/>
<vip id="12" vip="12" gold="30000" sweep="1" rmb_gold="14" buystrong="11" train="12" strong="25" bag_max="12" tensweep="1" monster="1" guard="1" openstore="-1" partexp="0.1" partgold="0.1" huanjing="0"/>
<vip id="13" vip="13" gold="40000" sweep="1" rmb_gold="15" buystrong="12" train="16" strong="25" bag_max="12" tensweep="1" monster="1" guard="1" openstore="-1" partexp="0.3" partgold="0.3" huanjing="0"/>
<vip id="14" vip="14" gold="80000" sweep="1" rmb_gold="16" buystrong="13" train="16" strong="30" bag_max="12" tensweep="1" monster="2" guard="1" openstore="-1" partexp="0.3" partgold="0.3" huanjing="0"/>
<vip id="15" vip="15" gold="150000" sweep="1" rmb_gold="17" buystrong="14" train="16" strong="30" bag_max="12" tensweep="1" monster="2" guard="1" openstore="-1" partexp="0.3" partgold="0.3" huanjing="0"/>
</root>