<root>
<vip_id id="1" name="副本扫荡" icon="VIP01" open_level="1" description="副本扫荡功能开启" gold="100" unit="开启"/>
<vip_id id="2" name="点金手" icon="VIP03" open_level="1" description="每天点金次数上限增加次数" gold="100" unit="次"/>
<vip_id id="3" name="购买体力" icon="VIP02" open_level="2" description="每天可购买体力上限增加次数" gold="300" unit="次"/>
<vip_id id="4" name="背包上限" icon="VIP06" open_level="2" description="增加背包上限" gold="300" unit="个"/>
<vip_id id="5" name="人物培养" icon="VIP04" open_level="4" description="每天花费钻石培养次数" gold="1000" unit="次"/>
<vip_id id="6" name="强化点" icon="VIP05" open_level="4" description="强化点储存上限增加点数" gold="1000" unit="点"/>
<vip_id id="7" name="龙穴探索" icon="VIP10" open_level="7" description="开启黑匣抽奖功能" gold="5000" unit="开启"/>
<vip_id id="8" name="伏魔塔" icon="VIP09" open_level="9" description="每天伏魔塔挑战次数增加次数" gold="10000" unit="次"/>
<vip_id id="9" name="守护女神" icon="VIP08" open_level="10" description="每天守护女神活动增加次数" gold="15000" unit="次"/>
<vip_id id="10" name="黑市商人" icon="VIP07" open_level="11" description="黑市商店开启" gold="20000" unit="开启"/>
<vip_id id="11" name="经验加成" icon="VIP11" open_level="11" description="通关副本经验加成" gold="20000" unit="%"/>
<vip_id id="12" name="金钱加成" icon="VIP12" open_level="11" description="通关副本金钱加成" gold="20000" unit="%"/>
</root>