<root>
	<vip id="1" vip="1" type="1" item="204009:1,101001:5" costgold="100" />
	<vip id="2" vip="2" type="1" item="104001:1,101001:5" costgold="100" />
	<vip id="3" vip="3" type="1" item="104002:1,101001:5" costgold="100" />
	<vip id="4" vip="4" type="1" item="104003:1,101001:5" costgold="100" />
	<vip id="5" vip="5" type="1" item="104004:1,101001:5" costgold="100" />
	<vip id="6" vip="6" type="1" item="104005:1,101001:5" costgold="100" />
	<vip id="7" vip="7" type="1" item="102011:1,101001:5" costgold="100" />
	<vip id="8" vip="8" type="1" item="102011:1,101001:5" costgold="100" />
	<vip id="9" vip="9" type="1" item="102011:1,101001:5" costgold="100" />
	<vip id="10" vip="10" type="1" item="102011:1,101001:5" costgold="100" />
	<vip id="11" vip="11" type="1" item="102011:1,101001:5" costgold="100" />
	<vip id="12" vip="12" type="1" item="102011:1,101001:5" costgold="100" />
	<vip id="13" vip="13" type="1" item="102011:1,101001:5" costgold="100" />
	<vip id="14" vip="14" type="1" item="102011:1,101001:5" costgold="100" />
	<vip id="15" vip="15" type="1" item="102011:1,101001:5" costgold="100" />
	<vip id="16" vip="1" type="2" item="102011:1,101001:5" costgold="0" />
	<vip id="17" vip="2" type="2" item="102011:1,101001:5" costgold="0" />
	<vip id="18" vip="3" type="2" item="102011:1,101001:5" costgold="0" />
	<vip id="19" vip="4" type="2" item="102011:1,101001:5" costgold="0" />
	<vip id="20" vip="5" type="2" item="102011:1,101001:5" costgold="0" />
	<vip id="21" vip="6" type="2" item="102011:1,101001:5" costgold="0" />
	<vip id="22" vip="7" type="2" item="102011:1,101001:5" costgold="0" />
	<vip id="23" vip="8" type="2" item="102011:1,101001:5" costgold="0" />
	<vip id="24" vip="9" type="2" item="102011:1,101001:5" costgold="0" />
	<vip id="25" vip="10" type="2" item="102011:1,101001:5" costgold="0" />
	<vip id="26" vip="11" type="2" item="102011:1,101001:5" costgold="0" />
	<vip id="27" vip="12" type="2" item="102011:1,101001:5" costgold="0" />
	<vip id="28" vip="13" type="2" item="102011:1,101001:5" costgold="0" />
	<vip id="29" vip="14" type="2" item="102011:1,101001:5" costgold="0" />
	<vip id="30" vip="15" type="2" item="102011:1,101001:5" costgold="0" />
</root>