<root>
<xiulian id="1" level="1" describe="最终攻击力 +1%" type="1" param="ATK_PER" value="1" up_money="50000" up_contribute="25" success="100"/>
<xiulian id="2" level="2" describe="最终攻击力 +2%" type="1" param="ATK_PER" value="2" up_money="57000" up_contribute="27" success="100"/>
<xiulian id="3" level="3" describe="最终攻击力 +3%" type="1" param="ATK_PER" value="3" up_money="64280" up_contribute="30" success="100"/>
<xiulian id="4" level="4" describe="最终攻击力 +4%" type="1" param="ATK_PER" value="4" up_money="71851" up_contribute="34" success="97"/>
<xiulian id="5" level="5" describe="最终攻击力 +5%" type="1" param="ATK_PER" value="5" up_money="79725" up_contribute="39" success="87"/>
<xiulian id="6" level="6" describe="最终攻击力 +6%" type="1" param="ATK_PER" value="6" up_money="87914" up_contribute="45" success="77"/>
<xiulian id="7" level="7" describe="最终攻击力 +7%" type="1" param="ATK_PER" value="7" up_money="96431" up_contribute="52" success="67"/>
<xiulian id="8" level="8" describe="最终攻击力 +8%" type="1" param="ATK_PER" value="8" up_money="105288" up_contribute="60" success="58"/>
<xiulian id="9" level="9" describe="最终攻击力 +9%" type="1" param="ATK_PER" value="9" up_money="114500" up_contribute="69" success="46"/>
<xiulian id="10" level="10" describe="最终攻击力 +10%" type="1" param="ATK_PER" value="10" up_money="124080" up_contribute="79" success="40"/>
<xiulian id="11" level="11" describe="最终攻击力 +11%" type="1" param="ATK_PER" value="11" up_money="134043" up_contribute="90" success="35"/>
<xiulian id="12" level="12" describe="最终攻击力 +12%" type="1" param="ATK_PER" value="12" up_money="144404" up_contribute="102" success="30"/>
<xiulian id="13" level="13" describe="最终攻击力 +13%" type="1" param="ATK_PER" value="13" up_money="155181" up_contribute="115" success="25"/>
<xiulian id="14" level="14" describe="最终攻击力 +14%" type="1" param="ATK_PER" value="14" up_money="166388" up_contribute="129" success="22"/>
<xiulian id="15" level="15" describe="最终攻击力 +15%" type="1" param="ATK_PER" value="15" up_money="178043" up_contribute="144" success="19"/>
<xiulian id="16" level="16" describe="最终攻击力 +16%" type="1" param="ATK_PER" value="16" up_money="190165" up_contribute="160" success="16"/>
<xiulian id="17" level="17" describe="最终攻击力 +17%" type="1" param="ATK_PER" value="17" up_money="202772" up_contribute="177" success="13"/>
<xiulian id="18" level="18" describe="最终攻击力 +18%" type="1" param="ATK_PER" value="18" up_money="215883" up_contribute="195" success="10"/>
<xiulian id="19" level="19" describe="最终攻击力 +19%" type="1" param="ATK_PER" value="19" up_money="229518" up_contribute="214" success="7"/>
<xiulian id="20" level="20" describe="最终攻击力 +20%" type="1" param="ATK_PER" value="20" up_money="243699" up_contribute="234" success="4"/>
<xiulian id="21" level="1" describe="最终防御力 +1%" type="2" param="DEF_PER" value="1" up_money="50000" up_contribute="25" success="100"/>
<xiulian id="22" level="2" describe="最终防御力 +2%" type="2" param="DEF_PER" value="2" up_money="57000" up_contribute="27" success="100"/>
<xiulian id="23" level="3" describe="最终防御力 +3%" type="2" param="DEF_PER" value="3" up_money="64280" up_contribute="30" success="100"/>
<xiulian id="24" level="4" describe="最终防御力 +4%" type="2" param="DEF_PER" value="4" up_money="71851" up_contribute="34" success="97"/>
<xiulian id="25" level="5" describe="最终防御力 +5%" type="2" param="DEF_PER" value="5" up_money="79725" up_contribute="39" success="87"/>
<xiulian id="26" level="6" describe="最终防御力 +6%" type="2" param="DEF_PER" value="6" up_money="87914" up_contribute="45" success="77"/>
<xiulian id="27" level="7" describe="最终防御力 +7%" type="2" param="DEF_PER" value="7" up_money="96431" up_contribute="52" success="67"/>
<xiulian id="28" level="8" describe="最终防御力 +8%" type="2" param="DEF_PER" value="8" up_money="105288" up_contribute="60" success="58"/>
<xiulian id="29" level="9" describe="最终防御力 +9%" type="2" param="DEF_PER" value="9" up_money="114500" up_contribute="69" success="46"/>
<xiulian id="30" level="10" describe="最终防御力 +10%" type="2" param="DEF_PER" value="10" up_money="124080" up_contribute="79" success="40"/>
<xiulian id="31" level="11" describe="最终防御力 +11%" type="2" param="DEF_PER" value="11" up_money="134043" up_contribute="90" success="35"/>
<xiulian id="32" level="12" describe="最终防御力 +12%" type="2" param="DEF_PER" value="12" up_money="144404" up_contribute="102" success="30"/>
<xiulian id="33" level="13" describe="最终防御力 +13%" type="2" param="DEF_PER" value="13" up_money="155181" up_contribute="115" success="25"/>
<xiulian id="34" level="14" describe="最终防御力 +14%" type="2" param="DEF_PER" value="14" up_money="166388" up_contribute="129" success="22"/>
<xiulian id="35" level="15" describe="最终防御力 +15%" type="2" param="DEF_PER" value="15" up_money="178043" up_contribute="144" success="19"/>
<xiulian id="36" level="16" describe="最终防御力 +16%" type="2" param="DEF_PER" value="16" up_money="190165" up_contribute="160" success="16"/>
<xiulian id="37" level="17" describe="最终防御力 +17%" type="2" param="DEF_PER" value="17" up_money="202772" up_contribute="177" success="13"/>
<xiulian id="38" level="18" describe="最终防御力 +18%" type="2" param="DEF_PER" value="18" up_money="215883" up_contribute="195" success="10"/>
<xiulian id="39" level="19" describe="最终防御力 +19%" type="2" param="DEF_PER" value="19" up_money="229518" up_contribute="214" success="7"/>
<xiulian id="40" level="20" describe="最终防御力 +20%" type="2" param="DEF_PER" value="20" up_money="243699" up_contribute="234" success="4"/>
<xiulian id="41" level="1" describe="最大生命值 +1%" type="3" param="HP_PER" value="1" up_money="50000" up_contribute="25" success="100"/>
<xiulian id="42" level="2" describe="最大生命值 +2%" type="3" param="HP_PER" value="2" up_money="57000" up_contribute="27" success="100"/>
<xiulian id="43" level="3" describe="最大生命值 +3%" type="3" param="HP_PER" value="3" up_money="64280" up_contribute="30" success="100"/>
<xiulian id="44" level="4" describe="最大生命值 +4%" type="3" param="HP_PER" value="4" up_money="71851" up_contribute="34" success="97"/>
<xiulian id="45" level="5" describe="最大生命值 +5%" type="3" param="HP_PER" value="5" up_money="79725" up_contribute="39" success="87"/>
<xiulian id="46" level="6" describe="最大生命值 +6%" type="3" param="HP_PER" value="6" up_money="87914" up_contribute="45" success="77"/>
<xiulian id="47" level="7" describe="最大生命值 +7%" type="3" param="HP_PER" value="7" up_money="96431" up_contribute="52" success="67"/>
<xiulian id="48" level="8" describe="最大生命值 +8%" type="3" param="HP_PER" value="8" up_money="105288" up_contribute="60" success="58"/>
<xiulian id="49" level="9" describe="最大生命值 +9%" type="3" param="HP_PER" value="9" up_money="114500" up_contribute="69" success="46"/>
<xiulian id="50" level="10" describe="最大生命值 +10%" type="3" param="HP_PER" value="10" up_money="124080" up_contribute="79" success="40"/>
<xiulian id="51" level="11" describe="最大生命值 +11%" type="3" param="HP_PER" value="11" up_money="134043" up_contribute="90" success="35"/>
<xiulian id="52" level="12" describe="最大生命值 +12%" type="3" param="HP_PER" value="12" up_money="144404" up_contribute="102" success="30"/>
<xiulian id="53" level="13" describe="最大生命值 +13%" type="3" param="HP_PER" value="13" up_money="155181" up_contribute="115" success="25"/>
<xiulian id="54" level="14" describe="最大生命值 +14%" type="3" param="HP_PER" value="14" up_money="166388" up_contribute="129" success="22"/>
<xiulian id="55" level="15" describe="最大生命值 +15%" type="3" param="HP_PER" value="15" up_money="178043" up_contribute="144" success="19"/>
<xiulian id="56" level="16" describe="最大生命值 +16%" type="3" param="HP_PER" value="16" up_money="190165" up_contribute="160" success="16"/>
<xiulian id="57" level="17" describe="最大生命值 +17%" type="3" param="HP_PER" value="17" up_money="202772" up_contribute="177" success="13"/>
<xiulian id="58" level="18" describe="最大生命值 +18%" type="3" param="HP_PER" value="18" up_money="215883" up_contribute="195" success="10"/>
<xiulian id="59" level="19" describe="最大生命值 +19%" type="3" param="HP_PER" value="19" up_money="229518" up_contribute="214" success="7"/>
<xiulian id="60" level="20" describe="最大生命值 +20%" type="3" param="HP_PER" value="20" up_money="243699" up_contribute="234" success="4"/>
<xiulian id="61" level="1" describe="无视防御力 +0.5%" type="4" param="REDUCE_DEF_PER" value="0.5" up_money="50000" up_contribute="25" success="100"/>
<xiulian id="62" level="2" describe="无视防御力 +1%" type="4" param="REDUCE_DEF_PER" value="1" up_money="57000" up_contribute="27" success="100"/>
<xiulian id="63" level="3" describe="无视防御力 +1.5%" type="4" param="REDUCE_DEF_PER" value="1.5" up_money="64280" up_contribute="30" success="100"/>
<xiulian id="64" level="4" describe="无视防御力 +2%" type="4" param="REDUCE_DEF_PER" value="2" up_money="71851" up_contribute="34" success="97"/>
<xiulian id="65" level="5" describe="无视防御力 +2.5%" type="4" param="REDUCE_DEF_PER" value="2.5" up_money="79725" up_contribute="39" success="87"/>
<xiulian id="66" level="6" describe="无视防御力+3%" type="4" param="REDUCE_DEF_PER" value="3" up_money="87914" up_contribute="45" success="77"/>
<xiulian id="67" level="7" describe="无视防御力 +3.5%" type="4" param="REDUCE_DEF_PER" value="3.5" up_money="96431" up_contribute="52" success="67"/>
<xiulian id="68" level="8" describe="无视防御力 +4%" type="4" param="REDUCE_DEF_PER" value="4" up_money="105288" up_contribute="60" success="58"/>
<xiulian id="69" level="9" describe="无视防御力 +4.5%" type="4" param="REDUCE_DEF_PER" value="4.5" up_money="114500" up_contribute="69" success="46"/>
<xiulian id="70" level="10" describe="无视防御力 +5%" type="4" param="REDUCE_DEF_PER" value="5" up_money="124080" up_contribute="79" success="40"/>
<xiulian id="71" level="11" describe="无视防御力 +5.5%" type="4" param="REDUCE_DEF_PER" value="5.5" up_money="134043" up_contribute="90" success="35"/>
<xiulian id="72" level="12" describe="无视防御力 +6%" type="4" param="REDUCE_DEF_PER" value="6" up_money="144404" up_contribute="102" success="30"/>
<xiulian id="73" level="13" describe="无视防御力 +6.5%" type="4" param="REDUCE_DEF_PER" value="6.5" up_money="155181" up_contribute="115" success="25"/>
<xiulian id="74" level="14" describe="无视防御力 +7%" type="4" param="REDUCE_DEF_PER" value="7" up_money="166388" up_contribute="129" success="22"/>
<xiulian id="75" level="15" describe="无视防御力 +7.5%" type="4" param="REDUCE_DEF_PER" value="7.5" up_money="178043" up_contribute="144" success="19"/>
<xiulian id="76" level="16" describe="无视防御力 +8%" type="4" param="REDUCE_DEF_PER" value="8" up_money="190165" up_contribute="160" success="16"/>
<xiulian id="77" level="17" describe="无视防御力 +8.5%" type="4" param="REDUCE_DEF_PER" value="8.5" up_money="202772" up_contribute="177" success="13"/>
<xiulian id="78" level="18" describe="无视防御力 +9%" type="4" param="REDUCE_DEF_PER" value="9" up_money="215883" up_contribute="195" success="10"/>
<xiulian id="79" level="19" describe="无视防御力 +9.5%" type="4" param="REDUCE_DEF_PER" value="9.5" up_money="229518" up_contribute="214" success="7"/>
<xiulian id="80" level="20" describe="无视防御力 +10%" type="4" param="REDUCE_DEF_PER" value="10" up_money="243699" up_contribute="234" success="4"/>
</root>